tree
version=v4
num_class=1
num_tree_per_iteration=1
label_index=0
max_feature_idx=59
objective=lambdarank
feature_names=pop_score pop_rank aff_lift_max aff_conf_sum aff_n_support cataff_lift_max cataff_conf_max hist_rank als_score als_rank src_pop src_aff src_cataff src_hist src_als n_sources hist_n_baskets hist_units hist_days_since hist_ever_bought cat_n_purchase_days cat_days_since cat_expected_days cat_overdue_ratio cat_due cat_freq_rank cat_freq_share cat_due_rank prod_pop_all prod_pop_recent prod_seasonal_index prod_month_rank unit_price pack_size typical_repurchase_days is_private_label is_perishable department_idx category_idx prefix_size basket_month basket_dow channel_idx is_known_customer cust_frequency cust_recency_days cust_avg_ticket cust_n_products household_size_est loyalty_idx is_on_promo promo_discount has_session sess_viewed sess_n_views sess_secs_since_view sess_n_events_before cat_in_cart dept_n_in_cart dept_share_in_cart
feature_infos=[80.698997497558594:18748.2890625] [1:461] [1.5541000366210938:30.174699783325195] [0.00076000002445653081:0.48990899324417114] [1:15] [1.3775999546051025:21.261100769042969] [0.018114000558853149:0.69068801403045654] [1:120] [0:1.9441038370132446] [1:80] [0:1] [0:1] [0:1] [0:1] [0:1] [1:5] [0:151] [0:233] [1:655] [0:1] [0:209] [1:655] [2:637] [0.0017574692610651255:140] [0:1] [1:54] [0:1] [1:55] [94:103000] [11:17205] [0.36250001192092896:2.2862000465393066] [1:496] [0.62000000476837158:24.879999160766602] [1:12] [4:330] [0:1] [0:1] -1:5:3:1:2:6:4:0:7 -1:48:57:21:37:22:28:51:30:60:2:9:23:47:26:45:61:39:13:12:40:43:50:0:49:58:35:4:18:6:25:52:5:53:15:59:8:46:10:20:24:32:55:56:1:7:41:42:3:33:19:11:29:14:36:27:34:54:17:38:44:31 [0:26] -1:9:10 -1:6:7:5:4:2:3:1 -1:2:0:1 [0:1] [0:464] [1:617] [0.99000000953674316:347.55999755859375] [0:393] [1:6] -1:0:1:2:3 [0:1] [0:3] [0:1] [0:1] [0:1] [0:864] [0:52] [0:1] [0:11] [0:1]
tree_sizes=7162 7192 7177 7151 7145 7153 7152 7177 7094 7161 7171 7179 7191 7171 7149 7160 7169 7195 7163 7171 7120 7116 7163 7185 7148 7211 7172 7214 7213 7189 7135 7235 7198 7203 7116 7251 7241 7183 7233 7226 7230 7196 7240 7234 7253 7225 7198 7227 7216 7155 7108 7152 7130 7230 7147 7206 7201 7210 7227 7193 7237 7232 7183 7206 7173 7180 7162 7171 7120 7149 7145 7173 7212 7145 7195 7127 7179 7161 7140 7155 7093 7185 7178 7138 7117 7161 7101 7237 7223 7080 7171 7110 7184 7122 7105 7149 7099 7185 7145 7079 7134 7053 7182 7212 7067 7074 7145 7147 7069 7112 7043 7165 7028 7105 7157 7142 7095 7062 7167

Tree=0
num_leaves=63
num_cat=7
split_feature=38 7 23 57 23 27 7 38 38 34 23 57 34 3 43 58 38 26 38 45 34 58 23 21 23 44 21 27 39 34 31 38 21 45 7 34 57 21 38 27 7 5 7 27 39 23 39 23 21 47 45 34 59 34 21 0 58 39 7 26 34 45
split_gain=6325.58 1814 1721.5 1145.83 1017.09 634.146 566.39 500.19 310.986 289.406 283.35 259.314 178.526 165.5 159.822 138.784 138.568 127.264 123.617 120.613 120.013 104.796 93.8895 91.9395 87.6917 161.707 94.0118 73.6787 64.6866 59.9336 59.6481 58.0364 56.3237 55.1301 53.6217 66.068 51.747 50.5972 48.2084 47.2281 45.8027 44.9518 44.875 42.2855 36.3556 38.2069 33.2418 31.8704 30.7101 30.3644 29.79 29.2049 27.3767 26.9547 26.3647 26.2161 25.5282 25.3867 25.1691 25.1079 24.7664 23.9138
threshold=0 50.500000000000007 0.36370794475078588 1.0000000180025095e-35 0.16198525577783587 4.5000000000000009 41.500000000000007 1 2 5.5000000000000009 0.16198525577783587 1.0000000180025095e-35 5.5000000000000009 0.018335499800741676 1.0000000180025095e-35 2.5000000000000004 3 0.33398950099945074 4 5.5000000000000009 5.5000000000000009 2.5000000000000004 0.18719605356454852 7.5000000000000009 0.3877734243869782 2.5000000000000004 8.5000000000000018 2.5000000000000004 6.5000000000000009 57.500000000000007 259.50000000000006 5 5.5000000000000009 5.5000000000000009 20.500000000000004 5.5000000000000009 1.0000000180025095e-35 3.5000000000000004 6 10.500000000000002 12.500000000000002 3.2683500051498418 75.500000000000014 9.5000000000000018 6.5000000000000009 0.079399775713682189 6.5000000000000009 0.47845858335495001 3.5000000000000004 76.500000000000014 3.5000000000000004 20.500000000000004 0.42582418024539953 5.5000000000000009 3.5000000000000004 9150.2431640625018 1.0000000180025095e-35 1.0000000180025095e-35 103.50000000000001 0.25720214843750006 7.0000000000000009 12.500000000000002
decision_type=9 8 10 2 8 8 8 9 9 2 8 2 2 10 2 2 9 2 9 10 2 2 10 10 10 2 10 10 2 2 2 9 10 10 8 2 2 10 9 10 10 10 8 10 2 10 2 10 10 2 10 2 2 2 10 10 2 2 8 2 2 10
left_child=1 10 14 4 20 9 18 28 29 -6 37 17 -7 19 38 27 -13 40 56 43 54 24 30 44 25 55 -27 48 -5 -8 49 -21 47 -20 -19 -36 -15 53 -2 50 -12 57 -24 -10 45 -22 -18 -29 -11 61 -26 -44 -40 -1 -3 -14 -4 -33 -45 -52 -39 -16
right_child=2 3 6 7 5 12 8 -9 13 15 11 16 21 36 22 -17 46 34 33 31 23 -23 42 -25 39 26 -28 32 -30 -31 -32 41 -34 -35 35 -37 -38 60 52 -41 -42 -43 51 58 -46 -47 -48 -49 -50 -51 59 -53 -54 -55 -56 -57 -58 -59 -60 -61 -62 -63
leaf_value=0.014395037020879416 -0.065145311859379801 -0.015938255363477434 0.024807008966335795 0.028820206540020599 0.057513902132117926 0.031992208866027917 -0.044253282670730643 -0.095390125112402413 0.0095882357171612059 -0.0016841675681094634 0.049935746178622786 -0.078787709050848614 0.0041225688492531774 0.040964102040134634 -0.050463618431154537 0.057317025349991647 0.037284979255901803 0.063646394287127275 0.016771243896168304 -0.01239110730770804 -0.073808082886136175 0.0297596189491416 -0.033044670824100675 -0.011103906990352585 0.020191700276911195 -0.042057749431173429 -0.0082325192631907459 -0.039402880671004371 -0.039947742656708182 -0.073494631640257019 -0.087744770249076398 -0.045052133391940377 0.015052037666604873 -0.014438580891823385 0.063727696610160645 0.035627389991519876 -0.064040117129254434 0.035426454710412988 -0.026310369722533429 -0.015126758503930355 0.032027516397471652 0.012593823571827293 -0.044769060148256698 -0.0012001927060952778 -0.016116621171472674 -0.047105883094038827 -0.03287509677819158 0.030458002624096564 0.028258351791050407 -0.078070680351780816 -0.0034528931194318341 -0.072636737230444851 0.031561100520526762 -0.035170725167988935 0.032838098105501062 0.043251631848839955 0.055521523775122532 -0.029438817593292255 -0.022888528494995196 0.01051684965664844 -0.006548239478930365 -0.069616242456699964
leaf_weight=36.015935866365908 88.457462613092503 53.711258147013723 484.20241536051617 122.7878821969789 757.92711085525661 442.56300890567218 379.22366789863736 362.91170633224101 247.38202220220046 89.23952904419275 640.39250634621567 45.804472456919029 506.0497475178563 132.65225489258592 278.17247472706367 284.80295422030031 71.85244118358969 1680.7563275738794 216.18471902055899 353.66006595583167 254.87369133878383 245.9747267478815 191.29619382350938 143.73774743074318 312.69336398273299 473.64981705285027 363.19335142728232 75.109750963230908 46.288284601025225 337.86312876402371 715.40887307553203 686.18435242410487 1380.7008987062363 405.12848185760959 378.96887984730711 479.09027282126772 11.972385526736614 87.959020670736209 237.70458608913759 302.89684910689539 830.01442719472107 43.373251082288334 155.73731471376232 209.31493727800262 54.059559827132034 302.86797592403309 21.128104957904725 19.981725414807443 2056.0783493976123 600.48553545384493 694.46875770135375 268.02017013839941 21.512283543139347 108.10068670002511 55.257882717836765 45.796611481171567 78.832078696665121 434.57100823500514 370.20065816376882 597.5467507201538 57.640496918713325 458.05685232840187
leaf_count=4473 19862 9470 54517 11622 55804 50970 89375 14577 41149 1274 23406 1112 23884 17247 59171 5026 5823 37809 33089 55893 17240 9148 36117 9800 18588 40591 27827 2418 5966 93953 194111 126089 52907 67294 24368 12689 3041 2914 37702 28660 51478 7054 33627 38022 2259 15666 2680 450 42282 156476 54016 68115 2747 5203 6136 718 7046 100223 81038 30475 4473 92607
internal_value=0 0.0193212 -0.0374531 0.00757126 0.0115671 0.016737 -0.017521 -0.0637706 -0.0284328 0.0292498 0.045954 0.0492922 0.00208849 -0.0197833 -0.0665903 0.0237519 -0.0177891 0.0516182 0.0120196 -0.0230673 -0.0401136 -0.00165559 -0.0707515 -0.0471807 -0.00400816 -0.0135617 -0.0274048 0.0210969 0.00932123 -0.0573156 -0.0759162 -0.031434 0.0124849 -0.00351323 0.0584124 0.0480979 0.0318915 -0.00184645 -0.0345568 0.00295005 0.0398556 -0.0367815 -0.0534241 -0.0076907 -0.0556247 -0.0594184 0.019127 -0.0245587 0.0270126 -0.0695247 0.00636943 -0.0625245 -0.0206127 -0.02277 0.00886976 0.00744217 0.0286896 -0.0390297 -0.0150705 0.00301114 0.018878 -0.062458
internal_weight=0 14482.9 7405.6 10045.2 9513.18 8648.67 4390.75 531.988 3206.4 4663.84 4437.72 4148.01 3984.83 2489.31 3014.85 3905.91 138.785 4009.22 1184.35 2344.69 864.508 3542.27 2667.18 755.539 3296.3 1388.69 836.843 3621.11 169.076 717.087 2052.12 1517.79 1475.79 621.313 2538.82 858.059 144.625 289.716 347.674 1907.61 1470.41 1164.13 615.054 826.898 611.801 557.742 92.9805 95.0915 2145.32 1336.71 1604.71 423.757 259.217 144.117 108.969 551.846 563.034 1120.76 579.516 1292.02 145.6 736.229
internal_count=2229767 714202 1515565 537774 505609 445038 815030 32165 653084 160161 176428 159365 284877 469756 700535 104357 9615 149750 161946 449468 60571 233907 640224 44965 224759 93020 68418 99331 17588 183328 502365 289259 55775 100383 74866 37057 20288 17063 60311 131739 74884 233366 137859 160209 35165 32906 8503 2868 43556 308254 103079 101742 40449 9676 15606 24602 61563 226312 119060 84491 7387 151778
cat_boundaries=0 2 4 6 8 10 12 14
cat_threshold=1348468740 302612512 6291456 34111520 33560688 93470729 1342177280 268435456 2702467456 543167426 2147491968 138418368 2248280136 93474889
is_linear=0
shrinkage=0.05


Tree=1
num_leaves=63
num_cat=11
split_feature=38 13 38 23 38 13 23 16 43 38 3 17 23 38 38 3 38 47 5 27 47 27 44 29 50 16 1 27 27 38 27 27 38 17 47 23 58 57 1 31 39 28 59 5 23 23 28 44 3 34 23 57 25 16 23 38 5 57 57 38 47 59
split_gain=8896.66 3255.29 1525.16 1456.73 794.117 608.212 490.682 439.46 375.964 371.927 348.326 224.44 216.864 202.772 183.431 192.12 172.158 171.879 145.581 131.603 125.082 260.885 117.122 111.285 100.013 98.2914 88.2954 86.4794 84.4938 83.2747 68.2532 66.5676 66.5005 64.6436 70.2635 65.4222 60.5779 80.0195 58.323 56.0154 53.4723 53.3687 52.5705 52.2544 50.5151 50.3738 49.7445 45.7036 44.655 44.3814 44.1279 43.2103 42.2396 41.9784 41.529 40.8152 40.4828 39.2726 37.5152 37.1316 36.8365 36.4886
threshold=0 1.0000000180025095e-35 1 0.36370794475078588 2 1.0000000180025095e-35 0.22837934643030169 3.5000000000000004 1.0000000180025095e-35 3 0.017851500771939758 4.5000000000000009 0.35763147473335272 4 5 0.015063500031828882 6 52.500000000000007 3.0766500234603886 5.5000000000000009 3.5000000000000004 10.500000000000002 13.500000000000002 2529.5000000000005 1.0000000180025095e-35 2.5000000000000004 1.5000000000000002 3.5000000000000004 3.5000000000000004 7 3.5000000000000004 10.500000000000002 8 16.500000000000004 154.50000000000003 0.45153246819972997 1.5000000000000002 1.0000000180025095e-35 4.5000000000000009 323.50000000000006 5.5000000000000009 25765.500000000004 0.62019231915473949 3.2939000129699711 0.36370794475078588 0.41938136518001562 47582.500000000007 46.500000000000007 0.032720500603318221 80.000000000000014 0.12295823171734811 1.0000000180025095e-35 1.5000000000000002 1.5000000000000002 0.23923829197883609 9 4.0838499069213876 1.0000000180025095e-35 1.0000000180025095e-35 10 61.500000000000007 0.081666667014360442
decision_type=9 2 9 10 9 2 8 2 2 9 10 2 8 9 9 10 9 2 10 8 2 8 2 2 2 2 8 8 10 9 8 10 9 2 2 10 2 2 8 2 2 2 2 10 10 10 2 2 10 2 10 2 10 2 10 9 8 2 2 9 2 2
left_child=1 4 11 8 13 14 19 17 29 32 12 22 -6 30 49 56 33 -8 25 38 -14 55 -3 48 43 60 -15 51 54 -2 61 -27 -7 34 -9 -35 46 -38 -4 -10 -12 -32 47 45 -30 -18 52 -40 53 -5 -21 -28 -25 -19 -13 -22 -16 -24 -57 -33 -11 -1
right_child=3 2 6 5 10 9 7 16 39 18 40 28 20 26 15 -17 24 23 -20 50 21 -23 57 36 -26 31 27 -29 44 -31 41 59 -34 35 -36 -37 37 -39 42 -41 -42 -43 -44 -45 -46 -47 -48 -49 -50 -51 -52 -53 -54 -55 -56 58 -58 -59 -60 -61 -62 -63
leaf_value=-0.0048753385029229532 -0.0054943941687113319 0.051489411600525128 0.025008985181244892 -0.056140383355989844 -0.058220538847445741 -0.060969063606611522 0.025353626891842014 0.035337861606780409 -0.068672795864348199 -0.00019161117874375496 0.03769490052724047 0.037171606856033025 0.0018855621207717261 0.041231781778014009 -0.0099243386665294423 0.00078965049827627834 0.0012476550276269943 -0.0082014302420780789 0.042263972028495862 -0.054688099973052628 -0.01181854562174876 -0.050837825414984696 0.019478116460241508 0.016396380047611844 0.044733311775929631 0.018316665111673992 0.018554134389164364 -0.0030255876828286206 0.021625493815714363 -0.048108206768898529 -0.019036958663282047 0.0041419925439012588 -0.029189780635913827 0.022504212508635421 0.019401956075997109 0.047201538134234375 0.032709696934436559 -0.024058665611172505 -0.0016898323199797114 -0.085066907653431389 -0.011312657876034391 -0.00043179450443930044 0.020935821668100096 0.070919363149206854 0.050893681709009 0.018506574249246937 0.028776871379857207 -0.02648705583791763 0.049788452824323176 -0.081688264058963955 -0.021044469176879389 -0.035418641396670461 0.004645347528546547 0.0053411955075574474 0.065104998884326165 -0.025319758109329966 -0.0434398438826928 -0.073518530096239543 -0.089796784829456175 -0.018866223394960104 -0.02048949005141347 0.012598023923860316
leaf_weight=790.62380295788171 275.58941888296977 430.0281451944611 184.68755481106928 827.84464583697263 630.33823963050963 210.87019900241285 1855.081606801803 2067.437043358892 2358.314486957257 292.24121937179007 217.30567587746191 147.37316355283838 353.66398338985164 233.97632689791499 96.660793823306449 325.53031523729442 509.15491224665311 1176.1168323184102 166.96944000967778 152.40453556537977 1026.874684424547 967.88342514398391 642.00105953594903 1148.7421723944135 345.82087305677123 497.46456805159687 1304.5971803115972 895.84289321792312 186.56829302437836 199.41593805188313 1266.718696924363 415.29917297887732 1259.1631741589226 339.05622615665197 1046.2303571696975 1335.0054969466582 591.93996296217665 68.612138135242276 506.74039231287315 700.23142033551994 74.184138872777112 553.89997850329382 155.10619166417746 42.367129845777526 742.72644003276946 2495.6335241778506 333.76992412784602 292.54114632226992 42.037999881111318 222.1326579124725 273.70456305425614 37.27269134123344 2287.4213412596146 1112.5657197402616 2009.9437614153721 926.33461043387069 1481.0784681895166 10.594795716810038 22.305504821255454 290.3251310656342 949.80020734656136 478.9229385771323
leaf_count=20330 24404 2907 2814 118122 82342 32598 19363 20887 399060 14479 7274 1673 21439 1474 9567 10863 9969 51384 5165 15749 69379 126868 22932 8074 3772 22353 31841 22789 4013 27476 52090 20754 126166 3857 11923 12792 6884 3395 12169 149928 3829 13058 2967 435 7711 41025 3766 8311 808 48959 14949 3430 43480 36133 8881 76984 181779 1842 4053 24939 80156 10755
internal_value=0 0.0130266 0.0234865 -0.0397972 -0.011056 -0.0266731 0.0172532 0.0197576 -0.0660253 -0.0141633 -0.0273776 0.0507652 -0.031357 0.00137402 -0.0439542 -0.0340039 0.0280574 0.0118751 -0.00275532 -0.00950806 -0.0262051 -0.0295798 0.031252 0.00817372 0.0192218 -0.00585681 0.0120207 0.00900302 0.0577615 -0.024574 -0.00715423 0.00432781 -0.0341674 0.0342021 0.0299912 0.0422159 0.0128255 0.0267857 -0.000632386 -0.0724527 0.0252264 -0.0133799 -0.00561534 0.0163759 0.0450473 0.0155835 0.010373 -0.0107875 -0.000670524 -0.0610371 -0.0331775 0.0170297 0.00857746 -0.00161868 0.0632149 -0.0191442 -0.0413941 0.0178582 -0.0266482 -0.00554628 -0.0157176 0.00172103
internal_weight=0 32312.2 22531.4 10568.9 9780.74 7035.38 18362.2 16797 3533.55 4082.13 4218.89 4169.24 3927.4 5561.85 2953.25 1903.27 8180.71 8616.29 2612.1 1565.18 3297.06 2943.4 1082.62 6761.21 3392.98 2445.13 2471.69 2237.71 3086.61 475.005 3090.17 1203.09 1470.03 4787.73 3113.67 1674.06 4430.49 660.552 1139.08 3058.55 291.49 1820.62 954.388 3047.16 929.295 3004.79 3769.93 799.282 2330.72 1049.98 426.109 1341.87 3436.16 2288.68 2157.32 1975.51 1577.74 652.596 948.64 705.624 1242.04 1269.55
internal_count=2229568 932800 384865 1296768 547935 695900 334906 277947 600868 326610 392168 49959 381065 155767 369290 202209 104660 173287 167846 56959 298723 277284 27681 153924 55201 162681 59534 58060 22278 51880 96233 68046 158764 49459 32810 16649 65599 10279 26261 548988 11103 65148 23447 51429 11724 50994 55320 20480 88325 167081 30698 35271 51554 87517 10554 150416 191346 24774 81037 45693 94635 31085
cat_boundaries=0 2 4 6 8 10 12 14 16 18 20 22
cat_threshold=1349542148 306807010 1073741824 272629824 1080033280 33554464 100699712 93479965 6291456 33554432 33851513 93472265 270540804 65696 763924642 673325828 33556544 25313288 268435456 273186880 2835746944 538968320
is_linear=0
shrinkage=0.05


Tree=2
num_leaves=63
num_cat=11
split_feature=7 38 38 38 7 38 3 38 47 23 23 6 38 28 21 23 23 2 26 0 25 38 25 58 57 38 57 16 59 45 6 46 23 26 34 57 7 51 39 26 23 26 38 38 23 7 59 57 34 45 47 51 38 23 21 45 39 57 44 21 58 21
split_gain=11514.3 4979.86 1800.69 672.748 607.613 557.538 609.9 333.484 294.674 436.174 215.986 174.877 158.481 158.283 136.32 128.333 121.792 120.477 111.448 105.162 138.1 91.1494 79.8937 79.5142 119.641 75.9694 70.907 69.8384 69.3572 60.2426 58.2818 57.1032 57.0627 57.0563 59.0183 53.1623 50.7489 48.8154 48.0199 45.5441 44.7631 42.6063 42.2155 42.0774 41.0174 39.231 38.6193 56.8903 38.4825 35.973 35.8949 35.3524 34.8501 34.5493 34.0036 33.3774 32.5873 46.0142 32.1849 31.8781 31.2076 34.3254
threshold=42.500000000000007 0 1 2 5.5000000000000009 3 0.019689499400556091 4 5.5000000000000009 0.31749305129051214 0.20227966457605365 0.20252199470996859 5 36545.500000000007 2.5000000000000004 0.23923829197883609 0.12295823171734811 5.1305499076843271 0.48373875021934515 10536.842285156252 3.5000000000000004 6 4.5000000000000009 1.5000000000000002 1.0000000180025095e-35 7 1.0000000180025095e-35 1.5000000000000002 0.36602871119976049 3.5000000000000004 0.25605499744415289 48.149999618530281 0.50499168038368236 0.52960655093193065 5.5000000000000009 1.0000000180025095e-35 71.500000000000014 0.17500000447034839 1.5000000000000002 0.52183446288108837 0.27849131822586065 0.11929211765527727 8 9 0.37626267969608312 95.500000000000014 0.08893280848860742 1.0000000180025095e-35 57.500000000000007 10.500000000000002 76.500000000000014 0.17500000447034839 10 0.61374524235725414 2.5000000000000004 4.5000000000000009 3.5000000000000004 1.0000000180025095e-35 2.5000000000000004 4.5000000000000009 1.5000000000000002 5.5000000000000009
decision_type=8 9 9 9 10 9 10 9 2 10 8 10 9 2 8 10 10 8 2 10 8 9 8 2 2 9 2 2 2 10 10 10 10 2 2 2 8 2 2 2 10 2 9 9 10 8 2 2 2 10 2 2 9 10 10 10 2 2 2 10 2 10
left_child=2 3 4 14 18 32 8 11 43 50 -5 15 33 17 31 -4 -14 -12 60 20 26 35 46 27 -25 36 28 -18 39 -24 42 -2 -3 34 54 -8 -11 -15 -28 -16 -29 55 -9 -7 -44 -31 -19 -48 -34 -46 -10 52 -42 -27 -6 -17 -43 -58 -21 -36 61 -1
right_child=1 5 7 10 12 6 21 30 9 25 13 -13 16 37 19 41 23 22 -20 58 -22 -23 29 24 -26 53 38 40 -30 45 -32 -33 48 -35 59 -37 -38 -39 -40 -41 51 56 44 -45 49 -47 47 -49 -50 -51 -52 -53 -54 -55 -56 -57 57 -59 -60 -61 -62 -63
leaf_value=0.016934259122708233 -0.055290621990687877 -0.080542964600329559 -0.053870049922561475 -0.049233808585186084 -0.037103519241965054 -0.040074249702636323 0.025344501420043526 -0.045471068084172749 -0.060828650445748103 -0.017905344206944309 0.031420141049989123 0.046033259555802175 -0.02379431501154454 0.0047738435938388564 0.008194618463824509 0.0082463384973230826 0.006878106821430802 -0.014833944450453336 0.056590219048464202 0.051910688501629915 -0.0018065138807617669 -0.01553789986979323 -0.012419282874828078 0.041976535273988529 -0.024394927398414125 -0.057561459322826726 0.029881140360604019 0.0060866218470900721 0.030484235163838681 -0.01852860010680412 0.015673405953571834 -0.0021730056886763004 -0.053451583397608506 0.043893339646507927 -0.023187765039545213 -0.075983406235100012 -0.037829391438868237 0.039439642093192583 -0.044919888934490705 0.022281531570113214 0.027421526717338551 0.0059629750789055372 -0.053976391789560513 -0.0065617132968543868 -0.0095761465193775226 -0.03753215532616519 0.0082875148965429919 -0.034442763862567859 -0.075306865487323738 -0.031445308885788656 -0.073233108246438666 0.040577035687114266 0.017318020658602763 -0.044588306880320686 0.024691534319670656 -0.014318108497526783 0.030473072187952217 -0.048169291045744744 0.023233364009650131 0.041675075911216775 0.054259503869566489 0.041564415115600301
leaf_weight=150.08840897603659 101.49690583813936 1221.5407434476074 96.415093551127939 412.36113783996552 21.830863397801295 109.98213867653976 308.28214694140479 274.86283119645668 1122.1654054210812 393.46416626987047 131.46785504458239 252.59456415983732 138.77426931695663 498.82418920722557 1524.3905267693044 266.78397398858215 746.95140569319483 974.05282424151665 2124.1411092940252 195.64759408810642 1514.1023737559735 360.72385177022079 704.58539330586791 871.0304285925813 72.992616412288044 695.16518803816871 29.045489546260796 347.94203916616971 798.71200031600893 422.3600736061926 81.084540260460926 100.09128113114275 466.19786324680899 1369.7114943243796 18.749934484309051 12.557297760271465 1768.28527819991 126.63164576201234 75.314267430454493 921.0909306378453 2367.6606815736741 1264.7181670635764 89.18408156845544 479.24266039772192 473.78028764383635 777.39187482115813 486.97724201023811 91.692036261374597 379.81739544737502 312.27730614808388 1348.1161332116462 327.04086318670306 1615.4070922737737 2163.5664059658011 1205.6755398227833 421.80539406352909 257.79969016264658 19.156392107950523 200.591001819761 905.72594072419452 478.11146054510027 3138.8414879918564
leaf_count=1927 7155 253367 11195 40153 664 13233 9448 30647 167032 32790 3103 2315 8193 15042 36785 9211 14739 48809 7534 825 45642 22680 36599 8556 3028 91445 1130 9268 13829 26358 3548 4128 68638 10043 591 1570 191743 1415 6537 19006 27692 37590 12976 31604 31382 70871 17329 6077 81138 28953 240942 2453 28696 263779 11362 20743 5693 909 3493 6371 2124 17524
internal_value=0 -0.0260025 0.0272562 -0.000697345 0.0346419 -0.0495245 -0.0438565 -0.00364624 -0.0477375 -0.0504155 -0.0147075 0.00657978 0.0271603 -0.0113529 0.0111783 0.00230687 0.0223804 -0.0153981 0.0474057 0.0127472 0.0107238 0.00151292 -0.0171872 0.0234285 0.0368243 -0.041936 0.0163884 0.0210825 0.0176952 -0.0240492 -0.0249378 -0.0290579 -0.0731843 0.0357921 0.030784 0.0205174 -0.0340555 0.0118441 -0.0240152 0.0135074 0.0233583 0.00475848 -0.0280287 -0.0136645 -0.0217384 -0.0308632 -0.00876111 0.00146903 -0.0633408 -0.018293 -0.0676251 0.0247508 0.0234415 -0.0475956 0.0235632 -0.00557656 0.00937524 0.0248798 0.0374882 0.0403359 0.0422131 0.0404459
internal_weight=0 20915.9 19711.1 10086.8 15900.7 10829.1 8761.55 3810.46 8079.99 7490.76 4626.34 2579.27 10009.5 4213.98 5460.48 2326.68 6487.8 3588.53 5891.18 5258.89 4862.66 681.563 3457.06 6349.03 944.023 5020.48 3348.55 5405 3244.19 1904.34 1231.19 201.588 2067.56 3521.69 2151.98 320.839 2161.75 625.456 104.36 2445.48 4658.05 2230.26 1150.1 589.225 875.242 1199.75 1552.72 578.669 846.015 786.058 2470.28 4310.11 3983.07 2858.73 1227.51 688.589 1541.67 276.956 396.239 924.476 3767.04 3288.93
internal_count=2229622 1873695 355927 404286 160765 1469409 1066266 195162 1032568 987731 265756 87656 131656 225603 138530 85341 102625 209146 29109 127247 122929 33698 206043 94432 11584 579757 77287 82848 69620 133828 107506 11283 403143 29031 18988 11018 224533 16457 7667 55791 68109 74146 103958 44837 73311 97229 72215 23406 149776 60335 407974 58841 56388 355224 12026 29954 44192 6602 4318 6962 21575 19451
cat_boundaries=0 2 4 6 8 10 12 14 16 18 20 22
cat_threshold=1080033280 302546978 3497009412 306254048 1077936128 32 33687641 93470729 697057408 539525890 1073741824 4194400 1056768 140581056 2558550660 138426432 33590336 68289544 2214864000 541332816 272637956 268500992
is_linear=0
shrinkage=0.05


Tree=3
num_leaves=63
num_cat=11
split_feature=7 38 38 38 2 7 28 38 27 47 21 38 58 38 38 2 18 0 21 26 57 39 38 7 25 38 6 26 21 45 7 21 7 5 57 58 34 59 57 21 26 21 59 22 47 21 27 50 38 57 21 18 21 2 46 57 21 45 38 39 16 57
split_gain=10719.8 4490.8 1549.22 575.22 578.014 446.204 379.11 370.142 258.503 247.98 298.074 192.211 166.626 120.665 92.1078 89.2779 86.9706 86.0833 85.2348 91.3814 80.2783 74.8682 72.2037 68.9643 68.0048 67.4524 65.3415 63.675 50.4344 57.0731 49.1636 48.8794 48.4599 47.0644 43.2019 43.8275 40.4028 39.9658 39.1449 39.1371 38.9329 38.721 38.1325 37.8462 49.497 37.5254 35.363 34.9698 34.6214 34.0208 31.9414 31.7059 31.8311 31.4203 31.3382 31.1011 30.6545 30.1816 30.0348 29.9182 29.7874 29.5491
threshold=42.500000000000007 0 1 2 2.9050500392913823 9.5000000000000018 24465.000000000004 3 3.5000000000000004 3.5000000000000004 14.500000000000002 4 1.0000000180025095e-35 5 6 1.7333499789237978 20.500000000000004 6875.5512695312509 2.5000000000000004 0.52960655093193065 1.0000000180025095e-35 5.5000000000000009 7 26.500000000000004 3.5000000000000004 8 0.26277600228786474 0.23543552309274676 17.500000000000004 2.5000000000000004 17.500000000000004 7.5000000000000009 71.500000000000014 4.0197501182556161 1.0000000180025095e-35 1.5000000000000002 20.500000000000004 0.08893280848860742 1.0000000180025095e-35 2.5000000000000004 0.40754985809326177 3.5000000000000004 0.042572464793920524 20.627314567565922 23.500000000000004 2.5000000000000004 7.5000000000000009 1.0000000180025095e-35 9 1.0000000180025095e-35 2.5000000000000004 6.5000000000000009 319.50000000000006 3.1369999647140507 44.661725997924812 1.0000000180025095e-35 41.500000000000007 9.5000000000000018 10 1.0000000180025095e-35 15.500000000000002 1.0000000180025095e-35
decision_type=8 9 9 9 10 10 2 9 8 2 10 9 2 9 9 10 10 10 10 2 2 2 9 10 8 9 10 2 8 10 10 8 8 10 2 2 2 2 2 10 2 10 2 8 2 10 10 2 9 2 10 10 10 10 10 2 10 10 9 2 2 2
left_child=2 6 5 4 9 11 8 12 25 48 43 39 16 28 -12 22 36 24 54 23 33 -6 -10 42 41 37 58 -13 -5 -30 57 -24 -16 -14 35 45 -4 -2 -39 -1 -41 -8 51 -11 -45 -29 -34 -25 -3 -21 -27 -20 59 -32 -7 -44 -31 -18 -9 -53 -47 -43
right_child=1 3 7 13 21 18 17 26 15 10 14 27 20 -15 32 -17 30 -19 19 49 -22 -23 31 47 -26 50 -28 34 29 56 53 -33 46 -35 -36 -37 -38 38 -40 40 -42 61 55 44 -46 60 -48 -49 -50 -51 -52 52 -54 -55 -56 -57 -58 -59 -60 -61 -62 -63
leaf_value=0.013854971824607236 -0.018028823302011922 0.0094172392117446001 -0.0073974143617398114 -0.071653785623402716 0.020440200329195954 -0.038292242701287699 -0.0090243319183186677 -0.044720689783533822 -0.0082415690085747405 -0.044903405073103093 -0.02567287828217199 0.025936862346075191 0.024637201925326795 -0.073156077609638034 -0.027839130160467202 0.046205889433369014 0.020913688105956244 0.030918679997688894 -0.010638101523699156 0.037741146230015808 -0.040034918375585093 -0.023047618890933902 -0.052040543406453789 0.012258647963604609 0.0012309477141417141 -0.027062660995744031 0.015821274033365262 0.0040448184085750969 -0.033858297194665231 -0.063447108358768073 -0.0043983785637357114 -0.024573532346716779 -0.036919511312906432 0.054508408135085312 0.0049872721283875029 0.0519089179973269 -0.055184827705859668 0.011555376597517757 -0.03704921940099578 0.043978141177676462 0.05795153664016043 0.021380598398154035 0.035919610340298808 -0.04316898065842683 -0.067475389355416082 0.035135718596511038 -0.049885551356798466 0.040229591113072075 -0.017811535257435892 -0.002065992079134374 0.011095002569735529 0.026721947600783537 -0.028530430755069086 0.050992255123471622 0.0068349232535793586 0.00046860677098423852 -0.048886003039518032 0.0026083584844551161 -0.02296140900722346 0.012116819688807096 0.045045444544117158 -0.021441567198204697
leaf_weight=62.850512080825865 437.1501350242761 156.81759625114501 85.079812985786702 337.76824296594714 434.89185732899932 65.368336358340457 122.84437403158518 241.77529307350051 714.24580611783313 324.94466298422776 1316.4862886394258 1243.968623975612 598.80025793478126 1699.3598685822217 465.94624411338009 49.08608934073709 498.85664695914602 716.76132912532194 68.830796021036804 1406.7397931928863 40.737462158431299 127.14065432731877 190.39985705399886 1686.012203031918 1012.5811219324823 55.813938542734832 89.273521828639787 82.528022137412336 412.85471327064442 639.94810089404928 1065.8757589928573 1100.325665366574 807.83573692280333 169.82911223336123 92.858905097353272 617.96455126954243 91.932408511464018 294.96515764947981 47.179402837122325 712.46392670320347 1830.4550067969831 1400.677458954684 1045.4289188391995 253.53138925234089 1441.2052434253856 2513.1933055818081 1607.5890061291575 118.96133199927863 406.2421208259766 55.69645127444528 1637.8283629592624 2061.6412682107766 28.125558899482712 25.234900721348822 90.934923795401119 65.782845083100256 906.72181245073443 410.3642387802247 824.8576085617824 425.45896718796575 1115.5176073528128 40.712163234304171
leaf_count=693 26863 6719 3938 59918 14822 3152 5311 30089 32963 39044 124535 10953 12833 358309 49435 882 11842 9309 2037 12127 1890 8177 20759 33501 29088 3880 3431 1632 51678 108745 44889 85611 94895 787 1396 2796 9275 9593 3714 2080 4271 26489 10456 29474 242235 16765 227808 1070 28199 1403 42223 25574 608 222 2356 2125 130913 13699 73796 7025 6494 2938
internal_value=0 -0.02648 0.0261563 -0.0465601 -0.038079 0.0334501 0.00269303 -0.00102166 -0.00669303 -0.0421693 -0.0450466 0.0413712 0.00828129 -0.0619941 -0.0374356 -0.0197984 0.0011049 0.0156004 0.0242888 0.0251087 0.0276641 0.0105791 -0.0214366 0.0221471 0.0113291 0.00419611 -0.0249107 0.0359093 -0.0534281 -0.050524 0.00408332 -0.0284423 -0.0425625 0.0312995 0.0387894 0.0395131 -0.0323867 -0.0079266 0.0047647 0.0528885 0.0540554 0.017861 0.0260614 -0.0608395 -0.0638668 0.0374356 -0.0455661 0.0141234 -0.0103736 0.0362247 0.00976467 0.0227118 0.0236283 -0.0030718 -0.0121614 0.0338232 -0.0549479 0.0126638 -0.0285648 0.0242294 0.0381937 0.0201571
internal_weight=0 19159.9 19533.4 11339.3 7342.63 15390.8 7820.57 4142.62 4526.99 6780.6 6217.54 8271.8 2986.71 3996.65 4197.86 2054.06 2177.34 3293.58 7118.98 6962.68 809.367 562.033 2004.97 5500.24 2576.82 2472.94 1155.91 5666.03 2297.29 1959.52 2000.33 1290.73 2881.37 768.629 4422.06 4329.2 177.012 779.295 342.145 2605.77 2542.92 1564.23 3695.27 2019.68 1694.74 3711.24 2415.42 1804.97 563.06 1462.44 1693.64 2584.06 2515.23 1091.11 156.303 1111.21 1546.67 909.221 1066.63 2487.1 3628.71 1441.39
internal_count=2229734 1874529 355205 1574906 865343 148514 299623 206691 226488 842344 807426 47080 99375 709563 496673 140215 83865 73135 101434 95926 15510 22999 139333 82396 63826 86273 107316 40036 351254 291336 70652 106370 372138 13620 29083 27687 13213 40170 13307 7044 6351 34738 47825 310753 271709 24891 322703 34571 34918 13530 46103 35244 33207 45111 5508 12581 239658 25541 103885 32599 23259 29427
cat_boundaries=0 2 4 6 8 9 11 13 15 17 19 21
cat_threshold=1080033280 34078752 3495960580 306254048 1032872838 945928390 698106240 539525890 1073741824 2148308017 263952 268435456 406886464 1077936128 32 2097152 34078720 1048836 268435458 33588288 68289544
is_linear=0
shrinkage=0.05


Tree=4
num_leaves=63
num_cat=9
split_feature=7 38 38 38 2 7 28 38 27 23 6 43 27 38 23 38 23 23 2 58 57 51 43 38 23 57 23 6 21 23 38 58 23 26 59 57 59 21 26 39 45 23 59 38 7 23 16 57 23 34 34 51 26 7 21 0 57 39 45 57 7 39
split_gain=9357.08 4077.7 1293.51 490.843 527.202 395.74 338.874 311.927 240.154 188.095 154.485 147.178 188.498 138.776 129.998 114.041 109.94 109.641 100.806 68.1411 68.7468 66.4675 66.0911 63.4011 62.8552 61.484 58.6105 58.2611 56.3479 55.6857 54.0005 52.3239 50.3096 48.4851 44.6259 43.2684 47.5655 41.3723 42.4173 41.0544 40.3371 38.5595 37.8278 37.6713 37.2346 37.1027 36.8612 35.4926 34.6513 34.3667 33.4162 33.2391 33.2027 32.7769 32.3962 32.1731 31.597 36.5508 30.8675 30.0464 29.49 28.7995
threshold=42.500000000000007 0 1 2 2.9050500392913823 5.5000000000000009 24465.000000000004 3 3.5000000000000004 0.22837934643030169 0.36136099696159368 1.0000000180025095e-35 14.500000000000002 4 0.35763147473335272 5 0.54105064272880565 0.20227966457605365 1.7333499789237978 1.0000000180025095e-35 1.0000000180025095e-35 0.17500000447034839 1.0000000180025095e-35 6 1.1468039155006411 1.0000000180025095e-35 0.2178943678736687 0.25605499744415289 4.5000000000000009 0.079399775713682189 7 1.0000000180025095e-35 0.36370794475078588 0.313496083021164 0.08893280848860742 1.0000000180025095e-35 0.18465909361839297 2.5000000000000004 0.48373875021934515 5.5000000000000009 4.5000000000000009 0.5850324034690858 0.20416666567325595 8 24.500000000000004 0.29421643912792211 11.500000000000002 1.0000000180025095e-35 0.20227966457605365 105.00000000000001 14.500000000000002 0.16499999910593036 0.55578610301017772 18.500000000000004 11.500000000000002 10536.842285156252 1.0000000180025095e-35 1.5000000000000002 9.5000000000000018 1.0000000180025095e-35 23.500000000000004 8.5000000000000018
decision_type=8 9 9 9 10 10 2 9 8 8 10 2 8 9 10 9 10 10 10 2 2 2 2 9 10 2 8 10 10 8 9 2 10 2 2 2 2 10 2 2 10 10 2 9 10 10 2 2 10 2 2 2 2 10 10 10 2 2 10 2 10 2
left_child=2 6 5 4 9 15 8 10 23 -3 14 -11 30 24 50 37 22 42 26 33 61 29 -5 48 28 39 -10 45 -7 -8 -13 40 -17 44 -25 36 52 -1 -39 -6 -16 -14 -15 -28 54 -9 -34 -32 -2 -18 -4 -35 55 -42 -19 -31 -50 -58 -47 -36 -30 -21
right_child=1 3 7 16 25 13 21 27 18 11 -12 12 41 17 31 32 49 19 -20 20 -22 -23 -24 34 -26 -27 43 -29 60 35 47 -33 46 51 59 -37 -38 38 -40 -41 53 -43 -44 -45 -46 58 -48 -49 56 -51 -52 -53 -54 -55 -56 -57 57 -59 -60 -61 -62 -63
leaf_value=0.01377192827609333 -0.013805258682329872 -0.066249606054828852 -0.016272706782367332 -0.039939556013324107 0.02128648012242532 0.014442262589788969 -0.033864291197949564 -0.060660374623546544 -0.046968696942987498 -0.015035920371805948 0.051645445250651414 -0.022207886054021506 -0.060603574379304595 -0.019245960408364633 0.012638266975723922 0.0072653879036297074 -0.048004680320869839 -0.0097507914564814967 0.0409784032042603 0.028936814598460717 -0.012004646652332836 0.038520041405413326 -0.069114278492887135 -0.021110605809955597 0.023290157136650946 -0.066883873318893658 -0.0079553315703105032 0.011964946371144898 0.045921323311283326 0.0051368214457027418 -0.036999440696574397 0.020645646956166289 0.029753180654280832 0.021537607419528065 0.010105153854948113 -0.021365433065234349 0.024667670848678526 0.042227349428173078 0.054100965342456502 -0.016123728412146252 0.0049339382550173698 -0.042405914772561483 0.015750663832207221 -0.025203690389884667 0.0021339876177741599 -0.017657826769714655 0.041697291124239207 -0.070289995174821998 0.013172144647794724 -0.075392404274254476 -0.060512698383415678 0.042892351108953786 0.024682111909092318 -0.013507632901717246 0.018640621099374921 0.0262232445300867 0.028270970634549017 -0.060728741778649037 -0.036219894448303279 -0.035430545516809929 0.031901858384728268 0.04674613436916128
leaf_weight=89.017662890022621 144.48989931400865 653.85732073045801 87.631416119227652 219.18784601899097 418.80337766185403 217.66958489257377 61.892288789153099 83.118070372293005 220.35892214480555 627.86652290535858 179.03960785095114 851.64528479683213 1076.570642149396 227.43904432631098 591.04568151041167 178.77583513420541 1716.467212435673 106.79129211005056 63.105843749013729 1543.2656818065443 94.598258129262831 271.50344083411619 2099.165460239019 354.14278793588164 1035.5304723484442 23.17274404829368 521.43231188514619 95.70030214934377 1206.4301715318579 1490.6021254310035 2354.2493747994595 522.44071373378392 1582.9526425632648 1770.2110729704727 288.99541458545718 84.589258944732137 850.85944956244202 1450.2435015635565 1634.2193452892825 88.087846114183776 499.90949747327249 415.54508732949034 115.74228303134441 949.49330074101454 583.20316175260814 515.18288936206955 1114.0701176635339 83.289864434773335 1400.707156302291 125.54572885431116 84.135892860271269 203.65774235501885 346.21894096652977 463.41828523832373 1559.3761853826582 205.03408183832653 17.626499902340584 29.977676574955694 400.69931104185525 40.410576355759986 561.76797665865161 269.45823003305122
leaf_count=959 6650 115017 5206 33951 11845 3377 3844 12626 24479 40233 932 83045 181294 11585 16391 2216 273705 2454 891 16712 4127 2611 424006 26872 11190 2707 27278 3568 6103 36939 302221 10738 10368 24698 9568 5085 16450 5001 4722 5866 17581 58053 3049 87523 15305 45367 5883 13045 35360 29273 11419 1222 6304 25405 23669 2018 676 3467 46076 3722 5486 2334
internal_value=0 -0.0257541 0.0244408 -0.0453421 -0.0366668 0.0306291 0.00299758 -0.00294855 -0.00673341 -0.0409024 0.00704973 -0.0378268 -0.0408159 0.0242763 0.00350883 0.0406457 -0.0589573 0.0200211 -0.02063 0.0215914 0.0294402 0.0148524 -0.0663744 0.00398107 0.0332078 0.0110777 -0.0229516 -0.0249704 0.0385321 0.0127262 -0.0341091 0.00697246 0.0328839 0.0180406 -0.0086877 0.0137057 0.0147383 0.047414 0.0485338 0.0147664 0.00236644 -0.0555674 -0.00743143 -0.0193241 0.0130121 -0.0287668 0.0347006 -0.0380095 0.00941533 -0.0499112 -0.0381674 0.0237615 0.0105906 -0.00394237 0.0168161 0.00770052 0.0118048 -0.027871 -0.0258094 0.00442864 0.0414878 0.0316085
internal_weight=0 18094.9 19066.7 10753.5 6593.09 15544.4 7341.44 3522.32 4030.74 6063.02 2427.62 5409.17 4781.3 9495.14 2248.58 6049.28 4160.37 6473.74 1754.39 6130.56 1907.32 3310.7 2318.35 2276.35 3021.4 530.064 1691.28 1094.7 1985.87 3039.2 3289.18 2076.81 2875.8 4223.24 683.549 2977.3 2892.71 3173.48 3084.46 506.891 1554.37 1492.12 343.181 1470.93 2249.37 999 2697.02 2437.54 1592.8 1842.01 171.767 1973.87 2041.86 963.328 1666.17 1695.64 1448.31 47.6042 915.882 329.406 1768.2 1812.72
internal_count=2229767 1873998 355769 1574261 813326 160460 299737 195309 226486 792908 87672 677891 637658 131311 86740 29149 760935 105155 140171 90521 23173 73251 457957 86315 26156 20418 139280 107637 14966 70640 398311 70115 18467 67348 40162 66796 61711 10682 9723 17711 59377 239347 14634 114801 41428 104069 16251 315266 46153 302978 16625 25920 45261 42986 26123 38957 39503 4143 91443 13290 11589 19046
cat_boundaries=0 2 4 6 8 10 12 14 16 18
cat_threshold=1080033280 34078752 3497009412 306254048 361784198 945928386 697057408 539525890 1073741824 32 1073741824 4194400 1077936128 32 0 402692096 1077936128 32
is_linear=0
shrinkage=0.05


Tree=5
num_leaves=63
num_cat=11
split_feature=7 38 38 38 3 7 28 38 27 38 47 23 6 23 0 3 23 21 23 57 23 23 39 6 26 23 7 38 23 16 47 38 3 50 26 26 16 7 38 59 21 27 17 45 23 38 23 59 3 38 58 47 45 27 8 32 38 50 21 21 57 23
split_gain=8197.3 3644.7 1157.42 439.914 453.861 351.462 310.053 283.057 216.226 191.712 163.03 259.674 138.902 118.917 98.9593 86.4939 85.2362 66.7298 64.8064 64.658 58.6556 58.1482 55.1681 54.1405 53.2249 52.8096 49.6853 49.0793 49.0329 48.5852 46.813 43.7058 42.2288 42.1175 40.9418 40.3259 35.1608 33.8523 33.4933 32.9281 32.2035 31.986 31.6063 30.743 30.1403 28.9911 28.5242 27.9954 27.5166 27.274 27.092 26.894 26.4931 32.0191 27.034 26.2073 26.1453 25.8458 25.8148 25.6971 25.6619 25.6267
threshold=42.500000000000007 0 1 2 0.019689499400556091 11.500000000000002 24465.000000000004 3 3.5000000000000004 4 5.5000000000000009 0.22837934643030169 0.20252199470996859 0.23923829197883609 6875.5512695312509 0.02820099983364344 0.50499168038368236 4.5000000000000009 0.084284979850053801 1.0000000180025095e-35 0.32906374335289007 0.2178943678736687 5.5000000000000009 0.25605499744415289 0.53871130943298351 0.23923829197883609 17.500000000000004 5 0.20227966457605365 10.500000000000002 5.5000000000000009 6 0.18913550674915316 1.0000000180025095e-35 0.48373875021934515 0.47304561734199529 1.5000000000000002 71.500000000000014 7 0.064583335071802153 235.50000000000003 7.5000000000000009 4.5000000000000009 1.5000000000000002 0.29421643912792211 8 0.11365508660674097 0.65151515603065502 0.022784500382840637 9 1.0000000180025095e-35 27.500000000000004 4.5000000000000009 9.5000000000000018 0.64350047707557689 1.235000014305115 10 1.0000000180025095e-35 1.5000000000000002 5.5000000000000009 1.0000000180025095e-35 0.80542695522308361
decision_type=8 9 9 9 10 10 2 9 8 9 2 10 10 10 10 10 10 8 10 2 10 8 2 10 2 10 10 9 10 2 2 9 8 2 2 2 2 8 9 2 10 10 2 10 10 9 10 2 10 9 2 2 10 8 10 2 9 2 10 10 2 10
left_child=2 6 5 4 10 9 8 12 28 19 -3 51 13 -4 18 21 30 46 -7 25 -11 -10 61 44 32 -1 40 -13 -2 43 38 -30 -20 35 -27 52 -34 -29 -5 -33 -15 -39 -26 -22 -9 -23 -8 59 -45 -18 -28 -12 55 -54 -55 -19 -46 58 -16 -38 -37 -6
right_child=1 3 7 16 22 14 17 23 15 20 11 27 -14 26 57 -17 49 33 24 -21 29 45 -24 -25 42 34 50 37 31 -31 -32 39 36 -35 -36 60 47 41 -40 -41 -42 -43 -44 48 56 -47 -48 -49 -50 -51 -52 -53 53 54 -56 -57 -58 -59 -60 -61 -62 -63
leaf_value=0.024191863969198663 -0.021157379990950371 -0.014281616182105578 -0.051040453279027877 -0.0075841632845549583 0.003555167362395556 -0.028495409237955738 -0.037055212934509134 -0.057019634412209634 -0.048850428228855276 0.0079344575074719766 -0.044416419140556808 -0.0242433074585926 0.038171397080743234 0.016222398168858045 -0.05154547742218351 0.033905240993524349 -0.060625379601244825 0.037287963979478561 0.0515101071083243 -0.011005337016916509 0.044630228873221399 -0.0089719919730976618 -0.027763838990376072 0.011327707643738824 0.018174197236157656 0.040567450269088555 -0.0070786252136812141 -0.025654222555524353 0.010459303075352122 0.036542748303942149 -0.066900924076096643 -0.017979494116430014 0.0037248544357259003 0.034355921552317363 0.051106379227446902 0.025294771368805813 -0.0064308700714374618 -0.033802714811064415 -0.055990162480360553 0.0059289083004944853 -0.0055449606079249585 -0.045415853118510617 0.036615395730490483 0.023305862326859845 -0.040807579883524209 -0.024813482654158826 7.4123956199851254e-05 0.028248616414462715 0.062926234158304034 -0.042962904596386242 0.010410135160294386 -0.063164966774010775 0.0092923205757844216 0.001433302107074074 -0.037526173904459011 0.013298425315421759 -0.019014492764847304 0.04233142181372293 0.028241572698753045 0.015686801952202664 -0.034999457744937866 0.027721812202772329
leaf_weight=300.14397564611863 183.57005700981244 573.69163648190442 97.920222070242744 73.376370401470922 213.25615085003665 76.563199749332853 70.993364670663141 79.699155563052045 190.80310428031953 322.61208049452398 239.50760454533156 909.35171448010078 309.87148232589243 939.79835316285607 9.3813581319991481 68.813643826521002 554.92788716846553 137.15363433910534 76.803743611788377 52.786651976872236 197.76841962290928 489.03243286613724 85.098416675260523 97.664219589496497 429.43029841675889 1790.7820327514783 836.04818932351191 420.72218938564765 1415.3008120391751 1735.9812982134172 1879.5324203688651 284.36669124042965 656.03656116171624 289.47612421447411 1979.3581307409331 762.40801700326847 137.88864320405992 968.57946738426108 101.35336753085721 289.98986477797735 206.84169861156261 1611.0040170670836 515.08758949243929 2321.8975354644936 206.46516055197571 876.40924948344764 183.74163438996766 434.0714760805422 44.048538750037551 1150.4186045425886 300.13650822840282 1243.9827075344074 966.04913995089009 118.65553197206464 70.206355563248508 663.50331779711996 663.20428977513802 440.65234057826456 839.76990980596747 2565.0917429498804 17.229588990507182 225.63712950478657
leaf_count=2332 11401 37938 12549 7273 8160 4209 4882 12700 24327 6010 32615 98361 2576 22987 420 1163 117527 1499 636 840 1143 27198 7024 3573 5058 6843 42962 49859 39503 11545 399017 23572 14692 2373 6485 13200 4063 124803 22144 11832 7313 247502 5090 20406 27672 87448 5528 5798 180 180869 7599 236902 26533 2879 3294 11129 63570 3026 8827 44869 1674 4976
internal_value=0 -0.0247195 0.0230356 -0.0437501 -0.0356809 0.0292556 0.00290188 -0.00187827 -0.00681734 0.0357262 -0.0396535 -0.0423492 0.00671328 0.00263266 0.0201431 -0.0206073 -0.0575365 0.0141664 0.0168879 0.0436834 0.0284645 -0.0230379 0.00886507 -0.0237967 0.0176154 0.0445025 0.00495627 -0.0355736 0.00349899 0.0300689 -0.0645854 0.00578332 0.015011 0.0162362 0.0461126 0.0143067 0.0142585 -0.0387885 -0.039439 -0.00581782 0.0122944 -0.0410702 0.0282591 0.0256726 -0.0276685 -0.0193978 -0.0103781 0.0164595 0.0240698 -0.0493496 -0.00245367 -0.06017 0.0104642 0.00561075 -0.0131706 0.0174493 -0.0249163 0.0324645 0.0273005 0.0145565 0.0239192 0.0160141
internal_weight=0 17328.1 18663.8 10250.4 6490.83 14926.2 7077.7 3737.65 3798.29 8745.38 5966.84 5393.15 2690.62 2380.74 6180.78 1625.06 3759.61 3279.42 4890.97 4123.07 4622.31 1556.24 523.992 1047.03 4814.41 4070.28 2282.82 3909.66 2173.23 4299.7 2054.26 1989.66 3869.89 3024.68 3770.14 2735.21 3793.09 3000.31 174.73 574.357 1146.64 2579.58 944.518 2563.71 949.369 1365.44 254.735 3137.05 2365.95 1705.35 1136.18 1483.49 1955.57 1154.91 188.862 800.657 869.669 1289.8 849.151 2702.98 779.638 438.893
internal_count=2230378 1874405 355973 1574970 848140 152472 299435 203501 226444 55784 827980 790042 95986 93410 96688 140136 726830 72991 84415 16500 39284 138973 20160 107515 80206 15660 80861 520525 86308 33274 428434 74907 70058 62581 13328 60208 69422 422164 29417 35404 30300 372305 10148 21729 103942 114646 10410 54730 20586 298396 50561 269517 45334 32706 6173 12628 91242 12273 9247 48932 14874 13136
cat_boundaries=0 2 4 6 8 10 12 14 16 18 20 22
cat_threshold=1080033280 34078752 3497009156 306249952 1032872838 945928386 697057664 539529986 1073741824 4194336 0 402692160 1077936128 32 561200 516 1077936128 32 33556544 26624009 33588288 68289544
is_linear=0
shrinkage=0.05


Tree=6
num_leaves=63
num_cat=8
split_feature=7 38 38 38 2 38 28 38 38 23 23 7 6 47 21 3 23 23 23 23 39 7 21 6 26 25 7 38 26 43 7 50 57 26 59 23 23 59 21 39 51 38 26 21 21 44 59 2 23 16 57 59 7 57 58 23 26 5 34 26 3 26
split_gain=7160.84 3289.81 1047.31 396.069 396.116 326.282 258.417 250.142 164.516 153.91 147.999 141.112 121.183 109.916 135.861 99.9703 87.2448 73.5864 73.0356 64.8038 59.6706 57.4432 54.6409 53.9694 52.2511 51.862 51.3963 49.9756 48.7611 44.559 43.4573 42.5276 40.6129 41.0195 39.1818 38.6951 34.6718 34.5604 33.5463 32.4381 31.1058 30.9899 30.9223 29.6197 29.2877 29.2699 29.2498 28.8418 28.6207 29.3601 27.9414 28.2292 27.7387 27.0833 28.2811 25.5269 24.8422 23.3571 22.5033 22.463 22.3135 25.0823
threshold=42.500000000000007 0 1 2 2.9050500392913823 3 24465.000000000004 4 5 0.32334330677986151 0.22837934643030169 4.5000000000000009 0.35250449180603033 3.5000000000000004 14.500000000000002 0.027129999361932281 0.18719605356454852 1.0007824897766116 0.6063213348388673 0.2178943678736687 4.5000000000000009 20.500000000000004 3.5000000000000004 0.25605499744415289 0.14321075379848483 2.5000000000000004 18.500000000000004 6 0.55578610301017772 1.0000000180025095e-35 14.500000000000002 1.0000000180025095e-35 1.0000000180025095e-35 0.41196343302726751 0.064583335071802153 0.197051577270031 0.21248946338891986 0.074175827205181136 2.5000000000000004 6.5000000000000009 0.2100000008940697 7 0.40754985809326177 7.5000000000000009 4.5000000000000009 4.5000000000000009 0.17519181966781619 5.5308499336242685 0.36370794475078588 2.5000000000000004 1.0000000180025095e-35 0.41421568393707281 24.500000000000004 1.0000000180025095e-35 1.5000000000000002 0.23923829197883609 0.34791304171085363 4.0838499069213876 14.500000000000002 0.30782540142536169 0.030635000206530098 0.30649213492870336
decision_type=8 9 9 9 10 9 2 9 9 10 8 10 10 2 10 10 10 10 10 10 2 10 8 10 2 10 10 9 2 2 10 2 2 2 2 10 8 2 10 2 2 9 2 10 10 2 2 8 10 2 2 2 10 2 2 10 2 8 2 2 10 2
left_child=2 6 5 4 10 30 8 9 15 47 -3 24 26 41 -15 19 44 28 29 45 -6 60 55 48 -7 36 39 -16 40 -5 38 32 33 46 -21 -26 -10 -28 -1 -11 43 -12 -40 59 -13 -2 -24 -4 -9 -50 51 -38 -45 -36 -55 -8 -23 -29 -49 -18 61 -19
right_child=1 3 7 18 20 11 22 23 25 12 13 16 -14 14 27 -17 17 21 -20 34 -22 56 31 -25 35 -27 37 57 -30 -31 -32 -33 -34 -35 53 -37 50 -39 42 -41 -42 -43 -44 52 -46 -47 -48 58 49 -51 -52 -53 -54 54 -56 -57 -58 -59 -60 -61 -62 -63
leaf_value=0.0065617059457089306 -0.020151568342396609 -0.061205928470302623 0.042744321274585717 -0.038137959813319633 0.017270987211199251 0.0083147482474217726 -0.03010092267694895 -0.05199245670894103 -0.01813953377327648 0.010212048257333966 0.0077017234910351801 -0.013846119654619982 0.044424407533623603 -0.05179919870555319 -0.024477061919844906 0.031661257364696285 -0.015392670989282528 0.014320647417860719 -0.046988111568071811 -0.022685310610099537 -0.021989326335113663 -0.00092027567251367313 0.0041460873106306789 0.011491082080858564 -0.0045291325786168627 -0.0091471341328572594 -0.006896444976105082 -0.0043350623365576999 0.038518668688329573 -0.063821217764684787 0.028176759771940337 0.032195521530858029 -0.025461133374547348 0.021134226970111893 0.0015152028095336044 0.03608624685424261 0.0080558880279757907 0.012645164836797354 0.037752109767509909 0.036206052433683369 0.041829531122856853 -0.020162036665327177 0.0499954194340681 0.028264817077373511 0.011928427755451828 -0.05078920025675622 0.018874087083444874 -0.018493486233636332 -0.031865044217186458 -0.012908064227998518 -0.027774576049006478 0.025829536401843073 0.017007239017759756 0.012469466243361054 -0.051837209085151437 0.012344586254039518 0.013856060924862777 -0.038946521251379464 -0.055313025880470407 0.015636517920458379 0.053950700742702279 0.024424304839281059
leaf_weight=54.619772881735116 122.04230232851114 618.63264321850147 9.9500831925543007 190.91884766949806 390.05097474111244 193.86926260846667 102.34096169145778 95.282105481077451 112.52817486407002 1323.4877455727546 131.60151455120649 219.09991683228873 226.37285443721339 1250.2254536584514 1402.1540405247652 94.428600847837515 67.427496804506518 1025.1454550623312 1492.2719988866447 732.32573103925097 127.67739561313647 484.16389822284691 1122.1015079442877 105.95761273213429 59.719860896700993 590.3975077814539 831.89324420408229 50.304153216799023 717.55566671234556 1935.863023209633 431.48159662564285 311.71518010972068 67.049248047085712 1095.8751487176633 378.25988564162981 2719.3242535153404 1011.8172952964378 309.652696283767 759.66950470034499 131.26093540037982 230.67933423444629 377.563941002707 1746.9342693560757 1809.5386835384415 219.76847984013148 224.97190468473127 481.39507877710275 67.806249284069054 439.99060375336558 384.62052742674132 44.800331269623712 286.37167436315212 793.22299992613262 24.887807812017854 51.388128144637449 53.207262958283536 688.14482104714261 1894.2919556211855 112.01698314069654 400.10466641327366 49.989260856062174 1554.8905919538811
leaf_count=693 10693 119865 186 32514 11672 1749 6656 15262 7075 32928 6436 8450 1062 213541 170524 1748 1691 13734 270696 74600 9516 12852 27618 3634 1039 31735 41355 6899 5343 423968 3959 2439 4789 20180 23163 14385 29491 7169 2497 1969 1339 27926 4763 18236 5622 29330 10018 5149 49694 38812 3975 6821 14061 2108 5765 1454 12173 281025 13755 5585 212 16164
internal_value=0 -0.0235525 0.0216982 -0.0420636 -0.0342491 0.0280671 0.00293235 -0.000805789 -0.00613519 0.0064641 -0.0380911 0.0240951 0.00942021 -0.0352792 -0.0377209 -0.0179277 0.0207494 0.0219666 -0.0553982 -0.0211159 0.00756524 0.0169719 0.013243 -0.0219961 0.0334615 0.00332575 0.00635224 -0.0324478 0.0266871 -0.0615347 0.0428326 0.0147049 0.0127231 0.0136807 -0.0155354 0.0352121 0.00841074 -0.00158921 0.0454568 0.0125807 0.0241043 -0.0132035 0.0463014 0.0227594 -0.000941438 -0.040103 0.00857667 -0.0369849 -0.0261005 -0.0230493 0.0106472 0.0119935 0.0248418 -0.00399133 -0.030965 -0.0155958 0.00775785 -0.0378593 -0.0416085 0.0111382 0.0210745 0.0204168
internal_weight=0 16769.5 18263.6 9861.56 6242.5 14225.3 6907.9 4038.29 3674.22 3012.44 5724.77 11232.6 2822.67 5106.14 4596.98 1628.3 8259.73 7820.86 3619.05 1533.88 517.728 3802.33 3233.68 1025.85 2972.91 2045.91 2596.29 3346.75 4018.53 2126.78 2992.71 3078.14 2766.42 2699.37 1186.86 2779.04 1455.52 1141.55 2561.22 1454.75 3300.97 509.165 2506.6 3070.29 438.868 347.014 1603.5 189.773 919.893 824.611 1342.99 1298.19 2602.76 454.536 76.2759 155.548 1172.31 1944.6 179.823 467.532 2630.03 2580.04
internal_count=2229762 1874240 355522 1574582 847404 144547 299658 210975 226504 103573 826216 132635 84483 706351 671989 147407 115462 101390 727178 145659 21188 55135 73154 107402 17173 79097 83421 458448 46255 456482 11912 65044 62605 57816 105636 15424 47362 48524 7953 34897 40912 34362 7260 39573 14072 40023 37636 19090 103768 88506 40287 36312 32297 31036 7873 8110 25025 287924 18904 7276 30110 29898
cat_boundaries=0 2 4 6 7 9 11 13 15
cat_threshold=1080033280 34078752 3495960708 306249824 1032872838 945928386 1073741824 698106112 539530114 2097152 34078720 276824068 406886464 268435712 268435458
is_linear=0
shrinkage=0.05


Tree=7
num_leaves=63
num_cat=11
split_feature=7 38 38 38 2 7 28 6 27 23 38 43 27 38 38 23 51 23 2 38 57 21 23 23 58 57 21 38 7 23 57 23 23 38 26 58 38 45 17 23 47 0 26 57 23 46 23 16 58 57 26 26 58 26 21 26 45 59 21 59 44 38
split_gain=6283.73 2958.81 953.25 348.835 338.645 318.857 220.958 194.497 167.644 164.512 145.873 129.584 166.505 109.988 87.4605 86.5315 79.7082 72.9578 66.3477 60.21 56.4822 54.7758 53.46 49.2825 46.8457 59.0476 45.9802 45.7909 45.7053 44.5589 42.2907 42.049 39.5696 37.9243 37.5542 36.1142 43.5491 35.8065 33.6234 32.2048 32.1664 30.9821 45.6365 30.6485 30.4524 40.7545 30.3867 30.2341 29.8718 29.3651 29.1416 27.3083 27.0926 27.0077 30.6764 25.4224 24.1254 23.7876 23.3064 22.5276 21.9583 20.6428
threshold=42.500000000000007 0 1 2 2.9050500392913823 5.5000000000000009 24465.000000000004 0.36136099696159368 3.5000000000000004 0.22837934643030169 3 1.0000000180025095e-35 14.500000000000002 4 5 0.32334330677986151 0.17500000447034839 0.12295823171734811 1.6960999965667727 6 1.0000000180025095e-35 3.5000000000000004 0.2178943678736687 0.20227966457605365 1.0000000180025095e-35 1.0000000180025095e-35 4.5000000000000009 7 23.500000000000004 0.22277642041444781 1.0000000180025095e-35 0.59914469718933117 0.26688994467258459 8 0.48373875021934515 1.5000000000000002 9 4.5000000000000009 6.5000000000000009 0.37626267969608312 7.5000000000000009 10536.842285156252 0.41196343302726751 1.0000000180025095e-35 0.40662689507007604 25.950738906860355 0.65245473384857189 3.5000000000000004 1.5000000000000002 1.0000000180025095e-35 0.53871130943298351 0.12416046857833864 1.5000000000000002 0.28051540255546575 14.500000000000002 0.52183446288108837 3.5000000000000004 0.32666666805744177 4.5000000000000009 0.78888890147209179 2.5000000000000004 10
decision_type=8 9 9 9 10 10 2 10 8 8 9 2 8 9 9 10 2 8 10 9 2 10 8 10 2 2 8 9 10 10 2 10 10 9 2 2 9 10 2 10 2 10 2 2 10 10 10 2 2 2 2 2 2 2 10 2 10 2 10 2 2 9
left_child=2 6 5 46 9 14 8 10 23 -5 15 33 27 20 32 -4 17 -15 22 43 21 -7 -10 -2 53 -26 50 -13 55 -16 35 -14 -1 -11 -34 36 -25 -17 -31 -12 -24 42 -28 44 45 -6 -3 -41 -22 -44 -8 -39 -32 54 -19 -23 -56 -21 -42 -27 -43 -58
right_child=1 3 7 4 19 13 26 -9 18 11 39 12 31 16 29 37 -18 24 -20 57 48 28 40 30 25 59 41 -29 -30 38 52 -33 34 -35 -36 -37 -38 51 -40 47 58 60 49 -45 -46 -47 -48 -49 -50 -51 -52 -53 -54 -55 56 -57 61 -59 -60 -61 -62 -63
leaf_value=0.021376157312868085 -0.023656754451519241 -0.065834478875521948 -0.040583663315795646 -0.060260654791262247 0.02232061960478221 -0.0033713405715384281 -0.024348373079825885 0.039160144293664469 -0.04700504663263437 -0.0055688794146770823 -0.052777792213131086 -0.023494642973218727 -0.054450416317699563 -0.025935669386740023 -0.015193820574181808 0.010972821907824644 0.034226127828390331 -0.016348999285604248 0.026884082291256012 -0.038182798670952603 0.021627430478600367 0.02909539135224895 -0.0013122354982855345 0.0089925540013215139 0.024323152502406631 -0.035804648677080268 0.0066334990591111588 -0.036284820326564542 0.019683185414074308 0.018520944182243641 0.0057044963434738534 -0.038998977521385252 0.036735509138767518 -0.031872065234658749 0.048732240277948632 0.022903857134471711 -0.010803333120080003 -0.014765498892696922 0.032240964854775699 -0.028998720974340298 -0.04009117055425776 0.040227317157750665 0.021350784797449139 -0.059056060992778658 0.0237189387589785 -0.037108084755050334 -0.051800443776252661 -0.0088782648394214545 -0.031849867336354955 -0.039198776790345863 0.011474436733777389 0.0018350984750880332 -0.055044215098596798 0.015304998202829734 0.019568438708554809 0.03992351664542021 0.0092716674394980117 -0.0030943771383213046 -0.018120441390266931 0.01126596569732906 0.016109694189951212 -0.0057088684270040022
leaf_weight=227.3873635653872 152.02135847875616 1166.2451030732773 125.49200067910715 793.96266608346195 57.470867298659869 134.39492650574539 133.69692065822892 233.75614691723604 170.08051918022102 430.66904421622166 92.818444212753093 1276.8079935357673 1446.9521414298069 113.62141887491453 57.05537586112041 711.19668704466312 512.13452590256929 135.77724841397139 76.235027098096907 107.89480268786428 44.451709318673238 1663.196176282363 255.30466603062814 1114.2792317191488 1424.4531493536197 56.480162177584134 1606.0990558043122 2322.4803112612863 934.71075966872741 576.50933409435675 30.420627626008354 653.25430237242836 1228.1138729536906 201.06717239075806 1449.4835881600156 309.92841758090071 359.5074943395739 356.44557815504959 2059.7850250229239 516.16246818599757 139.88190218707314 173.78702527424321 1001.7431989258621 13.681501958635634 270.31516011373606 55.998047625180334 618.23184771064552 294.05634360859403 60.538183570373803 19.547228487906978 97.332571650855243 806.55115860133083 44.61417688941583 1783.2496324929525 362.00359044712968 823.12262039305642 719.29471526748966 87.147717523417668 889.09648953261785 44.897812014736701 210.19633679935941 328.81610053044278
leaf_count=1563 11349 283490 15766 162516 1687 3096 7451 1877 24391 29834 14803 158758 280417 7489 1353 20762 4184 4982 1255 13368 769 12806 12723 31048 17742 2717 38764 362288 12631 4716 2166 105755 4308 23966 4433 8148 28106 21316 12869 56656 13655 816 17960 1897 6481 4368 131549 26892 1720 2142 3037 32906 5413 29503 6147 4622 16270 8212 88194 1315 3178 9329
internal_value=0 -0.0224871 0.0204464 -0.0404703 -0.0357213 0.0257624 0.00276013 -0.00460359 -0.00586961 -0.0387875 -0.00815601 -0.0360855 -0.0384674 0.0200208 0.0351783 -0.000554352 0.015428 0.013515 -0.0183329 0.000552011 0.0267762 0.0279167 -0.0207199 0.00362185 0.0144434 0.0216989 0.012193 -0.0319215 0.0291465 0.0281974 0.0058644 -0.0496652 0.0413992 -0.0145695 0.0432456 0.00741736 0.00414732 0.00214318 0.0292488 -0.0246906 -0.0172051 0.0138423 0.011895 0.0116492 0.0146194 -0.007076 -0.0606644 -0.0217163 -0.00921766 0.0201547 -0.00927184 -0.00326111 -0.0306643 0.0111125 0.00626956 0.0326948 0.0084575 -0.0215037 -0.0211432 -0.0150518 0.0271012 0.00460493
internal_weight=0 16286 17876 9502.18 7717.7 14739.5 6783.77 3136.48 3541.37 7125.19 2902.72 6331.23 5699.49 9141.14 5598.33 1999.69 5480.73 4968.59 1530.6 592.508 3660.41 3555.42 1454.36 2010.77 4854.97 1525.83 3242.4 3599.29 3421.03 2693.35 1858.75 2100.21 2904.98 631.736 2677.6 1783.72 1473.79 1874.19 2636.29 903.037 1284.28 3011.37 2627.39 397.466 383.784 113.469 1784.48 810.219 104.99 1021.29 231.029 1163 75.0348 3329.14 1545.89 2486.32 1410.11 195.043 1028.98 101.378 383.983 1048.11
internal_count=2229924 1874382 355542 1574586 1159547 164564 299796 190978 226448 1123534 189101 961018 907218 135322 29242 90750 99678 95494 140218 36013 35644 33155 138963 86230 88005 21774 73348 521046 30059 18938 74881 386172 10304 53800 8741 67302 59154 74984 17585 98351 114572 62860 58866 14433 12536 6055 415039 83548 2489 20102 10488 54222 7579 66231 36728 17428 31746 21580 101849 4032 3994 25599
cat_boundaries=0 2 4 6 8 10 12 14 16 18 20 22
cat_threshold=1080033280 34078752 3497009540 306254048 2181171289 93470729 697192448 673743106 1073741824 272629856 1073741824 4194336 1058048 677492930 276840448 406886480 966316324 402752006 1077936128 32 268444036 65664
is_linear=0
shrinkage=0.05


Tree=8
num_leaves=63
num_cat=2
split_feature=7 34 37 34 7 3 58 25 3 1 21 43 29 21 47 21 21 57 37 28 25 57 34 32 7 32 21 5 16 7 39 25 50 45 21 34 21 46 21 21 50 39 45 25 7 21 22 25 7 21 21 34 57 31 21 45 2 47 58 21 46 21
split_gain=5530.24 2469.31 620.676 346.412 301.3 252.885 205.23 167.794 153.877 133.192 136.435 170.051 115.823 103.759 116.251 98.8899 87.6505 80.0381 66.1611 60.8917 76.8337 60.1526 59.9617 56.2256 55.903 55.4311 52.3355 49.9685 43.2118 42.4564 42.0144 38.9899 35.7424 34.8392 33.8892 32.6168 32.2283 31.7357 31.0218 30.9801 30.3148 29.5704 29.4974 28.7171 27.5753 26.0402 25.3303 24.737 23.7918 23.3109 22.7618 21.8709 21.6779 21.6672 22.7535 21.5894 20.9954 20.6878 19.5375 19.3059 19.046 19.0444
threshold=42.500000000000007 7.0000000000000009 0 19.000000000000004 12.500000000000002 0.026539499871432785 1.0000000180025095e-35 2.5000000000000004 0.038957500830292709 14.500000000000002 16.500000000000004 1.0000000180025095e-35 4871.5000000000009 46.500000000000007 5.5000000000000009 16.500000000000004 2.5000000000000004 1.0000000180025095e-35 1 24465.000000000004 2.5000000000000004 1.0000000180025095e-35 57.500000000000007 4.0150001049041757 18.500000000000004 1.2050000429153445 7.5000000000000009 4.3355998992919931 1.5000000000000002 4.5000000000000009 4.5000000000000009 6.5000000000000009 1.0000000180025095e-35 5.5000000000000009 117.50000000000001 5.5000000000000009 262.50000000000006 47.069480895996101 2.5000000000000004 4.5000000000000009 1.0000000180025095e-35 3.5000000000000004 3.5000000000000004 4.5000000000000009 31.500000000000004 21.500000000000004 21.482120513916019 3.5000000000000004 72.500000000000014 2.5000000000000004 6.5000000000000009 20.500000000000004 1.0000000180025095e-35 179.50000000000003 17.500000000000004 4.5000000000000009 2.9942500591278081 57.500000000000007 1.5000000000000002 20.500000000000004 49.950275421142585 5.5000000000000009
decision_type=8 2 1 2 10 10 2 10 10 8 10 2 2 10 2 10 8 2 1 2 8 2 2 2 10 2 10 10 2 10 2 10 2 10 10 2 10 10 10 10 2 2 10 10 10 10 10 8 8 10 8 2 2 2 8 10 10 2 2 8 10 10
left_child=2 16 4 5 7 9 15 25 13 50 11 -11 23 14 -5 46 37 19 30 20 -18 27 48 34 36 49 -13 45 57 -30 59 -12 38 -33 39 41 -17 -2 -14 -6 47 -19 -22 -40 -41 -8 -4 -21 -15 60 -3 -23 58 54 -16 -26 61 -9 -27 -10 -1 -31
right_child=1 3 6 8 12 -7 21 28 18 10 31 26 32 22 53 24 17 35 -20 40 42 51 -24 -25 55 52 -28 -29 29 56 -32 33 -34 -35 -36 -37 -38 -39 43 44 -42 -43 -44 -45 -46 -47 -48 -49 -50 -51 -52 -53 -54 -55 -56 -57 -58 -59 -60 -61 -62 -63
leaf_value=-0.030315926092662933 -0.05176238525040449 -0.042262744233996757 -0.013270326292989538 -0.023637922809526674 -0.01077553981143123 0.018342081900240403 -0.012915834768560655 0.014044472923285792 -0.058534618701291702 -0.014047799769082329 -0.017786015911529049 -0.056370434448803866 -0.01618378171156943 -0.018850317675561674 -0.06488605793566847 0.0066583802701990092 0.010308295293869195 0.0045647483813815422 -0.040348087341969291 0.015597984890610645 0.0036742003431544596 -0.0068108771385040614 -0.05279937260216383 -0.010316227830867643 -0.0037078572999540878 0.031074124940232546 -0.036964219225745901 0.04430605147765513 0.029912653697503084 -0.00031378645709385835 -0.026722253648477547 -0.020024281448647818 0.035582458118761429 -0.035369582685946803 -0.0023603834047412459 -0.074731383120188385 -0.014544008117228075 -0.0095467352133986605 0.023839541589079603 0.01785407403531182 0.028599938931134231 -0.043409486630483239 -0.014414179068917172 0.0072495000111183518 0.0058507799672218481 0.020007910567090212 -0.053123620343479762 0.0055390361974922385 -0.036419006112279176 0.044986268496688991 0.00079521350517070303 -0.081739171905120422 0.0036360235503371898 -0.062990624089922162 -0.048784873436297338 -0.018653275292953249 0.053879071159270965 -0.011701026130306762 0.044349537600674359 0.023199629693922766 0.036956471795082289 0.020097707608678472
leaf_weight=18.378812297945842 78.877357039076742 32.303755287925014 56.77434046874987 279.68044338900654 127.41652847782825 291.52593236006214 67.317889365862356 332.9577780253021 6.6655374342226414 430.79480713917292 1182.2520842030644 1007.7752491632418 56.355691269913223 232.685785953101 310.36957132574753 953.30059439073375 1274.659850440381 72.234403057256714 124.98912751287571 1474.7657932955772 342.68232644433738 23.05199371551862 573.31919180105615 345.89116000209469 380.40752187205362 2001.0578500699485 544.2614214757632 217.01972819305956 1975.4117390349275 121.57541391823906 73.222950093069812 587.93397189793177 464.37147136573913 1021.0870902807219 408.25018716912018 29.087201211892534 219.69810545619112 101.85583392169792 1653.5001282320009 1697.5643067024357 285.90145792497788 56.596380708739161 655.53622249353793 310.97590367356315 667.9339118397329 512.65918826387497 139.76015827099036 1046.0454405350029 1228.6004638377053 1644.6276296852157 391.12421903759241 16.122941115288995 65.015968802501447 1122.9283532284899 882.84805246158794 664.23571948724566 43.075600491487421 100.98306960912305 329.01254844130017 143.5993103638757 22.061155933886766 1894.6181702906324
leaf_count=365 8555 3796 3881 38128 4902 9028 4305 4468 666 35566 140788 193462 2104 33791 66068 36245 42102 4635 24723 28908 16513 1498 128220 22458 20660 13256 84333 1853 12065 3158 7350 80963 3544 159917 10047 4269 13621 5925 19660 28614 2356 5665 48249 6650 16022 15604 18905 24952 208727 4911 21901 1047 1112 266223 173240 56766 219 4120 1572 4305 146 21950
internal_value=0 -0.0214129 0.0193156 -0.035594 0.0237951 -0.0269224 -0.000439117 0.0297592 -0.0451469 -0.0294642 -0.0318475 -0.0418816 0.0149386 -0.0475583 -0.0542022 -0.0078351 0.00598648 0.00716974 -0.0130605 0.00826147 0.00217655 0.020893 -0.0390594 0.00871651 -0.0048132 0.0370933 -0.0495933 0.0238779 0.0230558 0.0246684 0.00393431 -0.0247072 0.0230613 -0.0297784 0.0109885 -0.0277778 0.00267825 -0.0281544 0.0201678 0.0131746 0.0131865 -0.0166827 -0.00820709 0.0212184 0.0144687 0.0161708 -0.0417364 0.0114277 -0.0336363 0.0440643 -0.00258156 -0.0389156 0.0321725 -0.0578811 -0.0530238 -0.0132196 0.0196255 0.00804007 0.0329669 0.019211 0.0063893 0.0188674
internal_weight=0 15886.2 17531.4 10468 14281 5489.06 3250.35 8548.78 4978.91 5197.53 4774.1 1982.83 5732.26 4630.43 2595.83 2414.18 5418.24 5237.51 348.477 5079.59 2272.88 836.172 2034.61 3247.06 2217.64 4080.15 1552.04 796.997 4468.62 4034.68 223.488 2791.27 2485.2 1609.02 2901.16 157.918 1173 180.733 2020.83 2492.91 2806.71 128.831 998.219 1964.48 2365.5 579.977 196.534 2520.81 1461.29 1685.07 423.428 39.1749 2395.09 2316.15 1193.22 1044.64 2059.27 433.941 2330.07 150.265 40.44 2016.19
internal_count=2229052 1873324 355728 1681195 181343 729754 174385 67342 951441 720726 695029 313361 114001 914397 543659 150078 192129 177649 37044 163080 106864 24307 370738 82043 127292 21362 277795 21762 45980 37392 12321 381668 31958 240880 59585 14569 49866 14480 28414 49538 56216 10300 64762 26310 44636 19909 22786 53860 242518 5422 25697 2545 15940 505531 239308 77426 25327 8588 14828 4971 511 25108
cat_boundaries=0 1 2
cat_threshold=35 81
is_linear=0
shrinkage=0.05


Tree=9
num_leaves=63
num_cat=11
split_feature=7 38 38 38 3 38 38 5 28 23 23 23 47 27 7 7 23 23 3 25 28 39 26 45 27 23 2 23 38 51 38 26 38 25 23 23 59 21 7 23 59 21 23 26 23 21 38 21 39 2 38 20 45 21 38 1 26 5 1 16 23 6
split_gain=4796.57 2250.86 869.428 302.229 297.813 269.61 164.795 143.531 142.604 133.398 127.788 121.533 103.752 135.258 102.136 80.2104 77.9282 56.7961 56.6011 52.8021 60.7505 51.239 49.106 47.3519 43.4138 42.0933 41.5375 37.0827 35.1498 32.7311 47.344 31.9821 31.8699 31.1292 29.5663 27.8379 27.1019 28.6453 26.7849 26.7792 25.5921 25.0792 25.0403 24.4732 23.6991 26.8173 23.6023 22.5849 21.2177 20.217 20.2337 20.0024 19.5451 19.7558 18.9783 18.5639 18.1424 17.6901 17.1636 16.8457 16.6993 16.5281
threshold=50.500000000000007 0 1 2 0.021096999756991867 3 4 3.1517000198364262 15796.500000000002 0.22837934643030169 0.35763147473335272 0.25019684433937078 3.5000000000000004 14.500000000000002 11.500000000000002 26.500000000000004 0.15687964856624606 0.20227966457605365 0.028544499538838867 2.5000000000000004 47582.500000000007 5.5000000000000009 0.23339140415191653 4.5000000000000009 3.5000000000000004 0.17190235108137134 1.7541999816894533 0.044978827238082893 5 0.16499999910593036 6 0.48373875021934515 7 6.5000000000000009 0.34044302999973303 0.59914469718933117 0.62019231915473949 19.500000000000004 23.500000000000004 1.0007824897766116 0.73214286565780651 3.5000000000000004 0.39410315454006201 0.30649213492870336 1.2001683712005617 2.5000000000000004 8 168.50000000000003 4.5000000000000009 1.7102000117301943 9 17.500000000000004 5.5000000000000009 14.500000000000002 10 171.50000000000003 0.52183446288108837 3.1716001033782963 1.5000000000000002 3.5000000000000004 0.23923829197883609 0.46979299187660223
decision_type=8 9 9 9 10 9 9 10 2 8 10 10 2 8 10 10 8 8 10 8 2 2 2 10 8 10 10 10 9 2 9 2 9 10 10 10 2 10 10 10 2 10 10 2 10 10 9 10 2 10 9 2 10 10 9 10 2 8 8 2 10 10
left_child=2 8 5 34 9 14 -4 10 17 -5 60 27 28 32 25 18 41 -2 22 56 49 46 40 38 -19 51 -26 -7 -11 30 42 54 -14 59 -3 55 37 -29 47 -17 52 -10 -24 -32 45 -16 -6 -12 -35 50 -21 -1 -13 -54 -27 -15 -18 -30 -33 -25 -8 -9
right_child=1 3 6 4 21 11 7 61 16 12 23 15 13 35 44 39 19 24 -20 20 -22 -23 29 33 26 31 -28 36 57 -31 43 58 -34 48 -36 -37 -38 -39 -40 -41 -42 -43 -44 -45 -46 -47 -48 -49 -50 -51 -52 -53 53 -55 -56 -57 -58 -59 -60 -61 -62 -63
leaf_value=0.024389525306445739 -0.041918947310998253 -0.062846953051407944 -0.028594924831469044 -0.056454537349579142 -0.01729048759175349 -0.053183765286398989 -0.048660532798452998 0.021117616564551467 -0.037859344228779214 0.0018414087536857201 0.019307468953849258 0.018187958681327682 -0.020899686119819214 -0.047842729566089398 -0.010167960613934511 0.013939838959975987 0.0095844550209285336 0.0005412748471690464 0.050610485189361856 0.0012881768977076478 0.018090759491800383 -0.029988041446942022 0.0099577856175727831 -0.0020472440076036952 -0.020526885351247384 0.035870562204388202 0.031573454585004657 -0.010796479239256692 0.047742246799322784 0.037392631427138522 0.0044485023476441843 0.049084226960331725 -0.032657101155256781 -0.015005703131806887 -0.049617427316615059 -0.036468950197172008 0.021451865502875082 0.025239814585433867 -0.0023697416251354706 0.00054778868458420476 0.033015083963256524 -0.0065061440204601979 0.02943872820314275 0.018878856237129864 0.014281416457314745 0.027199536887199866 0.01510992059498021 -0.0057804983176147082 0.0057532938849222809 0.041540328635088081 -0.010630353561183019 -0.012765782863072573 -0.043862238948252877 0.0079950252876752181 0.021531411495990877 -0.06870130810826848 0.019297850837702028 -0.027245416410434833 0.038552699305962466 0.016548622837290892 -0.022149366691003491 0.043811190043231946
leaf_weight=95.279481559060514 137.11442341574002 937.0706654022797 587.57509269070579 697.82788031603559 57.850711065257201 35.240117302280851 145.20315120788291 187.76140784609015 112.02037968521472 252.72909646341577 497.93521500736824 656.01926797191845 1022.2393085346266 1241.5163417361473 49.26659142668359 918.71157911003684 1025.6832895148837 689.94591473951004 158.88968154299073 1364.2052263639634 522.53640660794917 93.394524062779965 182.78706777072512 463.86281957605388 624.60214741781238 1118.8614889262244 39.873450177721679 423.61941499976092 7.2301994909066707 374.21101721096784 352.85035151906777 574.13134087622166 2200.1260120329825 759.40798487680149 830.0521862401074 575.91842701664427 108.02914050943218 62.414880938420538 362.04524828057038 628.44015265943017 151.00527868233621 147.57825470663374 1823.6904073522892 1777.1805540086934 641.07702128705569 1374.1925516921328 373.00438948060037 108.88882639526855 146.31255718748434 26.279356497107074 470.41167154730647 57.272301760036498 17.746978164184839 949.07488789840136 463.73236540658399 122.52803144950303 910.53708902135259 257.01272016888834 1340.6947230375372 164.05950552865397 104.88747350018821 144.30621576996055
leaf_count=601 18523 246015 77294 152664 8217 2696 23804 3330 11390 14592 12787 7780 132509 250091 1668 20247 28323 37115 735 47244 5787 10541 2049 22962 67394 3624 430 15333 462 2125 5984 1580 357775 57055 188761 99444 1845 1554 19062 20631 1263 7575 13035 21971 9867 13572 11755 3813 6117 323 35837 911 563 15182 3054 29386 21780 28848 5720 5486 10836 964
internal_value=0 -0.0213232 0.0171401 -0.0376504 -0.0327813 0.0226917 -0.00457996 7.98218e-05 0.00205152 -0.0358064 -0.00366978 0.017049 -0.0332599 -0.0353987 0.0311542 0.0187347 0.00642839 -0.0113677 0.0211895 0.00802869 0.00304403 0.00339097 0.0204377 -0.000257823 -0.00824626 0.0362398 -0.0173577 -0.00408108 -0.0118754 0.0232109 0.0219192 0.0373615 -0.0291011 -0.00572322 -0.0563457 -0.0458389 -0.00108381 -0.0061265 0.00839045 0.00850397 0.0133769 -0.0201288 0.0275327 0.0164146 0.0223009 0.0259 0.0106791 0.0148036 -0.0116496 -0.00118851 -0.00182286 0.0104481 0.0115303 0.0069988 0.0320476 -0.0497653 0.0141599 -0.0241123 0.0417344 0.00282995 -0.0376743 0.0310815
internal_weight=0 14739.3 18006.7 8668.5 6901.38 14334.4 3672.25 3084.67 6070.79 6377.13 2752.6 8619.91 5679.3 5162.33 5714.51 7990.61 4579.25 1491.54 6443.46 4319.65 2383.43 524.25 6284.57 2502.51 1354.42 3649.97 664.476 629.304 516.972 4510.72 4136.51 3497.42 3222.37 1533.64 1767.12 1939.96 594.063 486.034 968.869 1547.15 1773.85 259.599 2006.48 2130.03 2064.54 1423.46 430.855 606.824 905.721 1860.9 1834.62 152.552 1622.84 966.822 1582.59 1364.04 1936.22 264.243 1914.83 627.922 250.091 332.068
internal_count=2229881 1812781 417100 1531060 1096284 173590 243510 166216 281721 1065771 161922 132993 913107 869205 40597 111565 158259 123462 70687 139294 89191 30513 69952 127282 104939 15490 67824 21428 43902 45164 43039 13978 490284 91620 434776 378921 18732 16887 35662 40878 24788 18965 15084 27955 25107 15240 19972 16600 63172 83404 83081 1512 23525 15745 6678 279477 50103 29310 7300 28448 34640 4294
cat_boundaries=0 2 4 6 8 10 12 14 16 18 20 21
cat_threshold=1080033280 34078752 3497009156 306254048 2181171289 93732873 1073741824 32 100699720 93479965 286785828 404750850 268443652 268501056 402653184 406886480 1032623264 268436756 1077936128 32 1073741824
is_linear=0
shrinkage=0.05


Tree=10
num_leaves=63
num_cat=8
split_feature=7 38 38 38 38 3 28 23 27 57 3 7 2 27 47 27 23 50 7 23 23 34 16 23 38 23 25 57 27 23 23 44 57 50 25 7 23 57 58 23 23 38 6 7 27 58 38 21 34 57 58 32 59 45 34 38 21 2 20 22 57 44
split_gain=4326.83 2332.91 541.775 290.504 256.798 226.752 198.549 140.767 140.505 110.31 105.119 96.3328 85.0546 82.3652 77.291 135.771 63.3758 59.3086 56.9442 56.6188 52.4291 49.177 46.8935 46.8263 43.5645 41.7897 41.7379 41.1262 38.4163 38.15 37.506 37.4437 36.5094 36.452 45.8469 35.9629 35.7918 35.697 30.9479 30.4634 28.2162 26.7531 25.8029 27.7057 25.2848 24.8958 32.8351 23.6664 22.59 22.1641 21.9129 21.1701 21.1482 20.9469 20.8913 20.8356 20.4545 20.1734 19.4356 19.25 19.0106 18.7534
threshold=35.500000000000007 0 1 2 3 0.026539499871432785 24465.000000000004 0.3059400618076325 3.5000000000000004 1.0000000180025095e-35 0.018612499348819259 1.5000000000000002 2.9942500591278081 7.5000000000000009 3.5000000000000004 25.500000000000004 0.2178943678736687 1.0000000180025095e-35 65.500000000000014 0.17709264904260638 0.18719605356454852 5.5000000000000009 4.5000000000000009 0.23923829197883609 4 0.16198525577783587 3.5000000000000004 1.0000000180025095e-35 7.5000000000000009 0.31171460449695593 0.50499168038368236 24.500000000000004 1.0000000180025095e-35 1.0000000180025095e-35 2.5000000000000004 16.500000000000004 0.34044302999973303 1.0000000180025095e-35 1.0000000180025095e-35 0.22837934643030169 0.079399775713682189 5 0.28461250662803655 15.500000000000002 2.5000000000000004 1.5000000000000002 6 8.5000000000000018 57.500000000000007 1.0000000180025095e-35 1.5000000000000002 1.235000014305115 0.40588235855102545 9.5000000000000018 19.000000000000004 7 3.5000000000000004 12.403800010681154 10.500000000000002 91.071430206298842 1.0000000180025095e-35 2.5000000000000004
decision_type=8 9 9 9 9 10 2 8 8 2 10 10 10 10 2 8 8 2 8 10 10 2 2 10 9 8 10 2 10 10 10 2 2 2 8 10 10 2 2 8 10 9 10 10 10 2 9 10 2 2 2 2 2 10 2 9 10 10 2 8 2 2
left_child=2 6 9 30 10 7 8 47 23 11 13 44 16 17 41 18 -10 22 -16 31 -15 -11 -4 -2 -6 56 35 39 37 -24 -3 -13 45 34 49 51 -26 58 53 -7 -33 -9 43 -22 -1 46 -25 -5 -32 -27 -34 -21 59 -38 -49 -18 -8 -28 -20 -41 -31 -17
right_child=1 3 4 5 24 27 25 14 12 21 -12 19 -14 20 15 61 55 -19 28 26 42 -23 29 32 36 33 57 -29 -30 60 48 40 50 -35 -36 -37 38 -39 -40 52 -42 -43 -44 -45 -46 -47 -48 54 -50 -51 -52 -53 -54 -55 -56 -57 -58 -59 -60 -61 -62 -63
leaf_value=0.0446513147067224 -0.019433809486365642 -0.060254977547430602 0.0085698801035371183 -0.059862752386876383 -0.027201098262968799 -0.045047862735633576 -0.031047714532636012 -0.02843241140168111 -0.043918914719762697 -0.0035762148646859473 0.043597040970323908 0.023295861307782485 0.025295154220441214 -0.046122622324378505 -0.01569736902748009 -0.027689259833749744 -0.0051415350575596194 0.030724905597845742 -0.025689531621286194 0.039086155001954281 0.0095387688005215028 -0.085982007481989961 -0.00092854710523152114 0.0089762558553940757 -0.04167323796008273 0.017921533757992988 0.020613854631560624 -0.064041782154861032 -0.034944388102922379 0.021144431336198317 -0.037938030846209995 -0.052298017758936978 0.0036256386437285753 0.026930030114774572 0.0046514191619425405 0.022376405957111743 -0.00088314730045266484 -0.064490617657257596 0.014098327140350822 0.013119919517998499 -0.0003320721327531515 -0.0030452404665674455 0.03615896965955797 -0.0044184420159326891 0.025548140019409929 0.019804068505311124 -0.0073484186328492962 -0.033957026039795994 -0.055651064383489615 -0.021594186475579803 -0.049246084802966016 0.030179965307782726 0.026683989688347516 -0.019782333953524245 -0.054021670916666854 -0.0180822425836107 0.0006208804563225083 0.058362254740853992 -0.010930438345004963 -0.01334272467761987 -0.0080034747824917485 -0.050218060380428559
leaf_weight=1132.3569173635915 202.85376071825158 1036.6606310194329 2394.7176179300877 424.8964495149994 311.12044308223994 25.884130672522588 77.396683056664187 143.17348580999533 206.58900647360133 95.415856372797862 281.05511457967805 153.64315069204895 120.74392062111292 53.130505831970368 787.58204257453326 106.91570135299116 462.06326670118142 561.2768650680664 816.26437660492957 1121.7538315933198 716.32882554226671 21.372145829431247 231.2927768859663 1108.6556504128384 62.596137513959548 1342.3074431425775 1667.2741790637083 20.661893777840305 2014.7329108101112 2177.7858370199683 443.19643736410944 32.260582700546365 33.401282969396561 357.93434581265319 1725.233906884765 943.28872437332757 371.79698339148308 50.125654522096738 204.01761387052829 165.78640757768881 121.76224956806982 345.91772290124209 58.779416464967653 704.15302926665754 210.12763929460198 322.26167866500327 416.96136180128087 277.07770534887095 320.68333729093138 35.640726941579487 45.979618796583964 1733.3179946057498 127.88495703437366 241.17805105017032 259.40067194856238 1163.9539523232088 145.73347439535428 35.497006059624255 309.8714945273241 115.90562756772852 56.929686108604074 948.39613652798289
leaf_count=3453 14399 279862 51393 94610 40184 2945 6515 18099 33288 1792 1807 1565 2351 6299 86148 14784 27610 4452 117329 3789 15495 826 6724 31498 9971 23813 15876 3216 352954 26514 87894 1454 2290 4219 45763 9938 22557 8728 7746 7501 2319 23701 461 28422 1013 8736 31880 50805 83220 2719 5694 10175 4221 23512 58497 130614 4660 121 43424 8052 1603 207394
internal_value=0 -0.0178913 0.0187746 -0.0355869 0.0101033 -0.0308106 0.00206677 -0.0332516 -0.00552306 0.0287714 0.013646 0.0295986 -0.0152049 0.0124491 -0.0301672 -0.0320111 -0.0178856 0.0153415 -0.0277686 0.0267991 0.00221188 -0.0192584 0.0135591 0.00335828 -0.0113521 0.0104838 0.0279665 0.00321404 -0.0307422 0.0183987 -0.0536991 0.00590385 0.0057661 0.0118362 0.0100871 0.0308882 -0.00547945 -0.0235209 -0.00272579 0.00654463 -0.0114837 -0.0111621 0.00397789 0.00262174 0.0416825 0.00719754 0.00452338 -0.0509212 -0.0454372 0.0168845 -0.0272308 0.0336917 0.00990691 -0.00833923 -0.0437412 -0.0145531 -0.0104535 0.0214346 -0.0216417 0.00222286 0.0203986 -0.047964
internal_weight=0 16508.7 15694.2 8741.02 8426.16 6940.48 7767.71 6484.35 4083.46 7268.07 7235.45 7151.28 1953.35 6954.39 5522.98 5033.89 1832.61 5422 3978.58 5808.8 1532.39 116.788 4860.73 2130.11 1190.71 3684.25 5501.13 456.123 3190.99 2466.01 1800.54 307.666 1927.26 3461.12 3103.18 3798.36 879.589 1176.26 816.993 435.461 154.023 489.091 1479.26 1420.48 1342.48 1847.88 1525.62 961.375 763.88 1377.95 79.3809 2855.07 409.577 612.975 536.478 1626.02 223.13 1702.77 1126.14 281.692 2234.72 1055.31
internal_count=2228894 1929433 299461 1553384 247140 1102408 376049 1076473 288360 52321 143170 49703 193863 141363 872561 830761 191512 90686 608583 45237 50677 2618 86234 94497 103970 87689 39899 25935 522435 34841 450976 5338 80098 76514 72295 23902 63786 169481 53815 22719 3773 41800 44378 43917 4466 72114 63378 203912 171114 26532 7984 13964 19774 46069 109302 158224 11175 15997 160753 15553 28117 222178
cat_boundaries=0 2 4 6 8 10 12 14 16
cat_threshold=1080033280 34111522 1342177280 272629856 2181171289 93732873 2172150148 573150082 33590848 68297753 612640384 4210128 1077936128 32 1077936128 32
is_linear=0
shrinkage=0.05


Tree=11
num_leaves=63
num_cat=8
split_feature=7 38 38 38 7 2 6 23 28 38 23 26 38 21 47 21 21 38 7 23 26 28 59 23 57 57 26 39 7 16 21 26 38 58 39 23 21 23 57 16 2 26 38 57 21 26 57 23 46 58 57 39 21 57 45 26 21 43 45 39 45 34
split_gain=3891.17 1832.58 780.531 267.23 252.637 221.705 172.198 156.203 115.598 115.278 102.157 83.7566 70.4065 67.9349 66.2233 93.7456 62.337 54.9051 50.9654 50.6426 49.2063 52.661 44.6837 44.6435 39.7074 39.4975 37.2983 36.3325 35.9124 34.7131 33.9702 31.9722 30.9396 29.5969 28.2894 27.8851 27.6745 27.0748 26.8485 26.7114 25.633 33.3891 25.3232 24.0507 24.0334 22.2796 22.0916 22.0357 21.7144 21.697 21.6659 21.1887 21.0304 20.7003 20.5313 20.5281 30.1572 19.712 18.8529 18.6902 18.2177 19.1521
threshold=54.500000000000007 0 1 2 6.5000000000000009 3.0662500858306889 0.37401100993156439 0.36370794475078588 15796.500000000002 3 0.22837934643030169 0.52960655093193065 4 2.5000000000000004 3.5000000000000004 14.500000000000002 2.5000000000000004 5 26.500000000000004 0.20227966457605365 0.52183446288108837 47582.500000000007 0.042572464793920524 0.21248946338891986 1.0000000180025095e-35 1.0000000180025095e-35 0.30782540142536169 5.5000000000000009 18.500000000000004 10.500000000000002 5.5000000000000009 0.24012986570596698 6 1.0000000180025095e-35 1.0000000180025095e-35 0.34044302999973303 303.50000000000006 0.15687964856624606 1.0000000180025095e-35 2.5000000000000004 1.7333499789237978 0.37478522956371313 7 1.0000000180025095e-35 10.500000000000002 0.49038106203079229 1.0000000180025095e-35 1.0340281128883364 46.861371994018562 1.5000000000000002 1.0000000180025095e-35 4.5000000000000009 5.5000000000000009 1.0000000180025095e-35 3.5000000000000004 0.30782540142536169 9.5000000000000018 1.0000000180025095e-35 9.5000000000000018 4.5000000000000009 5.5000000000000009 27.500000000000004
decision_type=8 9 9 9 10 10 10 10 2 9 8 2 9 10 2 10 8 9 10 8 2 2 2 10 2 2 2 2 10 2 10 2 9 2 2 8 10 10 2 2 10 2 9 2 10 2 2 10 10 2 2 2 10 2 10 2 10 2 8 2 10 2
left_child=2 8 4 5 12 10 7 -4 19 -9 -3 13 30 -6 -12 -16 48 35 32 -2 21 26 28 -14 37 29 54 -7 36 49 -1 60 44 34 55 -5 58 -13 -35 -39 41 -21 -36 -22 -15 -32 52 -20 -10 -25 -24 -40 -28 -33 -18 56 -34 -37 -11 -52 61 -17
right_child=1 3 6 17 11 27 -8 9 16 22 14 24 23 18 15 31 20 -19 47 40 43 -23 50 25 -26 -27 46 -29 -30 -31 45 53 33 38 42 57 -38 39 51 -41 -42 -43 -44 -45 -46 -47 -48 -49 -50 -51 59 -53 -54 -55 -56 -57 -58 -59 -60 -61 -62 -63
leaf_value=0.018927555929626826 -0.0412581441338076 -0.052811266764977806 -0.041192292518112239 -0.055539101061590594 -0.027406957056689604 0.011684827967263715 0.034869305827743911 -0.02471264372388203 -0.054942544608941192 0.011816906044757462 -0.010470495272832435 -0.00088909059163671828 -0.0073463683934172344 0.00091189119780614588 -0.043601364940931087 -0.01738012128822175 0.0017527323698370003 -0.056622828591522525 0.010721933512231288 -0.016687672840974624 0.018199753575560019 0.017497969037994797 0.014523394311048481 0.019410260407237513 -0.014027612255361364 -0.015773482425521037 -0.010892863022056623 -0.027614273914116645 -0.010651581347225082 0.031322183843914643 0.034590425024214576 -0.014153368160423917 -0.029034583550188283 0.022895655071365012 0.011923818514377051 -0.016733306794533418 -0.020412773351507318 0.018518571677893624 0.0095092859172988282 0.032170323108065599 0.027410855451285326 -0.00010757273964139404 -0.010769488940824051 -0.031571567886198297 0.028800241658499537 0.046591163286938284 -0.027630885839873588 2.686131926458477e-05 -0.011641167356383125 0.035849323130565942 0.012744898178170786 -0.047889480186172069 0.0096669537550922585 -0.054793561171126062 -0.010937101196671762 0.018258170422895428 0.010457209226938541 -0.039413438687904159 -0.0036443267732396306 -0.056131717449796698 -0.032505175961693243 -0.034718536837040674
leaf_weight=219.49073028797284 123.35548447238398 506.16075942257885 323.62634665952646 265.35322402350721 102.66848312396905 371.71230394404847 248.02190497005358 572.50463765140739 49.092638800677378 536.6500145017053 433.21640669190674 86.768930924125016 104.2405169524136 86.6765039449092 1084.5582091106917 518.47004640636442 578.65842874493683 1255.0667822197865 1378.7844579608354 674.66639168013353 906.99523308599601 582.44639929896221 551.71582306464552 1590.7742877013516 62.587527177325683 55.729212331585586 137.30637012890656 68.859160695545143 945.04848722579482 1812.7367308530957 880.85847731493413 599.16581868796493 50.157738383393735 1102.5428835477214 228.14630971301813 106.37240661116084 109.88987262506271 535.68294631887693 51.629536971915513 1115.3673796365038 48.694730631774291 551.51539791226969 241.98043703977601 24.060236370452913 714.53644394449657 723.94877834431827 44.946821604738943 739.87204679480055 70.29296164092375 230.92345298174769 17.947920337610412 22.192133642383851 1247.8907151633757 32.238293900736608 707.98311347141862 1169.0163560502697 891.91309202613775 1197.7948238524405 310.73135975626064 20.036136118636932 1413.8658051199745 232.30162090019439
leaf_count=1363 18254 116878 51378 65735 6063 13957 2099 77147 6406 15550 35101 1917 2233 1125 218716 76350 17566 349192 34860 67562 20111 6926 16717 12778 2162 1008 6785 7479 74871 10772 2851 83400 2289 11659 4650 14949 6881 6922 1345 9978 680 34783 5462 2632 4964 2050 4548 25318 4507 1142 1073 1014 40757 5730 41692 14590 15873 244375 14754 1596 237419 40822
internal_value=0 -0.019906 0.0154293 -0.0352263 0.0207137 -0.0283921 -0.005249 -0.00821068 0.00170457 -0.00471538 -0.0315489 0.0153283 0.0289707 0.0127793 -0.0290424 -0.0311125 0.00572778 -0.0477949 0.0134012 -0.0107939 0.00673598 0.00386875 -1.40505e-05 0.0247946 0.0249152 0.0257714 0.00094144 0.00549394 -0.0037425 0.0264126 0.0372983 -0.0262543 0.0163791 0.0143284 0.0113629 -0.0403907 0.00308236 0.026325 0.0209418 0.0277549 -0.00781624 -0.00923639 0.000269709 0.0168811 0.0254706 0.0400298 0.00649611 0.0069888 -0.0297556 0.0215126 0.0119993 -0.00815526 0.00762259 -0.0163117 -0.005233 0.013832 0.00832603 -0.0375778 0.00614972 -0.0240946 -0.0291456 -0.022784
internal_weight=0 13833 17835.4 8085.14 14199.2 5260.55 3636.17 3388.15 5747.9 3064.52 4819.98 8580.52 5618.7 6780.12 4313.82 3880.6 4349.67 2824.59 6677.45 1398.23 4230.29 3299.23 2492.02 3794.4 1800.41 3690.16 2716.79 440.571 1902.32 3634.43 1824.3 2796.04 4558.79 3757.58 2581.21 1569.52 957.271 1737.82 1176.36 1651.05 1274.88 1226.18 470.127 931.055 801.213 1604.81 1430.14 2118.66 119.386 1821.7 589.7 73.8217 1385.2 631.404 1286.64 2111.09 942.071 1304.17 847.381 37.9841 2164.64 750.772
internal_count=2229766 1783312 446454 1510103 184388 835852 262066 259967 273209 208589 814416 150191 34197 129212 697538 662437 151930 674251 123149 121279 141017 118274 131442 27933 20979 25700 111348 21436 112056 24692 6264 443721 62971 56882 42864 325059 37185 18817 14018 16900 103025 102345 10112 22743 6089 4901 52090 60178 10913 13920 19386 2359 47542 89130 59258 32752 18162 259324 30304 2669 354591 117172
cat_boundaries=0 2 4 6 8 9 11 13 15
cat_threshold=1080033280 34078752 3495960836 306254048 898656134 945928402 100699712 93742109 1073741824 2282524721 263940 1073741824 268435456 2147491844 65664
is_linear=0
shrinkage=0.05


Tree=12
num_leaves=63
num_cat=10
split_feature=7 38 38 38 38 3 38 6 23 23 23 38 7 23 43 21 0 21 25 57 3 7 26 39 21 27 17 23 38 0 16 23 27 34 27 38 23 27 26 3 44 22 39 57 39 46 16 38 50 26 26 57 39 7 21 39 57 45 38 0 34 23
split_gain=3468.25 1657.88 692.126 224.27 208.509 205.119 160.009 149.481 144.857 115.952 102.436 97.2107 85.7803 78.9609 67.1323 100.878 59.1924 55.5574 54.6282 48.6989 48.1082 47.5219 44.1371 38.9648 38.0585 35.8378 39.9714 34.1794 32.0053 31.9421 31.6655 30.8009 30.5812 26.6 26.4658 24.9298 24.7974 23.459 23.0985 22.381 20.799 21.8667 20.4213 20.0946 19.7982 19.2066 19.0728 18.938 18.8119 18.5924 18.5451 17.0078 24.1695 16.4018 16.2933 16.2058 21.4801 16.0916 16.5732 15.9643 15.6042 15.4064
threshold=54.500000000000007 0 1 2 3 0.020934499800205234 4 0.35250449180603033 0.35763147473335272 0.2178943678736687 0.28882181644439703 5 11.500000000000002 0.20227966457605365 1.0000000180025095e-35 14.500000000000002 3483.564575195313 2.5000000000000004 2.5000000000000004 1.0000000180025095e-35 0.02803249936550856 22.500000000000004 0.50083056092262279 5.5000000000000009 5.5000000000000009 4.5000000000000009 16.500000000000004 0.044978827238082893 6 14414.023925781252 1.5000000000000002 0.96412628889083873 9.5000000000000018 5.5000000000000009 4.5000000000000009 7 0.49219426512718206 10.500000000000002 0.40754985809326177 0.21876600384712222 24.500000000000004 33.675439834594734 3.5000000000000004 1.0000000180025095e-35 6.5000000000000009 48.149999618530281 2.5000000000000004 8 1.0000000180025095e-35 0.21416040509939197 0.33275663852691656 1.0000000180025095e-35 3.5000000000000004 26.500000000000004 5.5000000000000009 5.5000000000000009 1.0000000180025095e-35 4.5000000000000009 9 1100.1980590820315 57.500000000000007 0.12295823171734811
decision_type=8 9 9 9 9 10 9 10 10 10 8 9 10 8 2 10 10 8 10 2 10 10 2 2 10 10 2 10 9 10 2 10 10 2 8 9 10 10 2 8 2 10 2 2 2 10 2 9 2 2 2 2 2 10 10 2 2 10 9 8 2 10
left_child=2 6 3 21 36 10 17 8 -4 27 -6 46 25 -8 35 59 20 45 51 22 34 24 29 47 61 26 -11 -5 43 50 -13 37 55 42 -15 -12 -3 -20 -26 -27 41 -29 -21 49 -41 -2 -10 -7 -18 -17 -19 -14 -53 -33 -52 -32 -57 58 -34 -16 -38 -1
right_child=1 4 7 9 5 23 13 -9 11 12 14 30 18 16 15 28 48 19 31 33 -22 -23 -24 -25 38 39 -28 40 -30 -31 32 53 57 -35 -36 -37 60 -39 -40 44 -42 -43 -44 -45 -46 -47 -48 -49 -50 -51 54 52 -54 -55 -56 56 -58 -59 -60 -61 -62 -63
leaf_value=-0.0098147447151036311 -0.051406088327595259 -0.058489647438809966 -0.040404783382874843 -0.044633081676898299 -0.051285100650863315 0.011164061990579247 -0.039709601146157673 0.029924441962673316 -0.029756303065551881 0.020903116761204359 -0.0032385882461869078 -0.0095484510488284269 0.020247519024376836 -0.0071140547448972748 -0.064158853548303432 -0.025460611170225928 0.00034827549893168996 -0.0017590306435092422 0.016181535454922621 0.0083381084485479508 0.023427758673758896 0.014080263086911089 0.01656009462461246 -0.02990804984381136 0.030107525185914696 0.048947199538529829 0.031528715925162702 -0.025394610295140993 -0.033947087423296191 0.023845034810221433 0.0065897081913209206 0.0077042418051338464 0.014592154845856945 -0.070347396726702413 -0.020703349579440186 -0.026657088411303709 -0.036715019842859541 0.00013446990095506472 0.041290895716889348 0.013122759054548695 -0.0068076198512197475 0.017121425839080551 -0.043696700071101727 -0.052852528431119927 0.033927233355529288 -0.009742070522644565 -0.011983679008907379 -0.015718390318396332 0.020414038215289195 -0.01327986594308393 -0.010326591631393992 0.01772275390454188 -0.037018493111522326 -0.0035610587532377892 0.0088860518692313942 0.029996250957941298 -0.052047463548527476 -0.011699749173746605 -0.0054224350429822729 -0.043995178630540345 -0.053599034068593315 0.022444513482481703
leaf_weight=45.089141891803592 49.731125176185742 864.26777229440631 306.62751074435073 44.83159700082615 732.0497075823514 335.29693845225847 208.74528834715602 285.50954673870001 357.60453161364421 2295.5665925537469 285.06415038282285 630.5884029220615 2114.5858447534265 617.88687112164916 114.53018377571425 1009.9167268097226 505.82652153164963 1131.512048226461 1403.788549042365 48.0578617133433 85.243531538057141 297.79435262229526 1067.542974086944 89.847278364177328 716.29584420798346 48.997475849464536 1453.8166517363861 34.164475808211137 1483.6332364279951 195.89428159641102 913.09170749236364 861.50215047679376 161.91096435199142 25.174727933073882 856.79643071352621 191.16114789107814 302.36456766957417 271.83845445764018 1387.4489444072824 1378.3116986323148 421.51760135416407 218.70947354158852 29.762540925934445 53.092628157755826 124.29862069513183 62.124452424468473 264.39286018634448 71.476450508664129 150.89059606502997 459.61925308071659 121.24831749725854 53.380141410831129 31.052816033596173 515.8958502264577 1147.2082799606869 128.26797585532768 7.607844208716414 365.42608521791408 248.68587728022248 983.62667044749833 272.66091619724466 193.68001939170063
leaf_count=687 6474 257634 50970 3301 174274 10659 34349 2655 50547 18613 23240 37973 28928 56696 30664 165225 26730 38774 25158 2733 1525 4757 24617 11447 2738 192 8590 1083 280283 1733 38920 15953 5148 4044 106614 25870 67557 7511 4604 15889 14865 4592 3033 10133 1015 3664 32611 10378 2272 67264 5720 1445 1576 20219 34673 2765 672 29497 12783 215530 78647 982
internal_value=0 -0.0190761 0.0145819 0.0196685 -0.0353585 -0.0309732 -0.000293598 -0.00474276 -0.00768946 0.0165559 -0.0338985 -0.00441787 0.0178944 -0.0103404 -0.0311093 -0.0331718 -0.00760462 0.00600096 0.0133609 0.00705052 -0.0129036 0.0328331 0.00800638 -0.000296172 0.0353501 0.0223826 0.0250305 -0.00285077 -0.0284155 0.00448366 0.000101503 0.00902827 0.00343981 -0.0266983 -0.0150182 -0.0133016 -0.0526895 0.0135798 0.0374992 0.0159723 -1.12348e-05 0.0112999 -0.0118646 -0.0226355 0.0148652 -0.0285573 -0.0218818 0.00630174 0.00498271 -0.0216625 0.00289404 0.0193692 -0.00260767 0.00348537 0.00704288 0.00900326 0.0250558 -0.00408235 0.00270899 -0.0461546 -0.0448001 0.0163372
internal_weight=0 13552.3 17582.3 13912.6 7248.61 5809.31 6303.65 3669.71 3384.2 11272.3 5312.69 3077.58 10553 2425.39 4580.64 4104.42 2216.64 3878.26 5252.04 3766.4 1559.93 2640.31 3663.41 496.621 2342.51 5300.99 3749.38 719.223 3006.26 2595.86 2455.58 3053.03 1824.99 102.995 1474.68 476.225 1439.29 1675.63 2103.74 1551.61 674.392 252.874 77.8204 1522.63 1502.61 111.856 621.997 406.773 656.717 1469.54 2399.97 2199.02 84.433 1377.4 1268.46 1048.97 135.876 776.023 410.597 1098.16 575.025 238.769
internal_count=2229695 1782456 447239 182698 1428805 1024967 353651 264541 261886 168930 992483 210916 145089 228186 818209 769099 193837 125465 100790 115327 164835 13768 105517 32484 9011 44299 27203 23841 522905 80900 127758 68841 89785 9810 163310 49110 403838 32669 7342 17096 20540 5675 5766 242622 16904 10138 83158 21037 29002 232489 79167 31949 3021 36172 40393 42357 3437 47428 17931 246194 146204 1669
cat_boundaries=0 2 4 5 7 9 11 13 15 17 19
cat_threshold=1080033280 302546976 3495960836 306249952 1073741824 2181171289 93470729 1077936128 32 100699736 93742109 411050628 138492096 295194918 134283778 1073666 677452482 1966208 536871424
is_linear=0
shrinkage=0.05


Tree=13
num_leaves=63
num_cat=12
split_feature=7 38 38 23 43 38 38 3 28 23 2 38 23 38 57 57 23 38 27 16 3 21 59 38 38 34 21 7 34 23 38 34 25 0 29 21 58 58 58 21 27 27 17 3 31 34 57 57 27 21 23 21 25 3 7 23 38 7 55 48 45 38
split_gain=3048.7 1758.57 419.523 227.665 219.944 191.814 146.676 125.851 95.6798 91.1772 77.8654 77.3705 71.9146 65.7125 63.7403 56.3656 57.6227 55.8943 55.6346 56.7509 52.8002 46.2752 45.4169 43.5016 38.682 36.6428 34.7674 33.3286 33.1357 30.7415 29.6857 29.2791 28.5049 29.0642 28.3922 28.3246 28.3222 27.4556 27.3242 29.7869 26.2242 25.6742 27.08 24.8604 24.408 24.3403 23.4189 22.363 21.753 21.3507 20.7397 20.615 19.5216 19.0625 19.0619 18.936 18.4486 18.1516 17.7737 17.628 17.0645 19.095
threshold=35.500000000000007 0 1 0.41938136518001562 1.0000000180025095e-35 2 3 0.026539499871432785 36545.500000000007 0.27279774844646459 10.859250068664553 4 0.20227966457605365 5 1.0000000180025095e-35 1.0000000180025095e-35 0.16198525577783587 6 7.5000000000000009 4.5000000000000009 0.027129999361932281 30.500000000000004 0.45227272808551794 7 8 20.500000000000004 1.5000000000000002 65.500000000000014 5.5000000000000009 0.39410315454006201 9 5.5000000000000009 2.5000000000000004 10536.842285156252 4989.0000000000009 5.5000000000000009 1.5000000000000002 1.5000000000000002 1.5000000000000002 303.50000000000006 4.5000000000000009 4.5000000000000009 16.500000000000004 0.070203002542257323 259.50000000000006 105.00000000000001 1.0000000180025095e-35 1.0000000180025095e-35 7.5000000000000009 5.5000000000000009 0.10871355608105661 5.5000000000000009 2.5000000000000004 0.030635000206530098 11.500000000000002 0.11825205385684968 10 93.500000000000014 237.50000000000003 3.5000000000000004 4.5000000000000009 11
decision_type=8 9 9 10 2 9 9 10 2 10 8 9 8 9 2 2 8 9 10 2 10 10 2 9 9 2 10 8 2 10 9 2 8 10 2 10 2 2 2 10 8 10 2 10 2 2 2 2 10 10 8 8 10 10 10 8 9 8 8 10 10 9
left_child=2 6 14 4 23 9 15 11 12 25 -11 45 -8 47 17 16 49 35 19 34 40 44 32 53 -7 50 59 -13 37 -26 -23 -16 -18 -34 56 -1 41 -17 39 60 -14 42 -28 -31 55 57 48 -9 -29 -2 -4 -10 54 -3 -37 -6 -12 -5 -21 -19 -20 -62
right_child=1 3 5 7 21 24 8 13 51 10 18 27 20 -15 31 28 22 26 38 58 -22 30 -24 -25 29 -27 36 46 -30 43 -32 -33 33 -35 -36 52 -38 -39 -40 -41 -42 -43 -44 -45 -46 -47 -48 -49 -50 -51 -52 -53 -54 -55 -56 -57 -58 -59 -60 -61 61 -63
leaf_value=0.017031030902302478 -0.025148365001765094 -0.0075337583438013379 -0.023411973891875534 -0.025691602858130127 -0.058214459960315761 -0.027502230415293323 -0.040825497646836212 0.019645559488605288 -0.029183773847828737 0.041172617509925902 -0.0018586436580086904 -0.010340979607948303 -0.0049266910567922779 -0.026691161208369618 -0.0026495388465618227 0.017200243130225456 0.010546324829748085 -0.065395307167496849 0.0097321076730455397 0.073338310050394193 0.023677136592275307 -0.044799209655429828 0.01888580693924035 -0.033171627378638234 -0.035256202327739808 -0.04480696373554191 0.019888949173692369 -0.016801306419660361 -0.071987608234866426 -0.0040216856490709928 -0.014636503030074965 -0.079805357544092709 -0.0012513226780468355 0.019638369774747685 0.018525553511138045 0.04048975210277761 0.03402107828040131 -0.032401770846381378 0.024099095114329991 -0.029212662818739799 -0.016624904291550776 0.011767647890252357 0.031073461617325798 0.040551294721428877 -0.057722030711754184 -0.06029879888780762 -0.053087980491582309 -0.053534975152270493 -0.027723846099688171 0.0045781895035472706 0.0021337022341010544 0.0099068892379340443 0.02752528764725691 0.028782765373595816 0.025429441094838735 -0.044219564944728652 0.00925050586157539 -0.038784329499606966 0.019329408489076511 0.0051269792007000679 0.010213581864113884 -0.0073933437654765399
leaf_weight=252.52608507644618 172.51009781070752 363.0398204519588 100.04068081855075 380.7478403836576 302.7694587498263 236.00902172908536 201.59075095938169 259.07112100708764 34.415282495188876 243.86053535493556 511.18130223275512 517.78496785665629 852.33113548517576 120.66234369651647 81.897726493538357 46.891838458133861 1917.5984482417989 15.123152287094852 585.68735653265321 14.447744142264126 111.83910567814019 191.50642383533705 942.93552489764988 180.35838568514737 76.313445787265664 59.054311903804773 1700.0184356794925 745.55952697942848 27.921434615214821 814.83247556647984 197.53080900313216 13.48405329021625 1325.9537185324443 189.40462925517932 633.37251206685323 1267.6211448181421 512.39833515556529 66.150418202130822 150.15065991092706 72.780320063262479 1096.3673771771864 578.75447785772849 802.24624478456099 31.533056512678741 714.62777545128483 104.2805560486886 69.244361156830564 9.9327546893618983 1200.7229269240925 92.245043851260561 371.23470368993003 725.81497325593955 658.40280879940838 39.129873244441114 259.97763115167618 1505.1391043422627 1390.0495707927621 943.71928949264111 2868.8040123531828 19.377365343738347 214.84164419211447 475.28112782299286
leaf_count=1787 13869 33122 5861 66021 75377 33578 35356 8022 2667 1515 15812 57625 71244 20876 1797 2054 45473 673 13241 33 2011 50065 21842 35465 11716 7867 15197 111470 4552 56538 34140 699 48056 1862 8101 3932 3262 5516 2101 3784 128336 7171 4447 477 207931 32253 13612 1551 218628 3297 9999 19242 2772 1022 1821 346959 26276 210617 33531 455 5224 19907
internal_value=0 -0.0154307 0.016108 -0.0321239 -0.0416731 0.00909584 0.0013934 -0.0245226 -0.00721311 0.0119549 0.0134521 -0.0271885 -0.012393 0.00258465 0.0261185 0.00683746 0.00779967 0.0267989 0.0124689 0.0148272 -0.00959285 -0.0472834 0.00917088 -0.0135987 -0.0098153 -0.00802171 0.0225699 -0.0215985 -0.0241895 -0.00502051 -0.031085 -0.0142718 0.00649774 0.00137091 0.00936344 0.0328515 0.0231136 -0.0118556 0.00393961 0.00167887 -0.0115134 0.0212891 0.0234858 -0.00231513 -0.0497683 -0.0366705 -0.0245911 0.0161568 -0.0235505 -0.0148129 -0.00332713 0.00810126 0.0348207 -0.00384234 0.037945 -0.0465942 0.00630306 -0.0350428 0.0196254 -0.0267575 0.00346262 -0.00186449
internal_weight=0 15649.8 15011.3 7845.83 3494.1 8849.47 7803.97 4351.73 3022.36 7690.79 7160.46 3962.06 2262.13 389.666 6161.83 4781.61 4640.65 6066.45 6916.6 5417.86 2060.54 2911.57 4375.89 582.528 1158.69 530.33 3627.92 2533.31 140.964 922.679 389.037 95.3818 3432.96 1515.36 2534.6 2438.53 3593.42 113.042 1498.74 1348.59 1948.7 3081.02 2502.26 846.366 2522.54 1428.75 2015.53 269.004 1946.28 264.755 471.275 760.23 2186 402.17 1527.6 1807.91 1901.23 1324.47 2883.25 34.5005 1275.81 690.123
internal_count=2229707 1930133 299574 1524756 784081 255561 405377 740675 258856 153252 129525 710226 236947 30449 44013 146521 134399 41517 128010 83753 201591 714472 117233 69609 102309 23727 31205 401335 12122 68731 84205 2496 95391 49918 50189 10312 30077 7570 44257 42156 199580 26815 19644 57015 630267 308891 343710 9573 330098 17166 15860 21909 8525 34144 5753 422336 42088 276638 33564 1128 38372 25131
cat_boundaries=0 2 4 6 8 10 12 13 15 17 19 21 23
cat_threshold=1080033280 302546976 1073741824 272629856 2440061348 573150082 1077936128 32 34348147 632702477 3155177858 677452482 1073741824 966324535 673251846 100699200 68297736 789321971 25313823 2147483648 573083904 5251076 528384
is_linear=0
shrinkage=0.05


Tree=14
num_leaves=63
num_cat=12
split_feature=7 38 38 23 43 28 38 2 27 38 38 5 23 23 23 7 21 59 16 2 38 21 27 23 38 21 38 51 25 34 39 23 17 31 1 38 21 25 16 16 23 38 27 23 59 25 38 23 17 27 39 38 55 15 2 21 45 46 46 3 7 55
split_gain=2798.86 1655.49 345.437 258.058 206.138 135.676 127.412 117.763 109.097 101.343 89.2833 82.2529 66.2967 56.4934 53.5155 52.3785 48.0298 47.0851 45.6855 39.8609 37.4179 35.3163 35.0107 32.4885 32.1459 31.511 30.8615 29.9716 37.0698 29.8642 28.9887 25.8821 24.9895 23.3887 21.5176 23.6583 20.7183 20.5477 19.4706 19.2836 19.0257 28.5775 18.9576 18.4999 18.4639 18.3363 18.1699 17.3444 16.9007 16.6983 16.3966 16.2879 16.1384 15.8867 15.4238 15.2019 15.1384 15.0962 14.6692 13.6469 14.0155 13.4795
threshold=30.500000000000004 0 1 0.41938136518001562 1.0000000180025095e-35 24465.000000000004 2 2.9050500392913823 3.5000000000000004 3 4 3.0913500785827641 0.31749305129051214 0.2075627148151398 0.14182437956333163 105.50000000000001 30.500000000000004 0.040833333507180221 9.5000000000000018 2.9942500591278081 5 4.5000000000000009 6.5000000000000009 0.13231377303600314 6 5.5000000000000009 7 0.17500000447034839 2.5000000000000004 7.0000000000000009 5.5000000000000009 0.23923829197883609 10.500000000000002 253.50000000000003 4.5000000000000009 8 14.500000000000002 1.5000000000000002 3.5000000000000004 1.5000000000000002 0.61374524235725414 9 4.5000000000000009 0.31171460449695593 0.45227272808551794 3.5000000000000004 10 0.093599900603294386 1.5000000000000002 7.5000000000000009 4.5000000000000009 11 189.00000000000003 1.5000000000000002 8.5373997688293475 13.500000000000002 7.5000000000000009 43.862970352172859 54.415000915527351 0.033501999452710159 48.500000000000007 169.00000000000003
decision_type=8 9 9 10 2 2 9 10 8 9 9 10 10 8 10 8 10 2 2 10 9 8 10 10 9 10 9 2 8 2 2 10 2 2 8 9 10 10 2 2 10 9 10 10 2 10 9 8 2 10 2 9 8 2 10 10 10 10 8 10 8 8
left_child=2 5 10 4 20 8 7 15 23 30 25 14 29 -10 -11 -5 33 22 34 46 53 31 32 -2 -8 43 59 28 -23 -12 -4 57 -16 47 -14 -36 -31 -25 51 -26 41 -40 -20 -1 -30 48 -15 -6 -27 -17 -9 -24 -19 -3 61 -48 -46 -7 -29 60 -18 -37
right_child=1 3 9 6 16 21 24 50 13 11 12 -13 18 19 17 49 26 52 42 -21 -22 27 38 37 39 45 -28 58 44 36 -32 -33 -34 -35 35 54 -38 -39 40 -41 -42 -43 -44 -45 56 -47 55 -49 -50 -51 -52 -53 -54 -55 -56 -57 -58 -59 -60 -61 -62 -63
leaf_value=0.0033990421901378743 -0.026945938992331775 -0.0081581235071307226 -0.0160419322371903 -0.0098082707445939915 -0.058422420511697784 -0.038967433034264018 -0.047190345540954179 0.018505109920300661 -0.038011772362267535 -0.029033421355009616 0.012582725981139102 0.036310114232273559 0.025295175735134262 -0.0031291990236937423 0.0055097989247025678 -0.018882044223381272 0.008815957276638451 0.073689341083158139 0.030843138939488264 0.026468310877096807 -0.031772380641182152 0.014133453667431765 0.001081301268610707 0.010307105106031562 -0.032414702951058215 0.0082376908333582077 -0.043378924169154953 0.015607371592514832 0.00059189835201292542 -0.019384674472752748 0.013938488839728378 0.0080853219360183335 0.016723763775646234 -0.056463833078043035 0.004552826883094707 0.072389553691725131 0.01328751975538848 0.00038167626570585625 0.0061593455506461989 -0.019428120922191899 0.0073585066796392389 -0.025834303396143406 0.020288551172724666 0.03085558776050279 0.02037944694537926 0.021292103695705666 -0.022320616691416731 -0.043503936908473706 0.036209541057473045 -0.029682971464583568 -0.0063905813199599945 -0.021356941797717553 0.016394913333058255 0.025857788296672391 0.053140503903122784 -0.010843670014394773 0.0022273506982961691 -0.0079497054454917612 0.036382021559675327 0.029454792597013987 -0.02496064809840734 0.017028709237707811
leaf_weight=148.64258462685393 86.25344198953826 379.29841696872609 555.05195800698129 897.76665555953514 234.91955828893697 71.153738590626745 366.34919760320918 252.32798836161965 200.94672752983752 95.379865419818088 410.91031853330787 267.41075346095022 744.27494338888209 488.44783362554153 1452.6912758311082 629.61890677009069 38.393361181544606 11.505031125620006 1353.188576389628 70.572593656834215 188.16023913768004 1434.2517553822836 149.61505678083631 841.23385873090592 1065.9387777271186 56.394829678349197 199.62850524003443 243.80627857064246 1405.8097389764735 164.24382921907818 93.511800069565652 128.37400243675802 755.32765428785933 718.41419762959413 433.7344001843594 10.155177056789396 67.872790199355222 1369.2326726027823 150.60691251934622 398.75123645654821 627.60044054331956 116.24110725680657 633.84712355013471 103.81083729141392 250.98327960108873 271.94151671744476 441.89253360099974 1514.443990940068 1774.6104449122213 855.74653404556739 88.930215657950612 175.115662375174 1222.3591757914983 36.75735499363509 29.805582223460078 840.65889890521066 211.5723305058491 87.404708717542235 132.03199705097359 15.727778665139338 144.28428058192367 2002.2767985350802
leaf_count=1386 8479 30287 59247 101594 60445 6034 106262 7292 35020 8591 5453 1838 5259 28360 34003 97125 2831 43 8191 876 37965 27383 5875 27747 213880 476 52733 3573 42076 4922 5316 3296 9879 216558 7555 17 948 71474 4600 63519 20383 7513 6346 412 5085 1246 52556 359889 6616 163507 6784 11563 20255 1478 107 95091 7161 4438 1141 865 29102 20193
internal_value=0 -0.0140525 0.0164861 -0.0302257 -0.0405381 0.00161318 -0.0224295 -0.015369 -0.00449383 0.00695253 0.0230382 0.00935815 0.0196162 -0.0128979 0.00785525 -0.0193586 -0.0461331 0.00861617 0.0215199 -0.0101384 -0.0139686 0.00829945 0.00559792 0.00298246 -0.0326585 0.0314068 -0.0298802 0.00961753 0.00809007 0.00449501 -0.011527 -0.00857287 0.00935175 -0.0487414 0.0178299 0.0155765 -0.00981504 0.00416193 -0.00120263 -0.0286991 0.00260626 -0.00855632 0.0274882 0.0147666 0.00344579 0.0335457 -0.0116113 -0.0455396 0.035353 -0.0251204 0.0120177 -0.0116697 0.0169884 -0.00497874 0.0178049 -0.0146978 0.0120994 -0.022026 0.0229827 -0.0133062 -0.0178525 0.0173439
internal_weight=0 16330.1 13878.1 8025.46 3470.03 8304.63 4555.43 2724.39 4339.24 5672.42 8205.71 5023.85 5850.31 2042.52 4756.44 2383.13 2865.81 4661.06 5207.28 1841.57 604.216 3965.39 3427.2 2296.72 1831.04 2355.4 398.034 3678.46 3302.62 643.027 648.564 286.932 2208.02 2467.78 3220.25 2475.97 232.117 2210.47 1219.18 1464.69 894.448 266.848 1987.04 252.453 1868.37 2102.95 1771 1749.36 1831.01 1485.37 341.258 324.731 1233.86 416.056 2042.24 1282.55 462.556 158.558 375.838 198.405 182.678 2012.43
internal_count=2230139 1971906 258233 1552116 792153 419790 759963 376302 319603 189106 69127 124543 58991 211903 122705 362226 722423 114114 47668 176883 69730 100187 93816 107700 383661 10136 85531 86419 81705 11323 64563 13768 43882 636892 33131 27872 5870 99221 49934 277399 32496 12113 14537 1798 54322 8338 176007 420334 7092 260632 14076 17438 20298 31765 20317 147647 12246 10472 4714 32798 31933 20210
cat_boundaries=0 2 4 6 8 9 11 13 15 17 19 21 23
cat_threshold=1080033280 302546976 1342177284 306184288 3113378182 140589522 243306075 227959837 1073741824 966291751 136381122 33556544 26361864 2425546508 745872832 0 33554432 541208576 537464832 1077936128 32 2150121728 2687106
is_linear=0
shrinkage=0.05


Tree=15
num_leaves=63
num_cat=7
split_feature=38 7 7 38 38 3 38 21 2 47 23 2 23 38 44 21 51 23 57 59 39 7 23 57 7 28 7 38 59 57 23 39 38 55 7 23 39 46 21 3 23 21 21 23 2 45 57 32 45 28 21 32 46 23 21 57 39 57 39 45 5 39
split_gain=2444.79 955.926 596.257 373.513 166.066 135.214 129.874 117.682 109.002 100.63 95.4007 92.6345 66.1999 65.3694 63.9141 63.8247 54.8553 54.0304 51.0934 57.6863 52.3858 49.6643 46.7251 43.6384 42.1252 38.8341 38.5193 34.696 34.3666 30.5983 29.6604 26.5943 26.4606 26.159 25.9938 24.5534 24.1654 23.9885 23.8404 22.8225 26.7295 20.882 20.767 20.3079 19.0635 18.8467 18.0297 17.8582 17.2138 17.1166 17.2771 17.1086 16.5658 16.4903 16.3815 16.2094 26.7086 16.0454 15.9878 15.8075 15.2185 24.1847
threshold=0 26.500000000000004 54.500000000000007 1 2 0.038957500830292709 3 14.500000000000002 4.1826000213623056 9.5000000000000018 0.35763147473335272 2.9942500591278081 0.55565711855888378 4 2.5000000000000004 2.5000000000000004 0.17500000447034839 0.17709264904260638 1.0000000180025095e-35 0.43303571641445165 3.5000000000000004 71.500000000000014 0.23381669819355014 1.0000000180025095e-35 4.5000000000000009 47582.500000000007 5.5000000000000009 5 0.042572464793920524 1.0000000180025095e-35 0.12295823171734811 4.5000000000000009 6 189.00000000000003 18.500000000000004 1.1334682703018191 3.5000000000000004 46.462999343872077 1.5000000000000002 0.045588498935103423 4.0425987243652353 39.500000000000007 62.500000000000007 0.22837934643030169 4.8208498954772958 2.5000000000000004 1.0000000180025095e-35 1.235000014305115 3.5000000000000004 7237.5000000000009 14.500000000000002 1.6050000190734866 47.447988510131843 1.0007824897766116 7.5000000000000009 1.0000000180025095e-35 6.5000000000000009 1.0000000180025095e-35 4.5000000000000009 9.5000000000000018 2.3055999279022221 1.5000000000000002
decision_type=9 8 8 9 9 10 9 10 10 2 10 10 10 9 2 8 2 10 2 2 2 8 10 2 10 2 10 9 2 2 10 2 9 8 10 10 2 10 10 10 10 10 8 10 8 10 2 2 8 2 10 2 10 10 10 2 2 2 2 10 10 2
left_child=1 4 8 15 22 7 -4 9 10 -5 -2 12 14 45 -8 37 24 -11 19 25 47 53 38 26 44 27 51 48 34 32 -26 -13 -23 -32 59 -28 -25 -3 52 40 55 -16 43 54 -6 -12 -30 -20 -17 -40 -51 -24 -1 -9 -29 56 -35 -7 -57 -15 -14 -62
right_child=2 3 6 5 16 57 11 21 -10 17 13 31 60 28 41 18 -18 -19 20 -21 -22 29 23 36 30 -27 35 42 46 -31 33 -33 -34 39 -36 -37 -38 -39 49 -41 -42 -43 -44 -45 -46 -47 -48 -49 -50 50 -52 -53 -54 -55 -56 58 -58 -59 -60 -61 61 -63
leaf_value=-0.054597154397738004 -0.039557436071889225 -0.043901062735562081 -0.05200088608143031 -0.0061232962592687517 0.058165160363487602 0.022795841689305797 -0.018571468193476253 0.0057084540857705703 0.030350702524495322 -0.046066682969156822 -0.0031124837316285764 0.0049374794128881922 -0.026940755718296495 0.0075569668745486948 -0.045906270306131446 0.0081883590509155176 0.028906582446014552 -0.023430318260148107 -0.053265397690803212 0.016330137910488915 -0.04772774386561443 -0.020178395105111921 0.033432536334025417 0.0099282029329465851 -0.023662111680789844 0.015360694142957189 0.026302550674410476 -0.015497050119944282 0.015011038861869552 -0.044257190058223136 0.073293472776978272 -0.025480288492351878 -0.0071895368103367012 0.0084451308496545918 -0.011564217532390534 0.015747553245570284 -0.050925138418639208 -0.0081404100759020059 -0.031489389253928413 0.033505139758950045 -0.0071849271792534183 -0.029300196349751978 -0.0015167118190219341 0.0087322377560060012 0.017657055070819241 -0.025426329852265402 -0.03480952922102061 0.0089275024694789578 -0.013517966909314541 0.011603264425618993 0.043612855301684635 0.024605709190614139 0.0038706241803297611 -0.0073556734185902086 0.0087170546511397395 0.0025397697644941814 0.025390482980064844 -0.026317630017173129 -0.047834520092882388 -0.0074315908630061302 0.043822080946207931 -0.019550679199667527
leaf_weight=21.974676446523517 225.62335729200277 77.257067077676766 935.05877036367019 425.64373035356402 28.89910284942016 273.3860762558179 308.95632926779217 537.68587314782781 192.38541683295625 537.0687599144585 120.76145556656411 218.33585161415976 1661.5992423415009 470.25268816604512 1350.8126042004005 114.95966332143871 471.8228597380803 525.01850737843779 11.814339283620937 1383.4165845930111 84.884282880084356 695.95764095662162 1930.3428213167936 41.81152188568376 70.176280003739521 724.88133997656405 1379.3705433839932 166.80267698061652 358.86917672131676 80.077944858465344 14.742636973038314 105.93059217071277 977.23478394761332 2960.3387003146054 672.91955624711409 928.17169683985412 25.485964696912561 118.48208502773196 19.290129144268576 89.254270870238543 266.34214812185382 228.48009415555862 976.33873309427872 2186.0287029462634 1353.9641418310348 441.45143742731307 18.194736900855787 115.48940908216173 432.9263980408432 329.76594577060314 47.629728112486191 790.05923882964998 25.36974786221981 436.91340385031071 118.80266024539014 46.207488129497506 251.74370711541269 16.887602076283656 22.824103001883486 279.7217411956226 18.633556359098293 63.660994205274619
leaf_count=878 43078 9492 307958 29470 83 6656 43008 29111 3491 119023 12725 16555 319201 15150 353864 7030 4007 71553 2041 35410 9048 120786 7259 828 4704 8461 9306 8084 11101 13700 39 14956 116731 53401 58336 8851 860 6717 625 505 6211 50280 28675 61463 11905 66423 1394 5692 32150 3286 209 4339 473 30235 3823 1351 2915 1211 1177 16367 3193 13003
internal_value=0 0.00840994 -0.0243247 -0.00202324 0.0187583 -0.013072 -0.0348638 -0.0153747 -0.00586392 -0.0266833 -0.00856693 -0.0305927 -0.0329556 -0.00559137 -0.0394532 0.00563396 0.012584 -0.0349095 0.00651524 0.00735455 -0.017551 -0.00919963 0.0249028 0.0263037 0.0110945 0.00472134 0.0268394 0.00278792 -0.000874935 -0.0142273 0.00832188 -0.00504711 -0.0127645 0.00894288 -0.00443735 0.0220656 -0.0135255 -0.0224063 0.00936484 0.00866193 0.00802761 -0.0435239 0.00464276 0.00709427 0.018545 -0.0202872 0.0125213 0.00278557 -0.00879658 0.0133772 0.0157477 0.030879 -0.0238349 -0.000149738 -0.00542949 0.00926429 0.00978069 0.019858 -0.0145608 0.00196416 -0.0259016 -0.00484765
internal_weight=0 22133.5 7671.65 11018 11115.6 4505.87 4891.47 4215.6 2780.18 1487.73 2587.79 3956.41 3632.14 2362.17 1888.25 6512.08 5576.32 1062.09 6316.34 6104.16 212.188 2727.87 5539.27 5095.24 5104.49 4720.74 5027.94 3995.86 1799.96 1753.27 3721.63 324.266 1673.19 3651.45 1422.89 2307.54 67.2975 195.739 444.03 3636.71 3547.46 1579.29 3447.97 2471.63 1382.86 562.213 377.064 127.304 547.886 396.686 377.396 2720.4 47.3444 974.599 285.605 3281.11 3212.08 290.274 69.0316 749.974 1743.89 82.2946
internal_count=2229857 879774 1350083 756562 123212 538476 1122018 530609 228065 220046 224574 814060 782549 181496 447152 218086 86298 190576 201877 185096 16781 310563 36914 31443 82291 149686 29755 141225 102348 251217 70303 31511 237517 65599 89853 18157 1688 16209 5471 65560 65055 404144 102045 73370 11988 79148 12495 7733 39180 4120 3495 11598 1351 59346 11907 58844 56316 7867 2528 31517 335397 16196
cat_boundaries=0 2 4 6 8 10 12 14
cat_threshold=1348493572 306807008 1077936128 33554464 1073741824 272629856 33687624 26361865 100830792 93742109 0 33554432 24836 65728
is_linear=0
shrinkage=0.05


Tree=16
num_leaves=63
num_cat=8
split_feature=38 7 7 34 38 3 38 21 6 7 21 43 55 26 38 21 7 28 21 26 26 3 21 26 21 45 57 34 45 16 21 20 2 57 38 57 34 21 16 59 21 38 57 39 18 45 38 39 47 21 48 57 39 39 7 59 26 38 45 25 57 47
split_gain=2180.98 855.244 523.258 334.43 161.808 129.128 117.906 106.32 96.027 73.8062 69.9612 76.4429 65.9364 65.8286 55.8455 53.8716 53.1849 47.7168 46.9885 47.8655 45.8649 42.7483 41.1035 39.1535 38.196 34.2538 33.8934 32.7437 31.5175 30.9668 29.4787 29.2933 28.5573 27.8546 26.8374 26.4627 26.1688 25.5684 27.9234 24.7307 24.5871 23.4577 22.0143 25.1391 21.0541 20.1093 20.0775 19.9239 19.0505 30.5317 18.0589 18.0572 25.3937 21.5262 18.0267 17.8569 17.8371 16.9352 16.5024 16.3593 16.1898 16.1676
threshold=0 29.500000000000004 54.500000000000007 7.0000000000000009 1 0.038957500830292709 2 7.5000000000000009 0.22906349599361422 71.500000000000014 26.500000000000004 1.0000000180025095e-35 237.50000000000003 0.52183446288108837 3 4.5000000000000009 18.500000000000004 47582.500000000007 8.5000000000000018 0.30031646788120275 0.48373875021934515 0.024344000034034256 21.500000000000004 0.24493893980979922 6.5000000000000009 6.5000000000000009 1.0000000180025095e-35 7.0000000000000009 6.5000000000000009 1.5000000000000002 30.500000000000004 32.500000000000007 6.6151001453399667 1.0000000180025095e-35 4 1.0000000180025095e-35 5.5000000000000009 2.5000000000000004 9.5000000000000018 0.68333333730697643 3.5000000000000004 5 1.0000000180025095e-35 1.0000000180025095e-35 14.500000000000002 4.5000000000000009 6 3.5000000000000004 9.5000000000000018 14.500000000000002 2.5000000000000004 1.0000000180025095e-35 5.5000000000000009 5.5000000000000009 7.5000000000000009 0.56696429848670971 0.16458301246166232 7 3.5000000000000004 3.5000000000000004 1.0000000180025095e-35 175.50000000000003
decision_type=9 8 8 2 9 10 9 8 10 8 10 2 8 2 9 8 10 2 10 2 2 10 10 2 10 10 2 2 10 2 10 2 8 2 9 2 2 10 2 2 10 9 2 2 10 10 9 2 2 10 10 2 2 2 10 2 2 9 10 10 2 2
left_child=1 4 8 13 20 7 -4 -5 16 -9 11 -8 -6 15 42 61 29 23 27 28 24 57 -18 25 -1 -17 37 -14 34 -2 -10 50 -30 40 -20 39 -26 -22 -39 58 -15 -24 43 -11 -34 -19 -46 -37 -16 -50 -29 53 -53 -21 -31 -42 -47 -12 -25 -38 -7 -3
right_child=2 3 6 5 12 60 10 9 30 14 21 -13 18 33 48 17 22 45 19 51 26 -23 41 35 36 -27 -28 31 32 54 -32 -33 44 -35 -36 47 59 38 -40 -41 55 -43 -44 -45 46 56 -48 -49 49 -51 -52 52 -54 -55 -56 -57 -58 -59 -60 -61 -62 -63
leaf_value=-0.0021924711163788229 -0.01455213750721243 -0.031187068609374188 -0.050799283295123211 -0.041300705969427719 0.073998607320883633 0.020323259331896642 -0.014297657311829977 -0.0010412553345296536 -0.0197069106989184 -0.015382538203282154 -0.015744721683588394 -0.04247624593349883 0.011685374084979485 -0.0044905131879168364 -0.0081870902513157453 0.00026506530971075491 -0.037372966507144972 0.025023987340609035 0.0027408437772066889 0.017003042456746529 0.0040753800605173784 -0.00014583126895888895 -0.025639224977847087 0.012605129584612679 0.013632117508211476 -0.018363124492828297 -0.01221397598253276 -0.043383942833001926 0.036918648243392159 0.016121513853077998 0.025801627358206399 0.0055859885500646154 -0.032360220984076919 -0.022970231467839348 0.018824859826105961 -0.0028090555592668112 0.029216782761703176 0.025367929002558239 0.036627150099772653 0.017022376765866785 0.014340425608820982 -0.0080728366910195436 -0.037202747169343998 -0.0030518946963759884 0.0081533246883692765 -0.012656941825775184 -0.0032172841808575494 -0.049371848360716036 -0.044279335660880097 -0.023465588424484603 -0.01240986056300886 0.0095901520129529072 -0.059119927596602596 0.032187302353797173 -0.00089543754805796946 0.029892624502879085 0.013270223545827157 -0.028684794849429169 0.001021639573779492 0.017488909429649115 -0.030723937790102157 -0.0070034263295081119
leaf_weight=190.19346708524972 302.70779476809548 142.30103100673296 898.88232919595612 360.97199364930566 41.823289453983307 300.22151358021074 292.93285085848765 971.27381753068767 40.182353465206688 1015.5493869552301 427.45428485705634 1383.4021886534174 318.69609730649972 150.33750012092059 122.83238390204497 599.98964347719448 198.15040166059043 297.403256767313 371.11197908633039 2609.838079827663 91.323606556979939 175.43772469487158 254.28728311673331 372.55472952293348 744.62063927249983 418.16204257949721 47.910807642270811 65.782786056603072 64.358680295292288 226.63156119329506 271.46563622687245 176.97271365090273 39.562811462441459 49.742731703503523 987.90427524238476 57.047783562797122 905.79767964710481 1095.3539014454 1136.6269856411964 372.97366739879362 1207.6929247438675 812.29810375830857 79.185953405627515 697.61459188681329 1072.001963125731 83.223492471501231 600.72870941944711 37.610916167788673 245.6690560275747 640.60728406569979 163.92596400983166 55.504845591378398 16.663479896727949 257.09306974010542 491.71550012289663 218.44974766252562 313.3762975736754 1435.1447546958225 1739.3883032303711 451.82132329442538 15.510522154567296 134.92246649647132
leaf_count=2455 24756 12806 308150 71380 90 7325 38408 66670 2104 123799 73124 358947 5403 6989 12117 18832 34172 2245 7885 30797 1278 14593 40627 11950 6877 25580 1187 3400 351 7922 5737 3121 1513 4649 11184 4104 3766 7442 4746 9992 26716 78154 11905 84273 16471 1355 16377 4611 63429 116701 5586 1371 811 2168 28477 3549 4479 305325 67253 3370 1327 8171
internal_value=0 0.00761406 -0.0240253 -0.00259697 0.017067 -0.013053 -0.0341636 -0.0154077 -0.00610501 -0.01292 -0.0299079 -0.0375636 0.0121065 0.00491359 -0.0170365 0.00183755 -0.00965632 0.00321906 0.0117329 0.0131689 0.0242622 -0.0237423 -0.016505 0.000901847 0.0192542 -0.00739617 0.029196 -0.000294732 0.00886732 -0.00116533 0.0198897 -0.00968858 0.00447911 0.0135494 0.0145965 0.00417865 0.0211947 0.0300548 0.0311155 0.0051702 0.0147156 -0.0125968 -0.0115077 -0.0103661 0.00323899 0.015213 0.0040998 -0.0216327 -0.0264598 -0.0292784 -0.0214297 0.0177535 -0.006866 0.0183754 0.00448819 0.0167419 0.00781145 -0.0259636 0.00307001 0.0253294 0.0177265 -0.0194846
internal_weight=0 22150.2 7210.69 10644.6 11505.6 4449.44 4613.25 4133.7 2597.44 3772.73 3714.37 1676.34 6841.97 6195.18 2801.46 4568.95 2285.79 4291.73 6800.15 6074.77 4663.65 2038.04 1264.74 3597.73 2292.43 1018.15 2371.22 725.378 3135.67 1021.05 311.648 406.681 1776.65 1626.22 1359.02 2579.58 2102.24 2323.3 2231.98 2484.92 1576.48 1066.59 1792.35 1713.16 1712.29 694.003 1672.73 94.6587 1009.11 886.276 229.709 2939.1 72.1683 2866.93 718.347 1426.14 396.6 1862.6 2111.94 1357.62 315.732 277.223
internal_count=2230352 909856 1320496 772207 137649 558926 1098547 550274 221949 478894 790397 397355 106528 213281 412224 171378 214108 150401 106438 88928 31121 393042 152953 142322 16468 44412 14653 17510 53781 61155 7841 12107 34712 41903 19069 97910 14013 13466 12188 89195 37254 118781 219977 208072 34361 8079 32848 8715 192247 180130 8986 35147 2182 32965 36399 30265 5834 378449 79203 7136 8652 20977
cat_boundaries=0 2 4 6 8 10 12 14 16
cat_threshold=1349542148 306807008 1073741824 4194400 33687624 26361865 270532612 268992512 6307840 557184 34245744 93471753 268460036 268501120 2155872384 134232064
is_linear=0
shrinkage=0.05


Tree=17
num_leaves=63
num_cat=12
split_feature=27 7 7 38 28 38 44 38 2 21 43 21 38 21 3 38 26 57 50 38 58 21 21 2 57 26 58 26 21 3 21 7 21 38 57 26 21 38 3 38 45 26 17 7 45 26 7 47 44 55 6 21 1 38 45 5 59 17 38 27 50 38
split_gain=2081.2 551.168 452.182 413.192 241.038 160.943 146.807 99.8171 89.4638 61.9705 89.641 57.7108 56.0558 54.7056 53.7224 53.374 52.3399 49.4038 44.6391 43.9183 42.7761 42.4398 38.7099 37.4114 35.2084 35.2583 33.5227 32.6599 31.01 29.695 28.8948 27.7823 27.6347 27.5869 26.7243 26.4537 25.464 25.6373 22.6716 25.3291 21.6582 24.3262 20.7619 19.162 18.7444 19.8858 18.6369 18.5047 18.3328 17.7387 17.5987 17.0784 17.0584 17.0179 16.5116 16.3064 15.9322 15.6229 15.5098 15.3889 15.3521 15.3287
threshold=7.5000000000000009 23.500000000000004 40.500000000000007 0 15796.500000000002 1 2.5000000000000004 2 3.0379999876022343 29.500000000000004 1.0000000180025095e-35 5.5000000000000009 3 5.5000000000000009 0.041704500094056136 4 0.48373875021934515 1.0000000180025095e-35 1.0000000180025095e-35 5 1.5000000000000002 6.5000000000000009 5.5000000000000009 5.3357000350952157 1.0000000180025095e-35 0.33398950099945074 2.5000000000000004 0.49038106203079229 2.5000000000000004 0.038161501288414008 8.5000000000000018 97.500000000000014 331.50000000000006 6 1.0000000180025095e-35 0.52960655093193065 31.500000000000004 7 0.21876600384712222 8 3.5000000000000004 0.25937646627426153 10.500000000000002 3.5000000000000004 3.5000000000000004 0.1805861443281174 97.500000000000014 222.50000000000003 7.5000000000000009 169.00000000000003 0.43639899790287023 2.5000000000000004 9.5000000000000018 9 5.5000000000000009 3.2683500051498418 0.081666667014360442 28.500000000000004 10 14.500000000000002 1.0000000180025095e-35 11
decision_type=8 8 8 9 2 9 2 9 10 10 2 10 9 10 10 9 2 2 2 9 2 10 10 8 2 2 2 2 10 10 10 8 10 9 2 2 10 9 8 9 10 2 2 10 10 2 8 2 2 8 10 10 10 9 10 10 2 2 9 10 2 9
left_child=1 5 8 6 12 16 19 -5 15 10 -9 35 -3 48 22 30 21 20 33 -4 27 -1 -14 -15 25 54 53 44 -18 46 47 61 40 43 42 51 -17 -38 -23 -40 -32 55 -30 -7 -13 -46 -11 -2 -8 -41 52 -6 -21 -19 -24 -42 -45 -51 -35 -33 -47 -25
right_child=2 4 3 7 11 18 13 9 -10 29 -12 17 14 23 -16 36 28 26 -20 50 -22 38 24 31 -26 -27 -28 -29 34 -31 32 59 -34 58 -36 -37 37 -39 39 49 41 -43 -44 56 45 60 -48 -49 -50 57 -52 -53 -54 -55 -56 -57 -58 -59 -60 -61 -62 -63
leaf_value=-0.0012688573369905554 -0.036631405595345154 -0.025386567716213084 0.022625752950417674 -0.051426535138078149 -0.034612841539282048 0.02047743066679511 -0.019190705728900984 -0.013731235420274083 0.031306895649170281 -0.017837626183186874 -0.041742955368760506 0.013312507841110805 -0.030131058765488345 0.016055332758321848 0.024140582401685678 -0.03034613229552971 0.00015503586013682557 0.0097459113660351981 0.025169388469083422 0.0074828949183095269 0.020300950848131504 0.051858862594818436 -0.0021341019770082441 0.0082899570772004758 -0.035253055208441429 0.0018978065234699253 -0.047535112413251868 0.013750299238421141 0.024516174509532362 0.0033392337742690309 0.013253774449742859 -0.018384367942623932 -0.031460173718543913 0.0040130154313777538 -0.011854023077581786 0.0043096050295105505 -0.0022001650095941536 -0.021593315497895119 0.02706966378258276 0.070081141467545918 -0.0046277077654402025 0.016838796747452749 0.034568388738870352 0.0058231548978777839 -0.013646522185582011 0.0027455672376089117 -0.029065214406304052 -0.0034667819470155428 -0.041035645284452499 0.015192099860455216 0.046723954008853236 -0.0096084233849275946 -0.0072752665944004011 -0.031089573083214847 -0.014256556022062078 0.036016704413774067 0.015912151193117771 0.027691520299149716 -0.014287036257243538 -0.03716361454059134 0.019733413931196965 -0.011947337517538854
leaf_weight=231.65314685524208 73.249335784144932 494.73661913380784 246.69631804362871 744.08412678241439 90.213364669878501 473.93802970193792 145.63418565748725 348.39057355688419 195.71490860418999 555.16286371483875 1616.6064309172361 491.98555888058036 194.43433097489469 98.08522683713818 129.62826766617945 177.94993829446321 89.57798377762083 85.956770085031167 435.62936573952902 304.77480165567249 796.80956605287793 57.335111419670284 395.26010124545428 129.28521765585174 104.29600607816246 919.29640208814817 59.660276079870528 1446.9318351470283 831.75013224990107 94.53629797186295 522.66448850714369 574.06242170966289 52.636608373490162 1131.7556699288834 36.771412041271105 292.12780823616777 484.28864381759195 259.9227220529574 1031.0983757374343 14.8144573867321 748.7537934268621 185.10758120607352 1405.6345851167571 1188.7632800912834 173.88594710448524 1952.451070477342 1147.6819695565355 97.559697016666178 298.61056621371245 2004.6969592649548 17.96980349579826 277.1565066415933 543.54915067681577 23.652678035577992 973.21744386298815 24.524127761658747 583.91192454428528 286.93595685483888 118.20228418416809 135.72970395455195 141.7705929937074 284.87475771004392
leaf_count=3482 6094 90825 5721 269394 10550 3892 14273 44853 2899 100620 429677 17165 27649 3440 3429 20096 1296 4369 4335 4350 19552 196 42678 6985 14827 65630 6202 30307 5397 7455 11754 87003 3155 30983 919 9715 30334 32126 4092 22 31672 3336 6230 22711 13798 81461 254666 3795 56208 18946 229 14634 28013 3612 123013 257 7752 1799 13704 28093 1632 37195
internal_value=0 0.00988012 -0.0182091 -0.0247904 0.000951532 0.0180168 -0.00949732 -0.0341211 -0.00121723 -0.0305587 -0.036786 0.00700773 -0.0100484 -0.018919 -0.00712665 -0.00365163 0.0231783 0.00878352 0.0100656 0.0045272 0.00968319 0.0194324 -0.00872994 -0.0134376 -0.00697853 -0.0056747 -0.0177125 0.00766784 0.0290127 -0.0239039 0.00161764 -0.0160233 0.00380312 0.00820594 0.0301488 -0.00691378 -0.0132563 -0.00931257 0.0208449 0.0202968 0.00507676 0.000608182 0.0308441 0.0114993 0.00447539 0.00255347 -0.0254174 -0.0178195 -0.0339335 0.0170672 -0.000897436 -0.0158259 -0.00197058 -0.00119705 -0.0107593 -0.00329384 0.00915353 0.0167686 0.00217293 -0.0220227 0.00390445 -0.00571336
internal_weight=0 18965.9 10108.1 7285.73 9043.47 9922.47 2779.27 4506.46 2822.37 3762.38 1965 5832.6 3210.87 1666.28 2716.13 2626.66 5990.27 5173.1 3932.2 1112.99 5003.83 3626.53 2586.5 1222.04 2392.07 2287.77 169.27 4207.03 2363.73 1797.38 1704.5 1123.95 1533.69 3496.57 2274.16 659.498 922.161 744.211 3394.88 3337.55 1481.05 958.386 2237.38 2246.61 2760.09 2268.11 1702.84 170.809 444.245 2306.45 866.294 367.37 848.324 109.609 1368.48 773.278 1772.68 2291.63 1249.96 709.792 2094.22 414.16
internal_count=2230497 706804 1523693 1378175 581048 125756 271510 1106665 145518 837271 474530 212997 368051 233197 277226 142619 42379 178098 83377 38313 163915 28537 273797 162716 246148 231321 14183 144363 13842 362741 60063 159276 50174 79042 12546 34899 82556 62460 25055 24859 47019 35265 11627 34355 114056 96891 355286 9889 70481 20767 32592 25184 32363 7981 165691 31929 30463 20745 44687 115096 83093 44180
cat_boundaries=0 2 4 6 8 10 12 14 16 17 19 21 23
cat_threshold=1349533700 438861858 1342193664 272695520 2181171272 25313288 101241911 605439253 3648401796 843678528 1073741824 268435456 561258916 2 545783865 136599698 1073741824 4194304 34078752 2290618369 573479681 1346371588 33554432
is_linear=0
shrinkage=0.05


Tree=18
num_leaves=63
num_cat=10
split_feature=27 16 7 38 38 38 23 44 44 21 23 21 4 15 57 23 38 23 59 23 25 38 38 39 26 21 23 38 51 7 5 4 31 38 4 7 44 27 25 39 17 1 34 26 4 55 26 50 27 47 7 39 57 38 4 45 45 25 20 34 38 5
split_gain=1883.16 514.717 413.187 362.045 168.753 129.696 110.195 100.629 96.5812 83.4103 78.9501 76.5247 72.6282 59.9784 59.3902 54.4694 52.3513 49.9047 47.2241 46.078 45.8361 44.0985 39.3134 39.0236 32.535 33.5125 32.4182 32.0684 29.6206 28.2064 26.587 26.002 25.9716 25.6762 25.3615 24.3411 22.4567 21.7321 21.3752 20.5066 20.4889 19.955 19.4268 19.1141 18.8106 18.7478 17.9597 17.9154 18.8324 17.8496 16.6989 16.4722 15.6717 15.624 15.3431 14.9455 14.9223 19.763 14.8962 14.7494 14.3388 16.8077
threshold=7.5000000000000009 2.5000000000000004 40.500000000000007 0 1 2 0.55565711855888378 2.5000000000000004 2.5000000000000004 3.5000000000000004 0.14679691195487979 7.5000000000000009 3.5000000000000004 1.5000000000000002 1.0000000180025095e-35 0.2178943678736687 3 0.18719605356454852 0.3514705896377564 0.3877734243869782 2.5000000000000004 4 5 3.5000000000000004 0.52183446288108837 7.5000000000000009 0.197051577270031 6 0.16499999910593036 28.500000000000004 2.3055999279022221 2.5000000000000004 4.5000000000000009 7 4.5000000000000009 22.500000000000004 22.500000000000004 14.500000000000002 2.5000000000000004 11.500000000000002 28.500000000000004 27.500000000000004 27.500000000000004 0.11929211765527727 1.0000000180025095e-35 189.00000000000003 0.40754985809326177 1.0000000180025095e-35 3.5000000000000004 76.500000000000014 97.500000000000014 9.5000000000000018 1.0000000180025095e-35 8 2.5000000000000004 9.5000000000000018 4.5000000000000009 6.5000000000000009 13.500000000000002 5.5000000000000009 9 2.4272500276565556
decision_type=8 2 8 9 9 9 10 2 2 10 10 10 8 2 2 10 9 10 2 10 10 9 9 2 2 10 10 9 2 8 10 8 2 9 8 8 2 10 10 2 2 10 2 2 10 8 2 2 10 2 8 2 2 9 8 10 10 10 2 2 9 10
left_child=1 4 12 8 9 10 7 33 27 -1 36 -6 -2 52 18 -10 29 -14 20 47 32 39 -8 59 25 -18 49 -4 34 46 -24 37 -11 54 -21 53 -3 -17 -36 45 44 -22 -28 -20 -27 -19 -12 48 -7 -9 -33 -23 58 -15 -5 -40 -47 -58 -13 -16 61 -37
right_child=2 5 3 6 11 19 22 26 15 14 16 13 17 35 23 31 24 21 43 28 41 51 30 -25 -26 40 42 -29 -30 -31 -32 50 -34 -35 38 60 -38 -39 55 -41 -42 -43 -44 -45 -46 56 -48 -49 -50 -51 -52 -53 -54 -55 -56 -57 57 -59 -60 -61 -62 -63
leaf_value=-0.026189283518755598 0.026473310843256961 0.012813671238503303 0.020055809382413796 0.021138998580538949 -0.044600393278239753 0.0039160687048822237 -0.033737382869938791 -0.041529695293563366 -0.032278044812443112 0.022466287409971419 0.023621824688758626 -0.017840854427721559 -0.037731017568485549 0.010719126706206514 0.0082421782480443864 0.02874907801422924 -0.002130023279055301 0.069872983256499252 -0.034606574990804516 0.037198153718316633 0.0029369082797361737 -0.01439328822352804 -0.020154776692834098 -0.048674551127624199 0.025928560355626646 0.015313227747382904 -0.028157191574569265 -0.0011332614807387812 0.025921757016696991 0.0065100513865830479 0.0057285179681816484 -0.0037617197749494806 0.0070865167300189968 -0.030121386980289478 0.016173317997663039 -0.0044751185205411442 -0.02197448164261652 -0.034264815048536672 0.010196974133968565 0.028273383267506787 0.028761134799956241 -0.0078863243594757843 -0.043795082019304113 0.01592016732540134 0.050634882384958425 0.0059861164248877722 0.034320259312592583 0.017362724084894608 -0.014862483605679211 -0.052928916435858092 -0.018543897119303248 0.01468017928856391 -0.047238787787781546 -0.0065764301183497123 -0.011554446874150302 0.001021499958655068 0.012676198513753983 -0.0069701255341162701 -0.00040923572161742129 -0.034067683468571246 -0.014808986168107051 0.024034566721074659
leaf_weight=202.64334069017787 214.07812802365515 71.754447431187145 218.02581904316321 41.924277370970231 146.1927156104648 245.30928279765067 638.50751042539196 686.38605225840001 400.16690062385169 315.34732298832387 581.86904354218859 909.30071892420528 102.82757976825815 463.57386315442272 82.877052650903352 67.58409177872818 230.96556853014044 8.8229468860663456 18.067978704260895 84.276395744469482 1036.032199868263 710.00160392628459 1282.0969333257235 75.982028102152981 1210.2530822575791 2193.5985506248544 467.46179712453886 811.48446258949116 342.75792890059529 126.21951535122935 107.10552130700671 312.39866233227076 2094.1777954496501 207.01096176033025 822.32752850017278 639.14995051638107 127.57555647645495 16.19602729100734 1092.7937596473203 70.987118194345385 363.1081794500351 721.68421821738593 359.12224368651368 1381.9298333654006 37.562166704330593 715.71065584239841 1280.7787450632313 93.155941362841986 291.07891434250632 758.39291218657308 493.35316201664682 51.512667358154431 39.667260992602678 173.92927844473161 219.24031972829835 747.24135197841679 153.05284908373142 757.30711935411091 141.68003901671909 26.307918521051761 327.49186221875425 55.245378069055732
leaf_count=18125 4073 1078 2851 2268 29297 6687 173778 206268 62076 2832 2702 135215 15147 8464 4116 1809 4698 38 733 718 37132 67073 243578 9466 11166 23615 107829 31672 2966 3064 11560 28762 58039 42935 13494 65368 4916 1034 30268 1177 2184 58997 99881 34952 133 18692 4926 1182 16809 258181 76570 2159 7582 9865 25956 23045 2977 34315 20875 3683 46136 2251
internal_value=0 0.00921054 -0.0177597 -0.0241712 0.00044041 0.0170172 -0.0320329 -0.0386446 -0.00783248 0.00525277 0.0214345 -0.00943841 -0.00143868 -0.00758797 0.00637389 -0.0169773 0.0224934 -0.0037729 0.0073017 0.00953767 0.00463049 -0.002343 -0.0232433 -0.0214112 0.0190148 0.0161123 -0.0429962 0.00355281 0.012075 0.0292958 -0.0180269 -0.0100655 0.00910783 -0.0174864 0.0103382 -0.0015989 -0.00945006 0.016307 0.00947436 0.00214301 0.0177366 -0.00150886 -0.034996 0.0152438 0.0159303 0.00100494 0.0309927 -0.00276214 -0.00628308 -0.0475458 -0.0128245 -0.0122493 -0.0166904 0.00606237 -0.00601613 0.00647338 0.000588556 -0.00365683 -0.0154936 -0.00216897 -0.00637962 -0.00214477
internal_weight=0 18793.9 9870.76 7086.46 8851.28 9942.63 4767.25 2739.54 2319.21 5955.05 6223.68 2896.23 2784.3 2750.04 5752.41 1289.7 6024.35 2570.22 5567.24 3718.94 4167.24 2467.39 2027.71 185.167 4035.49 2825.23 2271.36 1029.51 3089.4 1988.87 1389.2 889.532 2409.53 468.176 2746.64 1659.39 199.33 83.7801 2662.36 1705.88 2594.27 1757.72 826.584 1400 2231.16 1634.89 1862.65 629.544 536.388 1444.78 805.752 761.514 1090.65 637.503 261.165 1840.04 1626.07 910.36 1050.98 109.185 1021.89 694.395
internal_count=2229438 706779 1522659 1377008 553128 153651 1172234 743318 204774 228075 58482 325053 145651 295756 209950 170251 52488 141578 192685 95169 157000 126431 428916 17265 41796 30630 672159 34523 70491 10692 255138 108175 60871 71159 67525 132084 5994 2843 66807 57199 25932 96129 207710 35685 23748 56022 7628 24678 23496 464449 105332 69232 163672 18329 28224 53313 55984 37292 156090 7799 113755 67619
cat_boundaries=0 2 4 6 7 9 11 12 14 16 18
cat_threshold=1348485124 302546978 3228565632 37751008 1358970884 268505312 1073758208 4168233349 843695088 34343024 93799433 1073741824 18493746 673383044 293609733 403800343 226896424 430543364
is_linear=0
shrinkage=0.05


Tree=19
num_leaves=63
num_cat=7
split_feature=38 7 7 38 38 21 23 47 23 23 6 3 43 21 23 55 16 2 26 26 57 26 28 7 38 23 21 23 59 59 6 16 7 23 26 2 16 57 45 57 38 38 57 39 27 23 45 26 5 38 2 21 59 23 57 47 25 45 21 29 27 39
split_gain=1690.32 650.568 413.028 280.695 137.302 121.574 95.9454 90.2815 87.022 72.2611 71.4347 65.5521 55.7117 54.5109 53.2988 49.4752 47.0341 45.0328 51.5076 43.9733 41.8125 42.8384 39.3194 34.3034 31.4335 26.1372 27.3582 25.5106 24.9596 24.1537 23.9879 23.1362 23.0502 22.6031 21.7508 21.562 21.5439 21.4314 21.2644 20.3407 19.8593 19.4486 18.6874 21.0081 18.4858 18.172 17.8391 17.6533 16.9561 19.4455 16.1046 16.0035 15.6076 15.5318 15.3401 15.2126 14.8659 15.9629 16.7022 14.135 13.8831 13.7915
threshold=0 25.500000000000004 65.500000000000014 1 2 16.500000000000004 0.57099261879920971 7.5000000000000009 0.3059400618076325 0.32906374335289007 0.19588999450206759 0.038957500830292709 1.0000000180025095e-35 2.5000000000000004 0.20227966457605365 237.50000000000003 2.5000000000000004 2.9942500591278081 0.25495098531246191 0.52183446288108837 1.0000000180025095e-35 0.24012986570596698 47582.500000000007 5.5000000000000009 3 1.1468039155006411 7.5000000000000009 0.26688994467258459 0.73214286565780651 0.13961039483547213 0.13876049965620044 1.5000000000000002 11.500000000000002 0.27279774844646459 0.40754985809326177 3.8634001016616826 11.500000000000002 1.0000000180025095e-35 2.5000000000000004 1.0000000180025095e-35 4 5 1.0000000180025095e-35 3.5000000000000004 10.500000000000002 0.37005491554737097 8.5000000000000018 0.25937646627426153 4.9957499504089364 6 1.9417999982833865 9.5000000000000018 0.55050507187843334 0.54105064272880565 1.0000000180025095e-35 27.500000000000004 2.5000000000000004 3.5000000000000004 46.500000000000007 1097.0000000000002 1.5000000000000002 2.5000000000000004
decision_type=9 8 8 9 9 10 10 2 10 10 10 10 2 8 10 8 2 10 2 2 2 2 2 10 9 10 10 10 2 2 10 2 10 10 2 8 2 2 10 2 9 9 2 2 10 10 10 2 10 9 10 10 2 10 2 2 8 10 8 2 10 2
left_child=1 4 8 13 23 7 12 35 -2 44 16 20 -4 45 55 -11 41 18 40 22 21 31 28 27 -8 26 -25 -1 42 -23 -26 -7 -18 59 -29 -5 60 52 -34 48 -17 -10 56 -44 51 -3 -42 -16 49 -12 -49 -6 -21 -38 -13 -9 -15 -58 -59 -14 -20 -39
right_child=2 3 6 5 9 11 24 14 10 15 39 54 33 19 47 17 32 -19 36 37 -22 29 -24 25 30 -27 -28 34 -30 -31 -32 -33 38 -35 -36 -37 53 61 -40 -41 46 -43 43 -45 -46 -47 -48 50 -50 -51 -52 -53 -54 -55 -56 -57 57 58 -60 -61 -62 -63
leaf_value=0.0090711089186120402 -0.037922385439362744 -0.027426622598493756 -0.01955176318958041 0.040278022731256441 -0.010052218660908115 -0.015152832698672507 -0.032277788968796739 -0.021841087457273214 -0.0092439739811150355 0.070348396253151355 -0.012324113636544976 0.022203977190678847 -0.051740746581517574 0.0043291808780576303 -0.030603917947978454 -0.0035326564438811422 0.010572986564369235 0.039963196453673272 0.01856683781342558 0.011654561595653553 -0.039074129717109503 -0.0032205221478872042 0.013854610555726786 0.0084575007642692449 -0.020215536285689537 0.010001170448829417 0.026492393948501659 0.019643240645821635 0.010504119694195922 0.012963539584665316 0.0072189701528955685 -0.0016044589532480003 0.0064786202742477417 -0.033777359103013924 0.031950973796453133 -0.0056759404852391414 0.0084839342726995091 0.0087235464815658414 -0.010452891269260496 -0.078429433105936003 0.012839858612626057 -0.024476123239189553 0.0058179582053527754 -0.049923166728537832 -0.037288142370797826 0.019404803037051152 0.0025388285650866805 -0.014581846757941518 0.033697707461757896 0.022166332065498104 0.030890931091113561 0.0072585583387756256 0.025178827267841316 0.023990552067632787 -0.036482419492311811 -0.043060309021339303 0.0035687750394163501 -0.00071266323238705978 -0.012264336658846717 -0.041164026850548395 0.010326729859400096 -0.045537263119434138
leaf_weight=177.18517983937636 206.27891131243086 162.89148881458095 303.07510786796047 26.118488978594542 329.53241710574366 1134.1175836676703 711.62553481494251 105.48309602963855 568.11375690918067 36.124073687940836 60.00491771864472 237.89031241845805 637.95492222645407 1290.5150664603862 196.77395551851077 464.9539003008249 327.2647145059891 143.77062926627696 730.30339788785204 1358.1941982904682 98.388638590287883 814.48590978953871 748.47919081198052 273.39172129321378 999.85792325489456 661.78023997799028 927.93041570589412 482.12759679369628 625.89921458845492 320.4173700210813 86.079688573081512 436.5473885597894 272.19394853455015 521.68684245082113 1483.4383447980508 434.9210720382689 198.29434286896139 21.226887218072079 577.15667202199256 4.3019944088300681 920.99725889295223 374.10649798104714 29.183946532895789 38.559762990480522 41.513152303930838 22.987687043962069 773.4975661499775 381.6223283981235 133.78347205897444 93.069209722976666 19.595811454608338 223.07746366664651 253.50924714509165 904.7950466274051 10.800792192982042 503.09102834930673 682.48164835988428 694.84586323591066 568.47650285935379 703.1213387429525 1723.9237712396134 24.392724681238178
leaf_count=1510 45935 15573 51552 274 10303 175816 196616 17667 52374 72 4180 4992 237637 37630 31684 12998 12194 616 8082 29732 16576 84476 9393 3177 192840 6931 5482 2243 20891 22258 9618 31349 18057 137497 6158 29740 2314 1320 63485 213 11662 57931 1973 5234 2952 772 13753 46921 1453 3197 483 4256 3970 8223 1081 125204 23094 36452 31069 212233 23689 3116
internal_value=0 0.0066825 -0.0222221 -0.00167257 0.0156365 -0.0109445 -0.0324321 -0.0218205 -0.00683332 0.0110818 -0.00415768 -0.00503384 -0.0395252 0.005048 -0.0290069 0.0127733 -0.00735056 0.0124065 0.0117066 0.00583994 -0.00721772 -0.00604524 0.0033593 0.0229271 -0.0238685 0.0180027 0.0223985 0.0273053 0.00135741 0.00135612 -0.0178718 -0.0113906 -0.000681675 -0.0427627 0.0289436 -0.00299105 0.015404 0.0128362 -0.00502556 0.0190232 0.00561145 -0.0156689 -0.000377935 -0.0261746 -0.00551372 -0.0215621 0.00809421 -0.0183571 0.0207521 0.00929267 -0.0122896 -0.00306372 0.0137961 0.0212132 0.0195193 -0.0394243 0.000169968 -0.00258935 -0.00591634 -0.0462302 0.0127853 -0.0206441
internal_weight=0 21738.5 6579.68 11241.9 10496.6 4720.25 3963.4 1667.61 2616.27 6490.78 2410 3052.65 2165.84 6521.64 1206.57 5896.66 2118.84 5860.54 5716.77 6335.76 2803.96 2705.57 4678.44 4005.85 1797.56 1863.1 1201.32 2142.75 3929.96 1134.9 1085.94 1570.66 1176.62 1862.76 1965.57 461.04 3557.32 1657.32 849.351 291.16 2159.45 942.22 3304.06 67.7437 594.123 185.879 1694.49 597.992 286.858 153.074 401.218 552.61 1611.7 1103.09 248.691 608.574 3236.32 1945.8 1263.32 1341.08 2454.23 45.6196
internal_count=2230173 933161 1297012 808740 124421 588521 1037993 251973 259019 98920 213084 336548 638919 220219 221959 81409 204041 81337 80721 203874 330475 313899 165736 25501 399074 15590 8659 9911 156343 106734 202458 207165 93736 587367 8401 30014 42308 38138 81542 9043 38413 110305 135452 7207 17511 16345 25415 79088 8830 7377 47404 14559 33702 10537 6073 142871 128245 90615 67521 449870 31771 4436
cat_boundaries=0 2 4 6 8 10 12 14
cat_threshold=1349542148 306807010 1077936128 33554464 1073741824 32 34347121 93734409 7340032 557058 2843738283 673463045 16777747 202637576
is_linear=0
shrinkage=0.05


Tree=20
num_leaves=63
num_cat=0
split_feature=27 16 7 44 23 7 28 3 23 23 27 26 23 28 16 57 3 27 3 27 55 21 50 27 21 31 0 0 57 59 29 57 25 58 23 23 17 57 55 7 58 23 7 47 0 28 7 21 58 22 57 59 58 21 44 25 6 34 6 58 57 20
split_gain=1517.2 437.172 344.977 366.604 174.929 142.943 120.675 76.8578 71.5993 64.1031 62.2812 61.3232 59.1455 56.008 49.0051 46.5612 48.3211 43.2824 42.9987 41.5872 40.5872 40.4951 39.2095 34.9902 33.2952 30.0688 29.8533 28.2288 27.4234 35.409 26.6619 26.1217 25.5816 25.484 24.2204 22.4965 22.7013 20.1091 19.6321 18.5112 18.3112 18.2288 18.0885 18.0348 17.8589 17.5032 17.2961 17.1723 16.6975 16.5908 16.1496 15.8959 15.811 15.6716 15.6506 14.8795 14.8576 14.8022 13.9658 13.9153 18.2097 13.8319
threshold=7.5000000000000009 1.5000000000000002 56.500000000000007 2.5000000000000004 0.23923829197883609 5.5000000000000009 15796.500000000002 0.017210000194609169 0.12295823171734811 0.18719605356454852 14.500000000000002 0.53871130943298351 0.24510674923658374 13237.500000000002 1.5000000000000002 1.0000000180025095e-35 0.03594349883496762 3.5000000000000004 0.024633499793708328 2.5000000000000004 294.50000000000006 4.5000000000000009 1.0000000180025095e-35 15.500000000000002 6.5000000000000009 179.50000000000003 10536.842285156252 14414.023925781252 1.0000000180025095e-35 0.04446640424430371 2321.5000000000005 1.0000000180025095e-35 3.5000000000000004 1.5000000000000002 0.6063213348388673 0.14679691195487979 27.500000000000004 1.0000000180025095e-35 189.00000000000003 11.500000000000002 1.5000000000000002 0.044978827238082893 98.500000000000014 22.500000000000004 1025.6507568359377 23318.000000000004 25.500000000000004 6.5000000000000009 1.5000000000000002 24.510000228881839 1.0000000180025095e-35 0.21240601688623431 2.5000000000000004 4.5000000000000009 17.500000000000004 3.5000000000000004 0.43639899790287023 16.500000000000004 0.39657999575138098 1.5000000000000002 1.0000000180025095e-35 1.5000000000000002
decision_type=8 2 8 2 10 8 2 10 10 10 10 2 10 2 2 2 10 10 10 10 8 10 2 10 10 2 10 10 2 2 2 2 10 2 10 10 2 2 8 8 2 10 8 2 8 2 10 10 2 10 2 2 2 10 2 10 10 2 8 2 2 2
left_child=1 6 7 13 25 17 12 9 41 -2 18 20 -1 44 -11 16 19 27 30 49 -10 -8 24 38 -22 45 56 35 29 55 -6 53 37 -30 -25 -3 59 40 -16 -21 43 -7 -12 -23 -4 -5 -40 -19 -39 -14 -20 61 -33 -13 -43 -26 -15 -31 -9 -37 -61 -41
right_child=2 5 3 4 10 8 21 58 11 14 42 31 15 26 23 -17 -18 47 50 39 22 32 -24 34 28 -27 -28 -29 33 57 -32 52 -34 -35 -36 36 -38 48 46 51 -42 54 -44 -45 -46 -47 -48 -49 -50 -51 -52 -53 -54 -55 -56 -57 -58 -59 -60 60 -62 -63
leaf_value=-0.031897585188949203 -0.03851788122869327 -0.016112123631423749 -0.053857502372207655 -0.039269784448179072 -0.022564757590040393 -0.047682271751992598 -0.019435857686717486 -0.00075737542608774605 0.070868597199870847 -0.019035381368079491 -0.019053182030085568 0.0082877620484332233 0.011012465445578485 0.0014574098853859525 0.07007796326553245 -0.04037307126458959 0.021339012833088467 -0.0067496382519506197 0.0094955779353669348 0.0024918814572514273 -0.0053434202250951419 0.017556090006185934 0.02202173827535189 -0.032025566533270891 0.0096560897291610645 -0.050833664402382295 0.027592851677102279 0.034432953081741921 0.011769709636770421 0.014104951940562436 -0.0078401252873727192 0.0046910513986017062 -0.0015319625758527123 -0.032579635410533624 -0.0056354644838794918 0.017648703926472345 0.03077443284733794 0.00846753022959916 0.0050782481849162078 -0.025912328641673546 0.018499985515361941 0.012054059566182745 -0.035297389018294385 0.0049279998024944344 -0.012139924143900235 -0.019237313222810755 -0.004926731792203186 0.015416874508608411 -0.040025473745674472 -0.0040732202590416022 -0.052387701070725462 -0.002889447001465878 -0.054660108760717474 0.023309714473137046 -0.018377770164261023 0.0030025777405768075 0.049854288147757372 0.031931993221789925 0.030388488591261711 0.035566712181998229 -0.016049456261332338 -0.013089632054287753
leaf_weight=259.23589283479669 134.18529302773823 36.323740261141211 26.176916761469329 1015.0868544416953 1446.9722047193791 37.391562024538871 170.70952290663263 44.110865067137638 25.368106928071938 418.25535977521213 219.12323554731847 202.13967795314966 326.0815590924758 818.83253859319666 9.6047623669728619 99.467993644007947 154.73612484744808 95.63536978373304 174.98440706470865 207.54986691259546 465.29682614226476 333.31986862322083 502.9319201722974 125.62358582128945 1712.9379500246432 631.53814108682127 135.89893108373508 654.64084245823324 55.43004508438753 1368.2958715662535 392.100967043938 32.190990199102089 969.12975518572784 75.576283139380394 279.28032411450113 1258.4844778645202 683.02109432197176 31.75356950040441 1342.5580764162878 267.74175471506896 400.38539353245869 57.186500156618422 858.79584061684727 1843.7777521509852 497.45778773413622 125.46191617727163 635.74730540660676 951.80180308700074 38.429690585908247 410.76050004537683 10.224533870583398 293.27151663281256 16.11184308596421 1295.743139917322 154.73031439160695 1651.0348874060146 15.173495658324098 127.18279666971648 193.39658762083855 203.16320927999914 18.084671871736646 999.31879628426395
leaf_count=50872 25534 661 8197 292860 316556 4001 13013 2428 83 42821 49181 4557 16391 32986 70 16127 4838 1470 12772 7522 19012 5664 5207 14774 32390 241903 760 2501 2329 26131 49443 1198 60284 5403 22145 9079 3271 2012 46465 37489 7679 1826 230480 51705 63474 8458 56780 9201 4615 27581 1820 32867 1165 15264 10953 64554 211 2575 2818 943 350 143924
internal_value=0 0.00842251 -0.0161188 -0.0228362 -0.0294758 0.0142912 -0.00165066 -0.00267614 0.0103721 -0.00488533 -0.0223043 0.0112454 -0.00910755 -0.00116179 -0.00326677 -0.00695536 -0.00569078 0.0221019 -0.0171196 -0.00736847 0.00894915 0.00429237 0.00867369 -0.000503675 0.0074394 -0.0420106 0.00595175 0.0252943 0.00863207 0.00924138 -0.0194313 0.0201208 0.00541738 -0.013868 -0.0138819 0.0225594 0.023216 0.00796068 0.00222685 -0.011526 0.00868186 -0.0159451 -0.0320159 0.00686857 -0.0143241 -0.037085 0.00186219 0.0133885 -0.0182747 0.00260867 0.00581629 -0.013391 -0.0158132 0.0212894 -0.0101476 0.00639241 0.00239657 0.0156414 0.024625 0.0197088 0.0312944 -0.0158175
internal_weight=0 18486.4 9550.59 6367.83 4874.29 11680.7 6805.67 3182.76 7779.55 2945.25 3102.2 7530.24 3018.16 1493.54 2811.07 2758.93 2659.46 3901.16 2024.28 2504.72 5984.05 3787.51 5958.69 2392.81 5455.75 1772.09 969.905 2853.72 4990.46 4859.45 1839.07 1546.19 3616.8 131.006 404.904 2199.08 2162.75 2647.67 1987.91 1767.88 2577.48 249.308 1077.92 2177.1 523.635 1140.55 1978.31 1047.44 70.1833 736.842 185.209 1560.33 48.3028 1497.88 211.917 3363.97 834.006 1495.48 237.507 1479.73 221.248 1267.06
internal_count=2229643 706707 1522936 1309101 1203473 224124 482583 213835 196648 208589 660252 179868 337611 105628 183055 286739 270612 27476 380591 265774 157684 144972 157601 140234 152394 543221 33957 16805 133382 125650 365999 22184 131959 7732 36919 14304 13643 71675 103315 221802 65048 16780 279661 57369 71671 301318 103245 10671 6627 43972 14592 214280 2363 19821 12779 96944 33197 28706 5246 10372 1293 181413
is_linear=0
shrinkage=0.05


Tree=21
num_leaves=63
num_cat=0
split_feature=27 16 7 44 28 23 23 25 23 6 28 23 21 3 34 7 3 7 27 23 44 3 25 18 47 55 0 26 23 26 48 15 34 1 58 55 47 20 23 18 47 23 6 59 0 59 27 3 31 34 17 23 50 29 7 30 23 46 26 6 34 21
split_gain=1374.7 444.847 245.802 345.991 155.639 135.655 108.628 94.9922 80.28 66.5313 56.7839 53.0859 51.4474 50.0686 46.5184 44.8246 42.8557 42.0017 37.9834 36.1452 36.8053 34.6761 31.3886 28.4345 27.1363 25.1394 23.9267 23.8079 23.4697 23.1475 20.7133 20.3485 19.592 18.9613 17.8089 17.534 17.4023 16.0121 15.9014 19.102 15.2921 14.8675 14.8219 14.515 14.4795 14.4018 14.3174 14.1324 18.693 13.6631 13.5189 14.4312 14.124 12.9681 12.498 12.4214 12.3774 12.3214 12.0094 11.6873 11.5275 11.2598
threshold=8.5000000000000018 2.5000000000000004 64.500000000000014 2.5000000000000004 15796.500000000002 0.25019684433937078 0.27279774844646459 2.5000000000000004 0.22837934643030169 0.36664199829101568 13237.500000000002 0.23923829197883609 3.5000000000000004 0.035483499988913543 57.500000000000007 3.5000000000000004 0.019434500485658649 9.5000000000000018 2.5000000000000004 0.050039123743772514 52.500000000000007 0.02507250010967255 3.5000000000000004 36.500000000000007 63.500000000000007 216.00000000000003 10536.842285156252 0.20700815320014956 1.0007824897766116 0.52960655093193065 1.5000000000000002 1.5000000000000002 9.5000000000000018 4.5000000000000009 1.5000000000000002 237.50000000000003 181.50000000000003 1.5000000000000002 0.47193184494972235 235.50000000000003 62.500000000000007 0.069457139819860472 0.43639899790287023 0.48529411852359777 3893.3740234375005 0.13484849035739901 2.5000000000000004 0.030635000206530098 256.50000000000006 13.000000000000002 16.500000000000004 0.38191986083984381 1.0000000180025095e-35 6701.0000000000009 24.500000000000004 0.9734499752521516 0.43134123086929327 42.274959564208991 0.56698718667030346 0.53170400857925426 11.500000000000002 5.5000000000000009
decision_type=8 2 8 2 2 10 8 10 10 10 2 10 10 10 2 8 10 8 10 10 2 10 10 10 2 8 10 2 10 2 10 2 2 8 2 8 2 2 10 10 2 10 10 2 10 2 10 10 2 2 2 10 2 2 10 2 10 10 2 8 2 10
left_child=1 4 9 10 8 24 19 15 41 11 47 49 58 18 21 -8 17 35 -10 -3 32 31 33 37 53 -13 42 34 45 36 -22 -7 61 -14 38 -9 -17 -20 60 54 -25 -1 55 -35 -24 56 -32 48 -4 -2 52 -52 -37 -5 -40 -12 57 -19 -6 -15 -27 -21
right_child=2 6 3 5 12 14 7 16 13 -11 26 25 22 59 -16 29 -18 28 23 20 30 -23 44 40 -26 27 -28 -29 -30 -31 46 -33 -34 43 -36 50 -38 -39 39 -41 -42 -43 -44 -45 -46 -47 -48 -49 -50 -51 51 -53 -54 -55 -56 -57 -58 -59 -60 -61 -62 -63
leaf_value=-0.05062366958697332 -0.0149630103825177 -0.045088852019755626 -0.014772994009409932 -0.035578284525399642 -0.03379045435504946 -0.025929644420780509 0.029611723382299296 0.063775588383627443 0.0013450310965156609 0.026418157567764656 0.0080251958455679062 0.073290594438218448 0.017103380722134215 -0.00025798208491324318 -0.039155624773783981 0.016536533045188637 0.038403137733948073 -0.014547340838803633 -0.02628834836005069 0.002006983598779813 -0.043915805050490343 0.00079003157320997543 -0.005158063846065904 0.0014860095518478716 -0.04707593649510193 0.0036928405004985746 0.024330457187328323 0.0054660280018285178 0.00026685465189329511 0.023446663494359612 0.0056492510631160238 -0.015260594367037725 -0.011511145590327461 0.0049204531632120489 0.0087433631503656406 0.0098528014632400136 0.0019569244975640183 -0.012805422047687197 0.00077229587893014415 -0.017752558826985104 -0.0097477377321422767 -0.025614127821000195 0.046857211041381248 0.012831667141535689 0.0047157522665051575 0.018052176128700765 -0.014980600587224269 0.01171768395140225 -0.046718731695603796 -0.043643542790575786 -0.0028969728470672309 0.019890575110949289 0.029903006225610158 -0.0054480688145200039 -0.0094944646047218362 -0.0044073395207305894 0.010323613079381821 0.0089034588147090966 -0.0050810187777258296 0.024245138234268632 -0.026417306611461501 0.018080653636724595
leaf_weight=81.645431807482964 68.726196545743733 43.187107871170156 403.12037312454777 669.99002768864739 97.768966324802022 1235.0785648251986 1304.2441772846505 17.553914044518024 904.76962179801194 161.7516235744697 341.79521466750884 9.3286185809411091 532.12676750007086 70.258557174107409 377.86286294308229 1283.5475082154153 144.82052899862174 116.76857670696336 281.28527444138308 160.71320309012663 41.14474630105542 181.68201868298638 744.69927182297397 510.10906124358007 941.66233145743172 38.090327894838993 134.79961295519024 447.15839786632569 1017.3984491493611 1232.2907503369497 139.07525085273664 709.52629468392115 97.270014268142404 2334.3698099722678 156.76802260850673 1223.1386641684221 243.80714621845982 1028.9273588287761 632.92376596185204 321.93952879276185 744.08174250656157 233.09469492516655 16.798744175408501 771.60780316509772 738.52028830960626 418.15891775168711 210.1488368230348 41.742753315062146 51.068478615197819 109.9859048517319 73.527199395000935 1190.8252595727099 93.991601109853946 38.137746245018207 556.32080667790433 484.39577311486937 619.77585639047902 105.8916570682195 58.34962354041636 157.17960177194618 184.40436836004665 339.08953070885036
leaf_count=19248 7544 3924 52805 186952 11182 287833 5873 37 52990 1720 10820 80 5692 3299 125199 14957 1081 4097 47053 3323 2128 14172 61749 25679 340250 1507 794 18408 36872 13529 3175 139312 6553 67010 8990 16118 5256 161115 28038 36973 88707 47049 201 19174 25434 9033 11129 2573 16346 27199 829 9701 690 1133 60519 22046 16728 3735 2807 4762 22680 3987
internal_value=0 0.00728345 -0.0170139 -0.0229538 -0.000617081 -0.0303367 0.014537 0.0162818 -0.00803962 -0.00457146 -0.00213738 -0.00656582 0.0050252 -0.00597083 -0.0229864 0.0219657 0.0116788 0.0108775 -0.00746203 -0.000845834 0.00113285 -0.0200959 0.00588878 -0.0105686 -0.0414726 -0.0045582 0.00485269 -0.00490008 0.00591736 0.0183427 -0.0107894 -0.0220467 0.00893269 0.00838756 -0.00735363 0.015221 0.014212 -0.0157179 -0.0088134 -0.00696667 -0.00518116 -0.0322415 0.00171293 0.00688931 -0.000241858 0.0104739 -0.00677228 -0.0159012 -0.0184597 -0.0327587 0.0148663 0.0185641 0.0113052 -0.0339655 -0.00403437 0.000739484 0.00669539 -0.00340478 -0.0231609 0.0167078 -0.0212691 0.0129264
internal_weight=0 19405.2 8315.06 5627.66 9288.79 4153.94 10116.4 9085.74 4011.35 2687.4 1473.72 2525.65 5277.44 3696.61 2504.15 4063.89 5021.85 4877.03 3469.17 1030.63 987.442 2126.29 5121.32 2564.4 1649.79 2346.93 977.789 2337.61 2277.99 2759.65 390.369 1944.6 597.073 3638.1 1890.45 2599.04 1527.35 1310.21 1733.68 1511.18 1254.19 314.74 842.99 3105.98 1483.22 1260.6 349.224 495.932 454.189 178.712 2581.48 1264.35 1317.13 708.128 1189.24 826.191 842.436 222.66 156.119 227.438 222.495 499.803
internal_count=2229799 815705 1414094 1200436 642950 1094851 172755 138536 449902 213658 105585 211938 193048 383605 566516 39615 98921 97840 375544 34219 30295 441317 179059 322554 528335 177195 33861 177115 70465 33742 16432 427145 13863 91876 158707 27375 20213 208168 149717 125530 114386 66297 33067 86184 87183 33593 14304 71724 69151 34743 27338 10530 16808 188085 88557 32866 24560 7832 13989 8061 24187 7310
is_linear=0
shrinkage=0.05


Tree=22
num_leaves=63
num_cat=6
split_feature=38 7 7 34 38 21 38 23 6 47 23 55 3 23 23 25 5 38 3 21 57 55 57 39 38 39 57 25 21 45 21 58 23 59 6 45 21 39 23 57 47 23 17 16 47 2 39 34 45 25 56 59 23 22 34 45 50 7 21 47 20 38
split_gain=1290.42 425.737 377.98 176.849 122.414 99.3424 95.3194 85.144 79.3236 65.4733 64.915 62.4671 52.3686 49.3961 48.6444 47.2978 46.4856 42.8073 41.7919 41.7325 37.6586 31.4626 31.7085 34.3428 29.9014 31.1862 40.6967 29.2807 28.374 24.8315 25.4225 23.9054 23.1266 23.0975 22.0019 21.1724 20.6566 20.2816 19.8293 18.6447 18.3583 17.8934 17.8699 17.3651 17.3262 15.8031 15.6697 15.5875 14.9808 14.5665 15.7184 14.4642 14.4137 14.1571 18.8703 14.1218 14.0885 13.9061 14.0996 13.692 13.5449 13.3652
threshold=0 26.500000000000004 64.500000000000014 7.0000000000000009 1 14.500000000000002 2 0.35222586989402777 0.36456100642681127 7.5000000000000009 0.27279774844646459 193.50000000000003 0.053969001397490508 0.17709264904260638 0.30008026957511907 1.5000000000000002 2.3055999279022221 3 0.028544499538838867 2.5000000000000004 1.0000000180025095e-35 216.00000000000003 1.0000000180025095e-35 3.5000000000000004 4 4.5000000000000009 1.0000000180025095e-35 1.5000000000000002 2.5000000000000004 3.5000000000000004 5.5000000000000009 1.5000000000000002 0.61374524235725414 0.039230769500136382 0.41260799765586859 7.5000000000000009 47.500000000000007 3.5000000000000004 0.27849131822586065 1.0000000180025095e-35 9.5000000000000018 0.044978827238082893 11.500000000000002 1.5000000000000002 5.5000000000000009 4.2271001338958749 1.5000000000000002 5.5000000000000009 20.500000000000004 3.5000000000000004 1.0000000180025095e-35 0.70714285969734203 0.65245473384857189 75.267856597900405 7.0000000000000009 23.500000000000004 1.0000000180025095e-35 1.5000000000000002 8.5000000000000018 27.500000000000004 150.50000000000003 5
decision_type=9 8 8 2 9 10 9 10 10 2 8 8 10 10 10 8 10 9 10 8 2 8 2 2 9 2 2 8 10 10 10 2 10 2 10 10 10 2 10 2 2 10 2 2 2 8 2 2 10 10 2 2 10 10 2 10 2 10 10 2 2 9
left_child=1 4 7 19 28 9 52 -2 17 34 -8 -6 20 59 41 42 32 -9 24 60 31 -21 27 47 35 -26 -27 38 -1 -29 40 43 44 46 -5 56 51 -18 -23 -35 -31 -13 -16 -7 -12 -15 -19 -24 -40 50 -37 -32 -4 54 -43 -42 -17 -30 -59 -11 -3 -48
right_child=2 3 6 5 11 12 10 8 -10 13 16 14 -14 45 15 18 37 33 -20 21 -22 22 23 -25 25 26 -28 29 57 30 36 -33 -34 39 -36 49 -38 -39 48 -41 55 53 -44 -45 -46 -47 61 -49 -50 -51 -52 -53 -54 -55 -56 -57 -58 58 -60 -61 -62 -63
leaf_value=-0.015522551330932936 -0.032723538640728619 -0.023919103422814197 -0.048778764436652994 -0.0058886796549911203 0.067408632077187738 -0.0083806921215358945 -0.044591911953060864 -0.015324630341143007 0.030695827409764384 -0.020301452821505261 -0.016466987379589793 -0.045621073523438513 0.023840746799915574 0.02027883138742282 0.014432616492926374 0.015042009896944139 0.014393158377902879 -0.00085750686950647004 0.034120731554966803 0.07744319534321914 -0.036037362355901499 -0.0027051051710696304 0.0064806096289647223 -0.043710700853792452 0.0026324564112711912 0.023558004544646825 -0.051419054714266457 0.0090763523430510504 0.031462985293888829 0.0057561505673355048 0.0035606120841440722 0.0093800333523651504 -0.019210118277115905 0.013416079749804917 0.043301163271048312 0.01405092810714938 -0.0038032667341483099 -0.017510079151215271 0.016354416064388505 -0.037977741256313022 -0.014318274499576676 0.0038960079407878382 0.025263898880007365 0.0016707137776064149 -0.031865071191613893 -0.017907616594401009 -0.025542153992827544 -0.052930937182722362 0.0057471780531647395 0.003733765177022526 -0.033255698249866322 0.016219042635335613 -0.035052818632377268 0.014781630374255471 -0.0145290348788682 -0.046299905417399395 0.031368001946139742 0.0099451845326146097 0.024795736161648489 -0.042270848027778148 0.021987416074030319 -0.0037339347322488331
leaf_weight=41.9861318335752 255.40487304154522 160.74750501819653 582.26674224386807 392.85377162034274 47.426546649076045 1623.0488085182878 356.04928662749444 684.80031678192609 167.07663820014568 90.179912526713451 230.8012033966952 21.815618068620097 165.28704613109585 27.908482618862763 836.36367114516906 1201.5371699886746 118.79818701122713 1158.3041521193663 167.13435618486255 13.993190817302091 93.813542803982273 231.13770517037483 111.07714518398279 66.873204943432938 2214.7592308148742 306.90425119741121 18.302531685039867 1276.2458015538286 688.4354393016547 91.601336420455482 1426.3828105612483 296.41954780451488 1339.976882318937 335.24246898345882 23.129411222413182 828.05843415285926 899.9507555118762 84.281794421505765 1050.3843361292675 17.673077092680614 170.46596755128121 326.09158842958277 708.29675935814157 583.8918952732638 945.44646716977149 478.14794601664471 122.27221215912141 11.246588177978991 489.28831460495712 831.01655377849238 17.01857574400492 267.3220596476458 307.00959453702671 121.7989026903233 240.75025005196221 42.886943903111387 148.80409342516214 190.68689052434638 1050.4683881249512 389.97153441843693 17.060003761667758 176.92268377094297
leaf_count=751 54451 15708 249789 27271 87 225197 119323 99351 1534 16041 31396 1814 3699 720 8444 12022 17495 77803 809 65 16409 6388 5569 8941 42531 3705 934 34724 2619 2351 53885 21608 280768 12289 293 8017 36565 14004 21171 1687 9390 5085 4717 41816 267906 70485 10102 2136 10480 11785 277 6982 106524 2632 8892 3381 829 1222 5032 110224 522 11395
internal_value=0 0.00616639 -0.0188394 -0.000868329 0.0135466 -0.00886836 -0.028917 -0.00520509 -0.00255383 -0.0197025 -0.0244387 0.0107592 -0.00336393 -0.0267137 0.010428 0.0116469 -0.0218744 -0.00479159 0.00955175 0.00439842 -0.00510377 0.00509011 0.00491249 -0.0151878 0.00880806 0.00474094 0.0191936 0.00555454 0.0247167 0.00326794 0.000708266 -0.00393061 -0.0237309 -0.000712615 -0.00305635 0.0121629 0.00231542 0.00113183 0.0109406 0.0107424 -0.0129236 -0.0020574 0.0194124 -0.00572183 -0.0288602 -0.0157658 -0.00349665 0.000633332 0.0129895 0.00844102 0.0130601 0.00556692 -0.0435951 -0.000613187 -0.00394132 -0.020933 0.016863 0.0257279 0.022524 -0.0381954 -0.0194162 -0.0136769
internal_weight=0 20499 6882.33 10491.3 10007.7 4164.65 3964.63 2917.7 2662.29 1402.19 3075.35 8036.08 2762.46 986.208 7988.65 7278.2 2719.3 2495.21 5733.54 6326.66 2597.17 6148.86 6134.86 189.197 5566.4 2539.97 325.207 5945.67 1971.58 4174.86 2898.61 2503.36 2516.22 1810.41 415.983 3026.43 2593.66 203.08 1770.81 352.916 304.954 710.456 1544.66 2206.94 1176.25 506.056 1457.5 122.324 1539.67 1676.09 845.077 1693.7 889.276 688.641 566.842 213.353 1350.34 1929.59 1241.16 480.151 177.808 299.195
internal_count=2230042 874225 1355817 752021 122204 533763 1087205 268612 214161 225034 730892 112580 308729 197470 112493 94070 611569 212627 80909 218258 305030 202028 201963 16646 80100 47170 4639 185317 9624 147278 112554 288621 580070 113276 27564 32930 97432 31499 38039 13976 15122 18423 13161 267013 299302 71205 99300 7705 31651 20079 8294 60867 356313 16609 13977 12771 12851 8873 6254 126265 16230 21497
cat_boundaries=0 2 3 5 7 9 11
cat_threshold=3495977220 306806882 1073741824 33687640 93470729 234917458 93479961 2415919108 301989920 547094560 2363908
is_linear=0
shrinkage=0.05


Tree=23
num_leaves=63
num_cat=8
split_feature=38 7 7 28 23 38 38 23 58 2 23 23 25 47 55 57 57 59 38 26 23 38 2 57 50 39 59 58 17 23 23 38 23 44 7 16 27 57 27 43 26 55 47 2 45 25 38 34 23 27 26 23 2 34 47 38 18 59 34 39 57 39
split_gain=1176.68 393.884 336.07 162.029 105.47 100.526 87.2536 81.2681 69.0721 60.7494 54.53 54.5 52.915 52.21 50.1735 43.3875 43.363 43.2799 56.8144 43.2575 45.3006 40.7965 36.0182 35.8401 34.16 31.4148 30.8756 29.2037 28.2904 27.2899 24.771 24.4475 23.938 23.5396 22.3146 21.654 23.3319 21.4889 21.1854 23.209 20.4083 20.2209 19.1547 18.7895 18.7494 23.5028 18.3826 17.6206 16.3571 15.7993 15.5453 15.5184 15.474 15.0779 14.9218 13.9174 13.1469 12.9525 25.1607 12.5835 12.4625 12.3692
threshold=0 18.500000000000004 71.500000000000014 15796.500000000002 0.22837934643030169 1 2 0.3059400618076325 1.0000000180025095e-35 2.9942500591278081 0.197051577270031 0.27279774844646459 2.5000000000000004 9.5000000000000018 237.50000000000003 1.0000000180025095e-35 1.0000000180025095e-35 0.32666666805744177 3 0.52183446288108837 0.39410315454006201 4 2.8616999387741093 1.0000000180025095e-35 1.0000000180025095e-35 4.5000000000000009 0.26491229236125952 1.5000000000000002 6.5000000000000009 0.28335043787956243 0.084284979850053801 5 0.050039123743772514 50.500000000000007 26.500000000000004 1.5000000000000002 3.5000000000000004 1.0000000180025095e-35 14.500000000000002 1.0000000180025095e-35 0.40754985809326177 189.00000000000003 117.50000000000001 1.7102000117301943 6.5000000000000009 9.5000000000000018 6 7.0000000000000009 2.6815079450607304 3.5000000000000004 0.52183446288108837 0.50499168038368236 3.8634001016616826 27.500000000000004 9.5000000000000018 7 48.500000000000007 0.78888890147209179 11.500000000000002 5.5000000000000009 1.0000000180025095e-35 14.500000000000002
decision_type=9 8 8 2 10 9 9 10 2 10 8 8 8 2 8 2 2 2 9 2 10 9 10 2 2 2 2 2 2 10 10 9 10 2 10 2 10 2 8 2 2 8 2 10 10 8 9 2 10 10 2 10 8 2 2 9 10 2 2 2 2 2
left_child=1 5 7 4 13 29 51 -2 28 15 32 -8 41 52 -7 26 19 38 -19 20 47 -10 27 61 43 -18 35 31 46 -1 -15 49 -5 -34 -30 36 -6 -11 55 -40 -31 -12 -37 44 57 60 -9 -16 -33 -22 -43 -4 -3 -28 -47 -13 -48 -14 -59 -17 -46 -23
right_child=2 3 6 10 9 14 11 8 21 37 12 17 24 30 16 59 25 18 -20 -21 22 23 -24 -25 -26 -27 53 -29 34 40 -32 48 33 -35 -36 42 -38 -39 39 -41 -42 50 -44 -45 45 54 56 -49 -50 -51 -52 -53 -54 -55 -56 -57 -58 58 -60 -61 -62 -63
leaf_value=0.0083223621241170897 -0.034755503334556875 0.035808449761534605 -0.04905495225066419 -0.039398586099321072 -0.0026953185848726199 0.067141051056532328 -0.043589946638350988 -0.021931067515212999 -0.0076858609216277508 0.024168274653286557 0.071915075274872148 -0.0059081768645249432 0.0018157691823647384 -0.042389160100574211 0.0080562911807964526 -0.021512640279165687 -0.0018336240129149459 0.020409569757554601 -0.020611110961312188 0.020016541682911122 0.019800927311212718 0.017941106565770703 0.041277646719610414 -0.062465503865508823 0.016796568842952331 -0.056932145101157954 0.0041821670200243013 0.021194411604756519 0.0053402970777118065 0.018790678381279111 -0.020897161874665768 0.0078432441391846058 -0.00082652896312489482 -0.024142786649316586 -0.01325733347717023 0.009619850086513471 -0.015226817897844448 -0.054323173833297746 -0.014250729046957348 -0.032339041650930371 0.030962684400019532 0.0065492128800929382 -0.0071202589394448726 0.028366745930062866 -0.00064281802695303971 -0.00052973861996336849 -0.027937245838354531 -0.0099122966050480283 -0.0022954379835647292 0.009934341160909162 0.013384158359887358 -0.034898417582450846 -0.0095063745014831724 0.053779061253960314 -0.025805287401863802 -0.021688359824806863 -0.0064657683156764947 0.018077096177896684 -0.051303010331815238 -0.056632966409944752 -0.025414563410659383 0.044716630232529496
leaf_weight=222.65467072307365 221.5702687288358 19.344706367119215 502.42454333676869 60.810138170752907 594.2928956100659 39.007751522120088 316.49052286284132 374.4460979198775 218.29871284830733 216.15802202146733 12.186762683093546 200.60930734017165 1522.808176286635 305.11716173154855 211.48409804014955 60.500809394579846 85.628927583806217 128.63661961219623 204.12192556897935 1211.9862514368724 630.57116392767057 419.76301757563488 96.527938483282924 12.352574022166662 338.50321724606329 36.112610994721763 575.52573498096899 562.91882753651589 519.2328946760972 514.59046290442348 245.03827827576606 1648.4283789532492 434.57401125036995 143.19015374712762 232.77132525647903 297.64856036062702 991.75060795371246 8.1626589815714379 222.54696768405847 919.7494477912187 1082.0697076681536 1745.8136798675696 398.43213242838101 57.459038208122365 1644.4256445099891 87.288420196739025 77.637978092971025 380.51659323176136 523.75385841151001 1148.3027536934242 1594.8294217669172 339.09274455573905 257.04374256455048 14.7554232821858 175.65611171578348 835.04496245722112 780.19848562972038 230.79628700792091 12.895163750567006 45.896853451384231 51.392910147289513 47.805835939361714
leaf_count=1758 54548 244 229376 8628 47233 77 109846 59490 24546 4738 32 33014 66234 88256 2995 10329 1881 14129 50444 9705 4433 12896 368 1364 4926 1520 41801 4794 26205 2352 47699 23216 22348 15550 31655 10449 167054 1092 30680 267143 4482 42759 32853 773 86404 3410 7964 11045 9612 13758 31344 121512 23338 1009 22574 184141 75485 5880 1466 8243 5545 890
internal_value=0 0.00588476 -0.0184045 0.000129888 -0.00806419 0.0142149 -0.0284896 -0.00572198 -0.00331181 -0.00395177 0.0042005 -0.0239535 0.00539899 -0.0239771 0.0112747 -0.00584353 0.0109483 -0.0215572 -0.00474588 0.0115101 0.009525 0.0102042 0.0111966 0.0181237 0.00160358 -0.0185084 -0.00467515 0.0105444 -0.00807048 0.024632 -0.0328719 0.00902204 -0.0098134 -0.00663684 -0.000426274 -0.00731105 -0.0105359 0.0210837 -0.0241224 -0.0288305 0.027054 0.0100624 4.14502e-05 0.000239931 -0.000201397 -0.00356915 -0.0127312 -0.0034905 0.00537396 0.0133659 0.00981526 -0.0428896 -0.00621709 0.00551081 -0.0174485 -0.0189065 -0.00834216 0.0035328 0.0142111 -0.0370488 -0.00140808 0.0207683
internal_weight=0 20536.9 6572.79 12142.3 4029.67 8394.55 3668.72 2904.08 2682.51 3203.12 8112.63 2827.2 7474.05 826.544 6575.24 2978.8 6536.23 2510.71 332.759 6414.49 5202.5 698.22 4610.5 479.921 4121.22 121.742 2872.41 4513.97 1984.29 1819.31 550.155 3951.06 638.574 577.764 752.004 2282.12 1586.04 224.321 2177.95 1142.3 1596.66 3352.83 696.081 3782.72 3725.26 1958.76 1232.28 592.001 2172.18 1778.87 3340.64 841.517 276.388 590.281 262.945 1035.65 857.836 1766.5 243.691 106.398 1695.82 467.569
internal_count=2229535 894207 1335328 802211 484338 91996 1040285 295043 240495 324801 317873 689397 271347 159537 83404 318971 83327 579551 64573 79926 70221 39696 56181 15150 197212 3401 300399 55813 200799 8592 135955 51019 46526 37898 57860 257589 214287 5830 514978 297823 6834 74135 43302 192286 191513 117933 142939 14040 32828 18191 74103 350888 23582 42810 25984 217155 83449 73580 7346 18572 91949 13786
cat_boundaries=0 2 3 5 7 9 11 13 15
cat_threshold=3495960836 306807010 1073741824 33687625 93470729 219693186 136329732 646090304 764431385 2415919108 272695360 101354576 563504136 8388608 134223888
is_linear=0
shrinkage=0.05


Tree=24
num_leaves=63
num_cat=6
split_feature=38 7 23 38 16 38 3 21 47 21 44 55 38 26 7 57 23 21 26 51 3 5 23 51 57 23 17 26 34 39 55 5 45 57 7 58 18 34 26 26 57 39 25 59 38 2 7 18 28 59 38 39 21 26 59 57 39 26 47 39 57 23
split_gain=1058.92 398.759 283.055 173.004 137.264 106.829 89.7308 78.3754 58.4663 49.3043 46.6624 46.3022 45.5534 44.6435 38.4555 36.5097 35.8783 35.6641 37.1632 35.2333 36.554 33.7555 31.701 29.8731 27.968 26.9122 34.1279 25.8245 25.7323 22.5912 22.1869 22.1854 20.8279 20.6294 19.7444 19.7222 17.8319 17.2173 17.0202 16.6597 15.8928 15.7998 15.3992 16.5175 15.4861 15.3113 15.2972 14.9901 14.9644 14.7047 14.6601 18.699 13.7971 13.6258 13.5903 13.3207 17.2911 13.3373 13.1789 13.0542 16.4784 13.0238
threshold=0 25.500000000000004 0.3059400618076325 1 1.5000000000000002 2 0.035483499988913543 14.500000000000002 23.500000000000004 5.5000000000000009 2.5000000000000004 189.00000000000003 3 0.50083056092262279 26.500000000000004 1.0000000180025095e-35 0.27279774844646459 2.5000000000000004 0.48373875021934515 0.17500000447034839 0.029044999741017822 2.3055999279022221 0.23923829197883609 0.17500000447034839 1.0000000180025095e-35 0.45153246819972997 8.5000000000000018 0.19059891998767856 5.5000000000000009 1.5000000000000002 216.00000000000003 4.440350055694581 3.5000000000000004 1.0000000180025095e-35 3.5000000000000004 1.5000000000000002 8.5000000000000018 5.5000000000000009 0.32816506922245031 0.26333570480346685 1.0000000180025095e-35 3.5000000000000004 5.5000000000000009 0.73214286565780651 4 2.9942500591278081 108.50000000000001 227.50000000000003 4591.5000000000009 0.65151515603065502 5 2.5000000000000004 8.5000000000000018 0.41687604784965521 0.28991597890853887 1.0000000180025095e-35 6.5000000000000009 0.29287208616733557 228.50000000000003 3.5000000000000004 1.0000000180025095e-35 0.11365508660674097
decision_type=9 8 10 9 2 9 10 10 2 8 2 8 9 2 8 2 10 10 2 2 10 10 10 2 2 10 2 2 2 2 8 10 8 2 10 2 10 2 2 2 2 2 10 2 9 10 8 10 2 2 9 2 10 2 2 2 2 2 2 2 2 8
left_child=1 5 10 9 12 15 7 8 -5 16 -2 -7 -4 23 31 17 49 58 35 20 25 46 -10 30 27 52 38 -9 41 -23 -11 47 -32 54 -20 36 -19 -38 -27 -39 -8 -17 43 44 -34 -16 -14 -6 -12 53 51 -26 -13 -3 -15 56 57 -28 -1 -46 -61 -50
right_child=2 3 4 6 14 11 40 24 22 13 48 19 21 33 45 28 -18 18 34 -21 -22 29 -24 -25 50 26 55 -29 -30 -31 32 -33 42 -35 -36 -37 37 39 -40 -41 -42 -43 -44 -45 59 -47 -48 -49 61 -51 -52 -53 -54 -55 -56 -57 -58 -59 -60 60 -62 -63
leaf_value=-0.023162655386985354 -0.018866866642282692 -0.036046378799932693 -0.034217053459649559 -0.0079791331184127547 0.0050730117555290756 0.064806120284593857 0.01806035612795338 -0.011863076355412493 -0.041020335605963382 0.074728884695023479 -0.04829384301962536 -0.012315658824992894 -0.012869085772984949 0.0098013930263321294 -0.011131066596687044 0.012899215210842968 0.0036194929621572096 -0.0026691841145313603 0.030252897456636535 0.020723051021560496 0.03140912359644063 0.038294928543554263 -0.019133032581268219 0.017520639343345776 0.06656237328095603 -0.0023082211850229488 0.0056366960260274199 -0.0010874457961798185 -0.088923333059814799 -0.0048499108723420092 0.0088271019402158778 0.029622706997334904 0.0012699806247307502 -0.021602418103495256 0.020052964909971858 0.025997242363288181 0.0069211470327198779 0.0095456984822463765 0.0073841378358994519 0.02073258984622128 -0.034174763698004172 -0.040683209532863474 -0.010442276557247894 0.0082327422212427077 -0.0097723790743409547 0.014588281757709818 -0.022307497928260298 -0.012188093818120943 -0.049792293863470512 0.0021147968799912274 -0.050278302447593459 -0.024263725549859286 0.0021615644983984466 -0.015341216072069936 0.020113261651647688 -0.01899400102850447 0.027903846113656434 0.01429537420514871 0.010867492786617972 0.014595291540146825 -0.04042576609552951 -0.033698894847336076
leaf_weight=66.841054743505083 309.95746873127064 123.88873855408747 457.77586836659611 387.41904892887396 805.08111747051589 34.020569339860231 296.84551872633165 1069.3520678354107 414.69748783905379 9.2325903219170851 430.62507594897761 293.09394965769025 726.8449921902502 1151.0942629837082 879.31889455302735 40.664061243180186 321.12797551599215 157.44242244714405 834.49861804302782 433.30218058655737 134.5903509912896 36.665405040548649 279.82731874957244 297.36593191733118 7.1381007765594431 1071.7558025099279 813.37538111375761 1157.5470539553062 9.7607518991571833 155.19066699722316 717.44244118209463 80.126107450283598 2081.8116214978218 44.238958460628055 1128.0402462440543 371.01488946005702 528.34646743955091 479.55581401777454 783.04860422611819 1107.3083286790643 14.407892344403079 19.558527581335511 349.44332343236601 581.75847841845825 665.16681525585591 61.092973653838271 1068.6828203583573 148.06072276260238 159.08616425470973 71.448572839144617 44.189088521525264 17.675762545200996 373.11619024653919 226.77377948482172 444.03604333940893 34.976316470594611 152.35949095955584 985.8402485055849 48.202805164619349 109.29305602016393 14.549763194896512 717.00433056618931
leaf_count=1881 58610 15438 147744 40492 41315 68 8777 162280 131829 49 194238 10794 100521 27401 148748 667 11555 2020 3621 4016 748 4023 46936 2909 628 25048 13233 135875 474 20681 26436 724 64887 4762 8047 2181 5190 5156 11780 6496 1571 673 26473 19667 48342 4069 249196 11166 53932 4659 11093 2585 8026 15262 8091 1167 1461 11817 614 5484 2193 243739
internal_value=0 0.0053004 -0.0184701 -0.00129604 -0.0119464 0.0125659 -0.010085 -0.0124801 -0.0235694 0.00321209 -0.0363971 0.00748408 -0.0198613 0.00461881 -0.00213573 0.0179295 -0.00897153 0.0184992 0.0191861 0.00710191 0.00582631 -0.016285 -0.032242 0.0021962 -0.00724619 0.00505564 0.0066644 -0.00626488 -0.017692 0.00355127 0.00118632 0.00452075 0.00101958 0.0117449 0.0244033 0.0153053 0.0135492 0.0147571 0.00178541 0.01736 0.0155407 -0.00488305 -0.000455633 0.000557869 -0.000999734 -0.00944651 -0.018496 0.00238171 -0.0405377 -0.0185363 -0.0383736 0.00247244 -0.00421649 -0.022738 0.0126827 0.0112166 0.0117675 0.0103863 -0.00893341 -0.00691102 0.00785907 -0.0366747
internal_weight=0 20798.5 6035.51 10897.8 4418.84 9900.71 3689.1 3377.85 1081.94 7208.67 1616.67 5109.48 2445.16 6465.43 1973.68 4791.23 743.239 4721.25 4606.21 5075.46 4642.16 1987.38 694.525 4826.06 2295.9 4507.57 3841.36 2226.9 69.9833 191.856 4528.7 1033.27 4519.47 1639.37 1962.54 2643.67 2272.65 2115.21 1854.8 1586.86 311.253 60.2226 3802.02 3452.58 2870.82 940.412 1795.53 953.142 1306.72 422.111 69.003 24.8139 666.21 350.663 1595.13 1986.55 1951.58 1799.22 115.044 789.01 123.843 876.09
internal_count=2229558 950852 1278706 825674 728187 125178 542066 531718 219257 283608 550519 88158 522165 236694 206022 37020 46914 35206 32711 88090 84074 374421 178765 196440 312461 83326 64506 298155 1814 24704 193531 53205 193482 40254 11668 21043 18862 16842 36828 11652 10348 1340 167046 140573 120906 152817 349717 52481 491909 35359 14306 3213 18820 30700 35492 27678 26511 25050 2495 56019 7677 297671
cat_boundaries=0 2 4 6 8 10 12
cat_threshold=3495977348 308904160 1080033280 33554464 3221225472 272629856 33556576 26625032 1077936128 32 0 557056
is_linear=0
shrinkage=0.05


Tree=25
num_leaves=63
num_cat=9
split_feature=27 16 38 23 23 7 6 38 7 44 23 16 21 53 26 27 51 25 38 3 29 53 38 27 21 21 43 23 17 27 2 38 0 59 22 58 23 38 27 7 38 21 58 21 27 45 6 6 38 21 23 23 38 21 47 22 27 45 2 18 21 47
split_gain=970.292 253.483 245.86 108.377 107.491 100.221 95.5476 95.3725 69.9192 117.324 67.1686 58.3784 57.1411 57.0507 52.1139 49.0915 39.6214 36.415 29.5646 29.3341 28.6672 28.2287 27.3531 25.6678 24.3234 22.5004 19.7044 18.6422 19.556 18.3912 18.3373 18.1514 17.4426 17.1617 16.0316 15.9769 15.8421 15.8216 15.4172 15.1879 14.9651 25.4713 13.4941 13.2334 12.9566 12.8419 12.7855 12.6623 12.5234 12.3159 17.152 12.0558 14.3017 11.7386 11.3343 12.0875 11.2725 13.3725 10.99 10.9407 10.5082 10.3963
threshold=7.5000000000000009 1.5000000000000002 0 0.2178943678736687 0.31749305129051214 3.5000000000000004 0.38769049942493444 1 67.500000000000014 2.5000000000000004 0.16198525577783587 1.5000000000000002 4.5000000000000009 1.0000000180025095e-35 0.52960655093193065 14.500000000000002 0.16499999910593036 2.5000000000000004 2 0.055034499615430839 1161.5000000000002 1.0000000180025095e-35 3 1.5000000000000002 21.500000000000004 5.5000000000000009 1.0000000180025095e-35 0.39410315454006201 22.500000000000004 4.5000000000000009 3.2260500192642216 4 3408.679809570313 0.31414473056793218 6.9600863456726083 1.0000000180025095e-35 0.069457139819860472 5 2.5000000000000004 11.500000000000002 6 42.500000000000007 1.5000000000000002 3.5000000000000004 12.500000000000002 5.5000000000000009 0.51191249489784252 0.51191249489784252 7 4.5000000000000009 1.0127727985382082 0.95318961143493663 8 140.50000000000003 137.50000000000003 40.148351669311531 16.500000000000004 5.5000000000000009 2.9942500591278081 10.500000000000002 294.50000000000006 65.500000000000014
decision_type=8 2 9 8 10 8 10 9 8 2 10 2 10 2 2 8 2 10 9 10 2 2 9 10 10 10 2 10 2 10 10 9 10 2 10 2 10 9 10 8 9 10 2 10 10 10 10 10 9 10 10 10 9 10 2 10 10 10 10 8 10 2
left_child=1 7 3 36 20 23 8 12 21 18 33 37 38 14 16 31 22 34 -10 32 -4 30 25 -3 -9 -12 -22 -25 -29 42 40 58 39 43 -14 56 -2 -6 -1 -19 41 -5 -24 -7 -38 -41 51 -31 -17 -16 -51 -27 53 54 55 61 57 -13 -11 -36 -42 -53
right_child=2 5 4 6 11 10 -8 24 9 15 13 35 17 -15 49 48 -18 19 -20 -21 26 -23 29 27 -26 46 -28 28 -30 47 -32 -33 -34 -35 59 -37 44 -39 -40 45 60 -43 -44 -45 -46 -47 -48 -49 -50 50 -52 52 -54 -55 -56 -57 -58 -59 -60 -61 -62 -63
leaf_value=-0.01035069505587069 -0.052688389331625278 0.026300575882064525 -0.046760555397455356 -0.024915712461709698 -0.037085963071324606 -0.029531714390784627 0.023206787316279412 -0.037481030501905752 0.0078174330006087443 -0.0080054097869682907 -0.007959463334154919 0.00071701552384476151 0.020098677403962935 0.067614833880976874 0.0060389748905828513 -0.036874911894987497 0.020286805618022725 0.0087866250096595624 -0.0077402628237487102 0.025368311347774147 -0.012348753795682316 0.066528686795609346 0.0024241243820087304 0.00080108107513774751 -0.01314721740612514 0.012069124949212435 -0.035255917341445037 0.011660856071395661 0.023813305090826391 -0.0062464786925976439 0.028682151750178488 -0.018390941712878431 0.0033561545360448596 0.0047620718708777663 -0.028346516411465406 0.0031198724014120036 -0.019819658025575733 -0.021280415180168009 -0.035555462656024113 0.00019114998875060867 0.0023161019495274264 -0.0019278941015325375 0.015975885765481933 -0.0077878407257761673 -0.043105221319377413 -0.0093475668490120949 0.043457180698759923 0.031597272738175142 -0.021787297548328092 0.023006103543161353 0.012285549396107799 0.035674319022103489 0.010524327349343065 -0.01593111144236883 -0.0031824169531367063 -0.0023741368745652156 -0.023234168030542766 -0.016980630116149868 0.015275177421422027 0.0057838754115148959 -0.021096202312139562 0.010393869952800866
leaf_weight=129.7521312017052 88.958161486247263 1001.0964395523188 512.30105038223701 162.51422912317503 280.89461552925059 130.77652242427575 266.83767536553205 118.29781315098808 620.43869142659241 462.56128791299125 196.34839444579848 213.75156500151206 201.57921054074541 41.338113684323616 225.72576365701389 341.5642612220181 536.22434077464277 175.65314877196215 580.37109218447586 96.77074808703037 122.55306617634778 14.722824001335537 966.06391508353408 179.12621396244504 761.1053158800205 1788.1947957522643 421.63696550294117 640.73913275342784 692.193417258095 707.22089451705688 50.667723474733066 614.87252860935405 871.37910859909607 117.46448951434286 22.735247520264238 223.48436275548011 173.70485439395998 791.56298333725863 114.93613100567018 494.68453155331372 1315.745725387198 458.84187000436941 225.97568724336452 151.31650995390373 93.169394289856427 1229.3177860234573 26.388985161436722 21.834886183729395 513.58759814907535 906.37297204686911 641.33685310394503 47.2100521447137 975.17645232286304 83.701119777280837 355.50129240666865 166.23076066299109 173.73572495383269 212.04991746682208 55.986998813983519 2431.2291093686654 48.741631816345034 272.4084053277038
leaf_count=7805 28069 5217 237948 13493 105040 11273 8005 27022 17060 68137 6822 23430 3443 126 4833 100820 5305 3362 44578 1792 21131 76 31047 1948 117810 30568 152022 5715 3936 42105 801 132618 30376 5168 620 24192 37163 189561 19745 48461 54121 32398 5510 7619 30523 143168 134 217 122115 10333 9255 375 19001 1576 8837 2803 38724 35989 2410 79288 3184 4428
internal_value=0 0.00667644 -0.0136176 -0.00764354 -0.025365 0.0113017 -0.00592522 -0.00104468 -0.00741268 -0.0120431 0.00872857 -0.0183115 0.00130567 0.00970621 0.00940393 -0.0194921 0.00729096 0.00235703 0.000298601 -0.00154957 -0.0382305 -0.00021064 0.00609283 0.0200825 -0.0162746 0.00848334 -0.0301293 0.015951 0.0179848 0.00117388 -0.000725542 -0.0126504 -0.00249842 -0.0112685 0.00657489 -0.00828039 -0.0343622 -0.0259946 -0.0222865 -0.00518429 -0.00148992 -0.00784463 0.00500438 -0.0179369 -0.0280795 -0.00661201 0.00937717 -0.00507135 -0.0285348 0.0169833 0.0185745 0.00912163 0.00634302 0.0017955 0.00359716 0.0085542 -0.0125281 -0.00811558 -0.00536403 0.00545625 0.00145429 0.0142276
internal_weight=0 17743.4 8815.26 5863.29 2951.97 11096 5507.45 6647.44 5240.62 3189.38 8582.81 1895.48 5768.04 8183.25 8141.92 1988.57 6368.48 5523.35 1200.81 2867.81 1056.49 2051.23 5832.26 2513.16 879.403 3911.16 544.19 1512.06 1332.93 1921.1 2036.51 1133.42 2771.03 399.558 2655.54 823.022 355.832 1072.46 244.688 1899.66 1985.84 621.356 1192.04 282.093 266.874 1724 3714.81 729.056 855.152 1773.44 1547.71 3688.42 1900.23 925.052 841.351 485.849 599.537 425.801 518.548 2453.96 1364.49 319.618
internal_count=2230651 707043 1523608 695571 828037 224151 599816 482892 591811 487738 207335 416936 338060 183275 183149 426100 158728 310510 61638 227159 411101 104073 153423 16816 144832 74544 173153 11599 9651 78879 103997 203165 225367 24060 83351 122335 95755 294601 27550 194991 103196 45891 36557 18892 67686 191629 67722 42322 222935 24421 19588 67588 37020 18019 16443 7606 98143 59419 70547 79908 57305 4803
cat_boundaries=0 2 4 6 8 10 12 14 16 18
cat_threshold=3648549254 979995106 3522175112 306813152 1075314944 301989922 1900306596 811797218 2151702528 440961122 33556544 25576456 17318146 136317090 2420649986 138936640 4202496 32
is_linear=0
shrinkage=0.05


Tree=26
num_leaves=63
num_cat=9
split_feature=38 16 23 16 38 23 38 3 23 55 27 38 17 2 50 47 38 23 23 38 47 5 38 5 23 0 45 22 25 22 39 23 5 2 39 25 47 23 22 55 34 23 39 47 17 22 48 34 59 27 45 38 58 58 47 25 23 16 13 27 38 34
split_gain=875.371 311.374 244.218 117.119 114.165 110.812 96.3141 73.61 62.5988 56.0946 44.338 42.5111 42.4912 42.3682 42.595 40.9735 35.1045 33.4498 31.1861 29.9597 28.069 27.5112 27.3603 25.2237 23.6543 21.3996 20.6638 19.9455 18.8737 18.4385 15.2587 15.0996 15.2174 14.896 14.2349 14.2041 13.6928 13.4272 14.0122 13.4234 13.3973 13.3176 12.6473 12.5214 13.7773 12.2214 12.1551 11.944 11.6335 11.62 11.533 17.7427 11.5282 11.4873 11.4315 11.4144 11.3599 11.1104 11.0498 10.8819 10.8802 10.8302
threshold=0 1.5000000000000002 0.47845858335495001 1.5000000000000002 1 0.23923829197883609 2 0.035483499988913543 0.45153246819972997 189.00000000000003 3.5000000000000004 3 21.500000000000004 11.537349700927736 1.0000000180025095e-35 9.5000000000000018 4 0.079399775713682189 0.16198525577783587 5 109.50000000000001 4.01355004310608 6 2.3603500127792363 0.2075627148151398 4269.8610839843759 2.5000000000000004 57.612499237060554 2.5000000000000004 100.54999923706056 1.5000000000000002 0.46514867246150976 3.0913500785827641 3.1062000989913945 6.5000000000000009 7.5000000000000009 130.50000000000003 0.37626267969608312 6.9600863456726083 216.00000000000003 16.500000000000004 0.12295823171734811 5.5000000000000009 170.50000000000003 15.500000000000002 54.585714340209968 1.5000000000000002 80.000000000000014 0.46410256624221807 12.500000000000002 6.5000000000000009 7 2.5000000000000004 1.5000000000000002 5.5000000000000009 1.5000000000000002 0.5850324034690858 2.5000000000000004 1.0000000180025095e-35 9.5000000000000018 8 24.500000000000004
decision_type=9 2 10 2 9 8 9 10 10 8 10 9 2 8 2 2 9 10 8 9 2 10 9 10 10 10 10 10 10 10 2 10 10 10 2 10 2 8 8 8 2 10 2 2 2 10 10 2 2 10 10 9 2 2 2 10 10 2 2 10 9 2
left_child=1 4 11 16 22 17 10 8 15 -8 12 -2 36 -11 28 -6 47 -3 -13 -5 -19 39 37 58 -17 41 -20 35 -15 -28 -25 49 34 43 50 -10 57 45 -39 -21 -26 54 -9 -12 -45 -1 -22 -4 -40 -30 51 -33 -41 -27 -24 -38 -46 -7 -18 -48 -36 -16
right_child=2 5 3 19 7 6 9 42 27 13 33 18 -14 14 61 24 23 20 26 21 46 -23 25 30 40 53 29 -29 31 -31 -32 32 -34 -35 60 -37 55 38 48 52 -42 -43 -44 44 56 -47 59 -49 -50 -51 -52 -53 -54 -55 -56 -57 -58 -59 -60 -61 -62 -63
leaf_value=-0.0080699242100632489 -0.045886909922130147 -0.027526387566052964 -0.024668813897026461 -0.01043614596046019 -0.0071733818296317135 0.010221103803166834 0.067960115280824684 0.017440808996315105 4.7257552394953982e-05 0.02848625154017155 0.011538547066676582 -0.043790147307159459 0.026906893548905898 0.0087198021132750166 0.020740960062382852 -0.036395379964741126 -0.019446155458452026 0.0072244206308626118 -0.014180032569928454 0.069481356476486511 -0.039596604258949744 0.028711361874581814 -0.0058179697050717415 0.041097900664278937 -0.01291439443653985 0.0013773419942981556 -0.031974689047158243 -0.014104503702006044 -0.0041668947580190095 -0.014020764882077208 -0.0010842860946425979 0.010407993056791125 0.034240356976871951 0.03639250258928927 0.02265237054844401 -0.011751188668452463 0.015009350573802101 0.020522786030862716 0.0038078021122915882 0.00034009073840274594 -0.038262980928305192 -0.0035560785571938564 -0.0096997025388202048 -0.012780954180488758 -0.0046497445590442769 0.0083339847481385867 -0.0054598749423325488 -0.041882280730863301 0.01254151393701068 -0.03093195671037955 -0.0018291631648272248 -0.0022648268953291244 0.026879629357857739 0.015779422554090816 -0.027623732953448932 0.0030112023743716241 0.011947766060495217 0.019559665127650068 -0.010249248643884483 -0.030728949047180727 0.00041170968429284511 -0.0050669369365660072
leaf_weight=311.9080344215181 453.35574274677492 150.47508987486799 490.72493547095655 486.54643670076621 321.17690321597911 402.84785498253768 35.637781610013917 263.49355137578095 904.87329730662168 198.03244759194786 1416.2852012912335 236.54776454718376 1139.7152369196992 1202.7084139201615 472.38367219251813 419.65855223272956 754.82923669908632 421.00191339835874 381.62461104843533 6.2850943861994892 32.678348541201558 103.32668347060098 124.69601726700785 25.755266520107398 253.0354291198455 733.09961153165204 685.07125496507069 642.30907559208572 465.9420142704621 183.61039065668592 107.64748042383872 637.9184532497602 37.104246521281311 50.028831327334046 133.97801511341822 354.24122389809054 470.2128651048406 175.95364991665701 1620.2441262756183 1044.6005619350326 65.400217070571671 1211.2158193957148 50.568490593577735 112.94262195320334 151.5637210526038 177.25253926066216 377.15121137732058 130.06245190925983 498.30567269580206 43.479364086408168 1342.7497614863969 479.8380253816722 41.587565983383683 169.76005425408948 116.26628135232022 343.22739496498252 318.43132575514028 1589.7593567935401 582.8988291650312 47.153051059751306 99.865368372411467 44.086324562638765
leaf_count=14100 224622 14825 128096 84667 28227 5271 105 6851 86866 1702 19921 85829 5924 22421 4577 138865 174963 10647 72677 51 2795 1457 6837 2540 43067 22566 218735 96552 20670 46589 13332 14243 490 362 3087 56496 7647 2913 42406 80228 16246 80987 3642 9313 2352 5410 17980 54737 12742 5377 50788 21412 1618 4166 14167 7537 3367 10970 79219 8103 3710 1848
internal_value=0 0.00477514 -0.0173211 -0.00993593 -0.00262445 0.00987463 0.0113183 -0.00990182 -0.0123739 0.006291 0.0156353 -0.0317642 0.0187609 0.00586403 0.00495526 -0.0221099 -0.0178316 -0.00582708 -0.0269407 -0.000113221 -0.00208101 0.00414474 0.00202957 -0.0132922 -0.028591 -0.00193393 -0.0239357 -0.00694128 0.0033734 -0.0282003 0.00730476 0.00138724 0.00286145 0.00968725 0.00241678 -0.00327883 0.0154439 0.00537718 0.00699934 0.00183499 -0.018224 -0.00569879 0.0130539 0.00900111 0.00282704 -0.00212092 -0.0106508 -0.0278883 0.00586701 -0.00650743 0.00129365 0.00504335 0.00138002 0.00409975 -0.0164101 0.0099567 0.0065969 0.0176778 -0.0154494 -0.00833368 0.0141786 0.0185324
internal_weight=0 20630.7 5714.47 3774.26 8413.46 12217.2 11188.7 3274.76 2960.69 5193.72 5995.01 1940.21 3945.76 5158.09 4960.05 1059.27 2091.92 1028.46 1486.85 1682.35 877.985 1195.8 5138.7 1471.13 738.094 2355.04 1250.31 1901.42 4443.58 868.682 133.403 3240.88 2731.45 2049.25 2694.35 1259.11 2806.05 2783.66 2294.5 1092.47 318.436 1452.18 314.062 1999.22 582.938 489.161 456.983 620.787 2118.55 509.421 2460.51 1117.76 1086.19 902.86 240.962 813.44 469.995 1992.61 1337.73 424.304 233.843 516.47
internal_count=2229910 960550 1269360 620908 683106 277444 223094 476812 466319 150430 72664 648452 37349 150325 148623 226405 452887 54350 423830 168021 39525 83354 206294 270054 198178 128723 338001 239914 142198 265324 15872 119777 93730 35315 93240 143362 31425 77571 58061 81897 59313 101991 10493 34953 15032 19510 28878 182833 55148 26047 86443 35655 81846 26732 21004 15184 5719 16241 254182 26083 6797 6425
cat_boundaries=0 2 4 6 8 10 12 14 16 18
cat_threshold=3495977220 308908258 1080033280 33554464 3489660932 272629856 33687625 92422153 33590384 93734408 109088328 93479961 1073741824 32 4202752 33619968 2105600 98432
is_linear=0
shrinkage=0.05


Tree=27
num_leaves=63
num_cat=12
split_feature=27 16 38 38 38 7 47 21 21 2 57 21 21 7 57 26 55 50 58 2 39 57 6 7 55 38 39 26 21 38 38 47 26 21 26 21 26 39 57 38 38 34 55 38 20 27 38 55 21 45 38 50 21 47 5 39 39 22 7 38 20 18
split_gain=807.029 245.976 187.945 95.9934 88.3098 88.1008 175.363 64.6887 62.1684 49.4374 46.5704 45.7025 44.1404 40.0495 37.4038 36.5447 35.8193 32.4483 32.1658 30.9274 30.7264 29.5041 29.8619 29.1318 28.6997 27.9153 27.8717 27.5419 25.1939 23.6492 23.6333 22.0243 20.8878 22.553 20.7847 19.7288 21.8658 19.8933 24.358 21.3283 19.6185 19.4996 16.8495 16.2507 15.9622 17.5972 15.9352 15.1095 14.6511 14.5129 16.0385 14.4138 13.9731 13.3861 13.1768 13.1103 12.8178 12.7833 12.6753 12.5072 12.488 12.9654
threshold=8.5000000000000018 2.5000000000000004 0 1 2 72.500000000000014 9.5000000000000018 5.5000000000000009 19.500000000000004 3.0379999876022343 1.0000000180025095e-35 8.5000000000000018 4.5000000000000009 110.50000000000001 1.0000000180025095e-35 0.61556267738342296 326.00000000000006 1.0000000180025095e-35 1.5000000000000002 2.8174500465393071 4.5000000000000009 1.0000000180025095e-35 0.54317501187324535 2.5000000000000004 237.50000000000003 3 3.5000000000000004 0.52183446288108837 7.5000000000000009 4 5 27.500000000000004 0.18993670493364337 29.500000000000004 0.18733289092779162 5.5000000000000009 0.38476800918579107 3.5000000000000004 1.0000000180025095e-35 6 7 7.0000000000000009 134.00000000000003 8 98.500000000000014 2.5000000000000004 9 730.50000000000011 315.50000000000006 14.500000000000002 10 1.0000000180025095e-35 1.5000000000000002 71.500000000000014 2.1707999706268315 5.5000000000000009 2.5000000000000004 20.627314567565922 7.5000000000000009 11 2.5000000000000004 25.500000000000004
decision_type=8 2 9 9 9 8 2 10 10 10 2 8 10 8 2 2 8 2 2 10 2 2 10 8 8 9 2 2 10 9 9 2 2 10 2 10 2 2 2 9 9 2 8 9 2 10 9 8 10 10 9 2 10 2 10 2 2 10 10 9 2 10
left_child=1 3 13 7 12 9 25 41 31 24 18 -5 44 55 15 23 -6 19 27 35 46 22 29 57 -4 43 -16 47 58 56 -10 49 33 40 53 -18 37 -37 39 -39 -30 52 -25 -7 45 -3 -12 -9 60 50 -8 -44 -1 -33 -32 -2 -13 -14 -26 -20 61 -49
right_child=2 4 5 11 16 6 8 10 30 -11 20 21 14 -15 26 -17 17 -19 59 -21 -22 -23 -24 42 28 -27 -28 -29 32 -31 54 34 -34 -35 -36 36 -38 38 -40 -41 -42 -43 51 -45 -46 -47 -48 48 -50 -51 -52 -53 -54 -55 -56 -57 -58 -59 -60 -61 -62 -63
leaf_value=-0.03746781217261759 -0.024251271471496319 0.004173292354102273 0.068186413875938268 -0.040532664376565164 0.064783838753997625 0.014296664499835431 0.017232316563170948 0.068804464905865448 -0.0058185011114230099 0.022826734448873596 0.0048770649016472746 -0.006091466249016346 0.028080599804705071 -0.040824946743899665 0.0038416035310834575 0.028507354678318993 -0.0087144244996058672 0.018017483943230449 0.0022388339609536721 0.033144547836440622 -0.046884449981296233 -0.043993685942141578 0.034943682384249275 0.062780222898701873 0.0059572781711460764 -0.016171671750104043 -0.061022189456086562 0.0096662552114790343 0.0018642931770265726 -0.015030124866711989 -0.021512779525118726 -0.029296156844712085 0.0052624975863344633 -0.0039361899744225276 -0.020752154345709935 -0.0013141517446626876 0.0093976408132905205 0.023998284651658989 -0.037668942979005388 -0.005289102116744466 -0.027464385535835245 -0.039601667531065698 0.011989562955851917 -2.6924329067292927e-05 0.019601274625549947 -0.01820722352189828 -0.030512958478791805 0.0010596846285794385 -0.015508891380707638 -0.027249423931324165 -0.018908637132945633 0.027212884998110316 -0.0075738081698916481 -0.042818335248875496 -0.0026146910717471522 0.0020917028586869032 0.0066593913344499467 0.017541445218935161 -0.032668705094054611 0.016308075070460497 7.7625980452605947e-05 0.013606618630256291
leaf_weight=43.791826035041595 320.58621796310763 255.20810508303111 12.352664189878849 112.6779269996623 24.438403253443539 246.67081900965422 48.170812781143468 7.226955029880628 495.74669192964211 172.08695772982901 103.47868655266939 941.58890786011762 535.72819040715694 678.68958178959292 47.062018829921726 638.42744131665677 327.31042238726513 442.70815852039959 221.9725710467028 85.970087339199381 67.718297521380009 54.145873470435617 40.77588770102011 16.036192357540131 25.612113221606705 210.24296158441575 24.463744853506796 1219.8851252576569 85.184179253483308 699.41586475510849 943.27558791765478 321.63661806641903 473.8854953374539 1323.2456667639781 254.69727816239174 1652.7021091374918 1226.0597351740871 210.62433243769919 21.758333623787621 87.229050490917871 195.99290612636833 72.815722516403184 2893.281688369083 865.02269173442619 91.478056557418313 132.70117575676704 34.019781224487815 436.23407005806803 129.51370895758737 126.39442116260761 52.993653736222768 164.10748809727374 315.11660725870752 464.93948214988632 102.55493181152269 55.183872401918052 248.31797878743964 640.46125686715823 115.93282316478144 707.21736916745431 3139.7223615471448 389.25740796234459
leaf_count=5018 82914 4451 86 29153 78 6008 4916 28 81768 2636 6039 108310 2446 325343 1177 4215 18203 4909 8905 773 10196 11377 1021 28 706 32674 1490 27650 4920 129599 246420 103688 22532 109340 61050 55057 24517 4189 1772 3100 27348 15563 35017 40847 1652 5354 5880 29373 7909 26619 11060 941 17391 178224 17410 8616 23925 3675 20393 18483 178339 8691
internal_value=0 0.00562524 -0.0137341 -0.000308375 0.0112261 -0.0105138 -0.0149568 0.0025456 -0.0220189 -0.00291817 0.00380312 -0.009646 0.0153936 -0.0332529 0.016822 0.0173482 0.00561496 0.00525627 0.00457369 0.00368748 -0.0195774 -0.00792111 -0.0068869 0.0156654 -0.00491224 6.22693e-05 -0.0188791 0.00307365 -0.00534953 -0.0078077 -0.0152558 -0.0302173 -0.00395276 -0.00667619 -0.0333013 0.00296 0.00415707 0.00089624 0.0122946 0.0160582 -0.0195112 -0.0161666 0.0130964 0.00326024 0.000931731 -0.00351006 -0.00588719 0.00111119 0.000974941 -0.0160213 -0.00186349 0.0128153 -0.0113153 -0.0373332 -0.0194778 -0.0203874 -0.00339863 0.0223616 -0.0256867 0.0131525 0.00151712 0.00698545
internal_weight=0 18502.6 7591.1 8984.89 9517.76 6536.64 4132.35 6887.97 2810.41 2404.29 6456.25 2096.92 5438.96 1054.46 4959.57 4888.04 4078.8 4054.36 6251.03 3611.65 205.217 1984.24 1930.1 4249.61 2232.21 1321.94 71.5258 5321.84 2219.85 1889.32 1541.58 1268.83 2078.31 1604.42 1041.27 3525.68 3198.37 1972.31 319.612 297.853 281.177 431.724 3073.43 1111.69 479.387 387.909 137.498 4101.95 4094.73 227.559 101.164 3057.39 358.908 786.576 1045.83 375.77 1189.91 1176.19 141.545 929.19 3965.21 825.491
internal_count=2231412 815894 1415518 642850 173044 998645 810684 339465 731155 187961 301493 303385 60446 416873 48989 46322 112598 112520 279378 107611 22115 274232 262855 42107 185325 79529 2667 251990 185239 261834 345598 385557 164140 141608 342962 106838 88635 64118 9061 7289 32268 37972 35986 46855 11457 9805 11919 224340 224312 42595 15976 35958 22409 281912 263830 91530 132235 6121 21099 27388 216403 38064
cat_boundaries=0 2 4 6 8 10 12 14 16 18 20 22 24
cat_threshold=33720408 93471753 3253739648 306710754 1342459908 270532832 1350062374 438894754 805306629 134320896 3504349188 440965186 2238369 542745346 1344279044 843579424 1074282752 2 29360128 34080800 1494237345 706744354 2160066688 268437504
is_linear=0
shrinkage=0.05


Tree=28
num_leaves=63
num_cat=15
split_feature=26 38 7 7 47 21 21 38 55 21 57 39 55 3 57 26 23 34 38 3 23 38 38 59 38 39 38 38 38 6 27 3 45 26 1 57 39 38 21 23 41 58 23 59 23 59 39 45 38 32 21 21 45 38 57 38 23 57 38 7 23 21
split_gain=741.574 244.564 168.014 140.015 108.861 100.937 91.0548 70.9403 62.3606 54.6718 54.576 54.2103 50.5268 48.932 47.4614 42.2808 41.3403 40.6193 40.1046 39.2126 38.1945 32.7714 32.3952 28.4589 25.8083 25.0777 24.7091 23.0424 22.9619 20.7023 19.6557 19.4275 19.2266 18.9054 18.6639 17.8568 17.8474 17.8046 20.7248 17.529 16.9958 16.6296 16.192 15.7911 15.4715 15.4582 15.1252 15.0873 14.7397 14.3985 21.9008 14.3936 21.5027 14.3268 14.1603 13.7661 13.6693 13.2821 12.7363 12.3993 12.0981 12.0264
threshold=0.24012986570596698 0 11.500000000000002 55.500000000000007 9.5000000000000018 19.500000000000004 5.5000000000000009 1 189.00000000000003 14.500000000000002 1.0000000180025095e-35 5.5000000000000009 189.00000000000003 0.018612499348819259 1.0000000180025095e-35 0.52183446288108837 0.32906374335289007 5.5000000000000009 2 0.038957500830292709 0.3059400618076325 3 4 0.42582418024539953 5 2.5000000000000004 6 7 8 0.40065050125122076 12.500000000000002 0.044537499547004707 5.5000000000000009 0.53871130943298351 4.5000000000000009 1.0000000180025095e-35 11.500000000000002 9 8.5000000000000018 0.27279774844646459 10 1.5000000000000002 0.33445380628108984 0.34698997437953955 1.1191179156303408 0.26491229236125952 3.5000000000000004 5.5000000000000009 11 1.235000014305115 17.500000000000004 4.5000000000000009 4.5000000000000009 12 1.0000000180025095e-35 13 0.3877734243869782 1.0000000180025095e-35 14 1.5000000000000002 0.5189291536808015 161.50000000000003
decision_type=2 9 8 8 2 10 10 9 8 10 2 2 8 10 2 2 10 2 9 10 10 9 9 2 9 2 9 9 9 10 10 10 10 2 8 2 2 9 10 10 1 2 10 2 10 2 2 10 9 2 10 8 10 9 2 9 10 2 9 10 10 10
left_child=1 7 14 8 24 21 17 44 -3 58 12 28 -8 27 16 23 37 39 33 22 -9 30 -7 26 40 -20 31 -11 -12 48 51 34 -22 59 -14 45 47 38 -2 -4 -5 -30 -19 -15 -1 -24 -16 53 -26 -35 -51 -6 -53 -29 -38 -25 -36 -21 -10 -18 -28 -58
right_child=2 3 6 4 5 19 10 20 9 13 11 -13 15 43 46 -17 18 42 25 57 32 -23 35 55 29 -27 60 36 41 -31 -32 -33 -34 49 56 -37 54 -39 -40 -41 -42 -43 -44 -45 -46 -47 -48 -49 -50 50 -52 52 -54 -55 -56 -57 61 -59 -60 -61 -62 -63
leaf_value=-0.047126080894049405 0.00093192552489230617 0.06832492122899092 -0.010308047889084413 -0.019477243524308449 -0.050540194115354681 -0.0069780575659997655 0.072267826416274897 -0.031896669983299111 -0.0054215535177167679 0.0059681019389706607 -0.040223441629831908 -0.050285855417585283 0.010526618663802879 0.013066244821648816 -0.0060244094572616778 0.01191940639117824 0.024064144376206145 -0.029726504394715615 0.0052070913920400841 0.012300429336602607 -0.0070234637335442095 -0.038055173979917617 -0.02027756432423072 0.01122394972010193 -0.022019972219700312 0.022052994140933764 -0.032430850077128648 -0.0073128999003774856 0.018192444556658478 0.035096502045404147 -0.042773949204881548 0.02932797835562654 -0.0201472737858765 0.033602083827588058 -0.005428810234761907 -0.05934674561755128 0.024820931256232158 -0.013505190547009891 0.026547524043354032 0.0061927053935397283 0.020427786961061258 -0.011888123980722731 -0.0068433623477497305 0.038977914700796507 -0.027788726663522452 0.0024685917808460224 -0.052524567396741745 -0.0069281997290247636 -0.0019034580262579641 0.03165343741956643 0.010212663803012596 0.0024082991735736121 -0.020744670169639649 0.0051304355491877326 -0.057131342882586193 -0.0084767203930536748 0.0031717440708955626 -0.04578794381637763 -0.029139961739386617 0.015559577138056627 -0.0071163681419161122 -0.009336896619435011
leaf_weight=382.48664854666276 309.8563828044862 32.759075859328732 353.26417146023596 23.690236058784649 27.827268038934562 1228.5418006368054 27.644455037778243 443.04629204604134 108.69540913274977 1146.4111758200597 22.855349226359976 81.859719803280313 602.19527129008202 157.35336323577212 42.537313343724236 2079.7485488800157 573.70574869867414 276.26898424192041 946.48127182509052 208.18302779397345 485.96885153046605 529.03280140269635 881.2381084781664 1313.5951765785285 91.093482065800345 287.59894949858426 63.769135298760375 331.53582156473567 101.09468658227706 34.053176272311248 79.611710522811336 66.61871837763465 659.52182884977083 384.13832706119865 668.46182306522678 26.558834898547502 80.832385318470187 125.21220035525039 105.0028210968012 294.04901570445509 204.13461848063162 82.623679350654129 108.19322999182623 94.509135966887698 149.5164718489541 81.379220896982588 29.05647705955198 1331.3685293468734 906.66565595427528 228.8017565915361 250.20855702646077 140.84717899073439 345.53253467413015 703.0428433449124 4.6992263385327524 90.151388949350803 3120.2866059507651 9.3564837469020841 171.09414383908734 1753.360455150716 177.13268310485 203.80494290706702
leaf_count=208652 3892 101 21657 654 8168 183358 107 170137 7780 26004 5391 12784 8230 2032 901 44552 2714 46718 14312 9591 92736 197543 217466 39459 13971 3141 13192 16307 5066 694 27588 1077 154257 1586 47485 6854 1871 4055 638 7944 3633 6705 8088 650 53420 17520 1132 85887 49712 1154 1729 19595 71295 25514 376 8538 174396 1619 20380 13258 23635 11384
internal_value=0 -0.00969985 0.00740315 -0.00606574 -0.0118747 -0.0163456 0.00356661 -0.0249333 0.00064465 9.13401e-05 0.00523205 -0.0161185 0.00596583 0.00164447 0.0148163 0.00573867 0.0154007 -0.0104709 0.0169946 -0.0106198 -0.0193128 -0.0287433 -0.012607 0.00369868 0.000757128 0.00907419 0.00190033 0.000150214 -0.00240182 -0.00265109 -0.0194308 0.00271512 -0.0145905 0.0199636 0.00232887 -0.0193184 -0.00258558 0.00233654 0.00728834 -0.00281441 0.0155723 0.00443319 -0.0233213 0.0229051 -0.0409848 -0.018354 -0.0253602 -0.00341051 -0.0039998 0.0263623 0.0204986 -0.0161178 -0.0140488 0.00111862 0.0197102 0.00997316 0.00109008 0.00960393 -0.0212086 0.0176657 -0.013371 0.00240224
internal_weight=0 11100.6 14769.6 8980.05 4817.75 3558.11 9733.62 2120.54 4162.3 4129.54 8701.84 288.433 8413.41 3849.75 5035.96 8385.76 4964.37 1031.78 4424.3 2435.26 1588.54 1122.85 2217.72 6306.02 1259.64 1234.08 4902.27 3597.89 206.574 1031.81 593.819 4661.37 1145.49 3190.21 4594.75 989.176 2451.48 540.071 414.859 647.313 227.825 183.718 384.462 251.862 532.003 962.617 71.5938 2365.95 997.759 863.149 479.01 514.207 486.38 1034.58 85.5316 1403.75 3992.55 217.54 279.79 2327.07 240.902 3324.09
internal_count=2230285 1695365 534920 1016163 829261 760597 486408 679202 186902 186801 402001 29946 372055 158641 48512 371948 46479 84407 37894 436408 417130 324189 425198 327396 68664 17453 279399 155959 17162 64377 126646 242572 246993 20441 241495 241840 129955 8585 4530 29601 4287 11771 54806 2682 262072 234986 2033 127708 63683 4469 2883 99058 90890 41821 2247 47997 233265 11210 28160 15972 36827 185780
cat_boundaries=0 2 4 6 8 10 12 14 16 18 20 21 23 25 27 29
cat_threshold=100830809 93479965 33556552 25313288 1342185476 809501024 2037661696 841515554 2430607492 440965344 1074266112 2 1894916612 975027303 1342177316 306184320 1342177284 268500992 1077936128 570495072 4 2818859136 541364288 2689089538 2888002 1483747632 308349344 2428506112 839127584
is_linear=0
shrinkage=0.05


Tree=29
num_leaves=63
num_cat=12
split_feature=38 23 7 16 25 38 23 38 51 59 38 2 23 58 23 38 5 55 57 57 39 59 57 58 28 23 39 38 23 38 57 55 38 23 38 28 34 23 16 34 7 44 45 38 39 20 57 25 59 38 47 45 25 45 2 55 25 47 47 38 39 7
split_gain=664.781 271.887 211.404 116.044 85.5958 53.4602 54.6014 52.189 50.1232 46.2939 48.6524 43.1038 42.7818 41.2896 40.6393 40.5396 39.6079 36.3763 29.5293 27.5778 31.7046 29.2534 26.2884 27.3931 25.2734 34.1495 24.8677 22.0902 21.1306 20.0307 19.2668 17.1821 17.168 17.0938 16.4381 16.0786 15.5605 15.3832 20.6821 15.6398 14.6311 22.6822 14.5039 13.8607 13.66 13.2818 13.2554 12.7318 11.8998 12.6545 11.0863 11.0004 12.5252 10.8541 10.8515 10.743 10.5406 10.0328 11.112 9.87165 21.2048 9.74737
threshold=0 0.54105064272880565 12.500000000000002 1.5000000000000002 3.5000000000000004 1 0.18719605356454852 2 0.17500000447034839 0.31009615957736975 3 1.7102000117301943 0.26152238249778753 1.0000000180025095e-35 0.084284979850053801 4 12.239049911499025 189.00000000000003 1.0000000180025095e-35 1.0000000180025095e-35 3.5000000000000004 0.29705883562564855 1.0000000180025095e-35 1.5000000000000002 15796.500000000002 0.35763147473335272 3.5000000000000004 5 0.28335043787956243 6 1.0000000180025095e-35 193.50000000000003 7 0.079399775713682189 8 44659.000000000007 80.000000000000014 0.38191986083984381 11.500000000000002 7.0000000000000009 71.500000000000014 2.5000000000000004 8.5000000000000018 9 4.5000000000000009 12.500000000000002 1.0000000180025095e-35 1.5000000000000002 0.31009615957736975 10 114.50000000000001 3.5000000000000004 5.5000000000000009 8.5000000000000018 2.9942500591278081 216.00000000000003 1.5000000000000002 121.50000000000001 137.50000000000003 11 2.5000000000000004 2.5000000000000004
decision_type=9 10 8 2 8 9 8 9 2 2 9 10 10 2 8 9 8 8 2 2 2 2 2 2 2 10 2 9 10 9 2 8 9 10 9 2 2 10 2 2 8 2 10 9 2 2 2 10 2 9 2 10 8 10 10 8 10 2 2 9 2 10
left_child=2 5 7 15 12 -2 -7 28 11 40 -11 14 33 32 -6 36 46 -16 24 21 -21 35 23 31 25 29 34 30 50 -19 -15 -9 -5 53 -20 45 -3 39 54 57 43 -42 -27 -8 -24 -14 -17 -30 -18 -50 -1 59 -53 -4 56 -35 -39 -33 -59 60 -26 -40
right_child=1 3 4 13 8 6 9 22 -10 10 -12 -13 19 27 17 16 48 18 26 20 -22 -23 44 -25 51 42 -28 -29 47 -31 -32 37 -34 55 -36 -37 -38 38 61 -41 41 -43 -44 -45 -46 -47 -48 -49 49 -51 -52 52 -54 -55 -56 -57 -58 58 -60 -61 -62 -63
leaf_value=0.014391179686311848 -0.043696268545493945 -0.020315958353984004 -0.02928322994500529 -0.0088111022645538419 -0.035250141183813651 -0.041748629521524215 0.0021820496466942343 0.059707827519000223 0.015669570986136892 0.032465584005014252 -0.015090251495235456 0.016361707898207505 0.00032806754326830483 0.027219052201263839 0.070908874832012192 0.015375838482450818 -0.013208036204109756 -0.037145790157556924 0.017361423752129068 0.0029454797132601497 -0.040543238281978755 0.013092745320561941 -0.0063254430103231209 0.020286695717250086 -0.014342370933729573 0.0010427348346985455 -0.045340879277198889 0.0042073453630434533 0.028680780969488392 -0.01305595293544156 -0.067082506971066186 0.019101595428071712 0.0019901571597156697 0.064759157667212602 -0.023439293943989498 0.012528088428407597 -0.040572745892537641 0.012771191311341509 0.020797309490322116 -0.010645971329752471 -0.012969242046716343 -0.029732362455136604 -0.0089447256006574081 -0.019477820276111807 -0.054223505824138575 0.0065402252748117734 -0.050802673707637747 0.018868327329660449 0.021650635852290073 -0.0086450247257019944 -0.0098957022919921242 0.0003559247730704349 -0.0079326582177116547 0.023498020872025387 0.042265059374479191 -0.0031593805609033952 0.0043258289205966435 -0.059102118524749406 0.0021236258431515816 0.004942748872707829 0.019534737628220892 0.011342490588272516
leaf_weight=117.64632806644659 405.85913785889716 664.21447221180279 95.259791100412258 548.71482756365731 109.06572490216058 327.28720604143746 103.40898233638291 15.417813308537005 333.8355067212251 73.885222570956103 136.18282994000765 241.80844573990908 1570.6536506770935 254.28557067009388 14.927865231293252 179.8253052381915 1298.7617525844253 109.71580948896008 35.478886076220078 118.12747738117469 63.849031905207084 1563.4398825805401 53.545707044424489 582.18283062602859 192.64797924825689 695.86061138805235 80.24552867958846 306.22521729904111 518.49658354092389 506.84619033966737 4.608639375830534 110.08822801033966 1066.9041859677527 4.8693187572062016 43.21275212688488 610.26403267221758 111.35613261834078 476.22099451068789 433.80730815744027 201.52065894531552 271.76048156269826 810.06252444854908 759.66609788045753 282.79246728522412 19.792378871177789 1902.0908970193123 6.936706384207354 948.35797157138586 43.449950677255401 84.063798542687437 76.90426148386905 952.31826045429625 873.04050433143857 10.092220068443565 20.129111645743251 748.9183001726924 1645.9036598402308 7.1209470434114328 84.107289254199713 927.86418266780674 59.720079605700448 747.63137960480526
leaf_count=819 226304 174399 11179 72839 24963 124167 13511 24 5796 7004 35844 6299 59080 5290 87 14209 230454 36124 2533 7321 8800 33979 1211 4773 13581 73527 13581 24971 2343 79596 539 1011 74780 11 5726 7340 51591 3938 2623 5607 42673 287518 92564 36453 934 58713 1285 5150 4402 14536 1089 45590 73026 437 69 35085 21613 175 1142 28744 2759 7870
internal_value=0 -0.0131439 0.00492852 -0.00599202 0.0012461 -0.0267432 -0.0229599 0.0126076 -0.0031236 -0.0194095 0.00253389 -0.00424604 0.00512478 0.00234701 -0.0051785 -0.0136031 -0.00888718 -0.00454737 -0.00477597 0.00666013 -0.0124513 0.00727816 0.00967489 0.0102018 -0.00410878 -0.00835583 -0.0259321 0.0139671 0.0201799 -0.0182088 0.0243517 0.00862771 -0.00172366 -0.00528674 -0.00581954 0.00504902 -0.022977 0.00840042 0.0095185 -0.000825323 -0.022549 -0.0255372 -0.00417247 -0.0141342 -0.0198076 0.00373149 0.0126604 0.022354 -0.0117779 0.00277828 0.00478926 -0.00117901 -0.00361055 -0.0240536 0.00658435 -0.00263542 0.00622616 0.00900932 -0.00324444 0.0025815 -0.00604181 0.0148288
internal_weight=0 6980.59 18682.7 4569.35 12623.8 2411.24 2005.38 6058.87 5936.25 1678.09 210.068 5602.42 6687.56 2180.74 5360.61 2388.61 1613.04 5251.54 5236.62 5828.42 181.977 5646.45 4397.47 4324.13 5077.68 2072.09 158.937 565.119 1661.41 616.562 258.894 3741.95 1615.62 859.14 78.6916 4083.01 775.571 3726.53 3323.69 402.837 1468.02 1081.82 1455.53 386.201 73.3381 3472.74 186.762 1466.85 1426.28 127.514 194.551 3005.59 1825.36 105.352 2142.25 753.788 2122.12 201.316 91.2282 1180.23 252.368 1181.44
internal_count=2229601 1442769 786832 669295 726441 773474 547170 60391 504496 423003 42848 498700 221945 178419 492401 490876 264886 467438 467351 175233 16121 159112 50990 48845 445511 281811 21840 30800 9401 115720 5829 44072 147619 46712 8259 125133 225990 44048 36113 7935 380155 330191 166091 49964 2145 117793 15494 7493 249392 18938 1908 163700 118616 11616 25620 35096 25551 2328 1317 45084 16340 10493
cat_boundaries=0 2 4 6 8 10 12 14 16 18 20 22 24
cat_threshold=1348476932 306806880 2181171272 92422153 1073741824 4194368 621822080 2112384 33856625 93734409 2819899554 2364034 8192 4194368 2391051842 28468239 2097152 557088 8425984 672404480 2367176834 2105474 2097152 557056
is_linear=0
shrinkage=0.05


Tree=30
num_leaves=63
num_cat=1
split_feature=26 7 21 34 23 7 44 55 28 21 57 2 21 57 58 23 32 39 55 34 2 25 3 26 2 59 0 45 26 28 16 21 23 23 39 34 34 16 44 37 44 34 51 2 51 20 59 44 51 34 26 5 45 34 57 59 59 39 18 45 57 6
split_gain=632.855 183.312 136.467 123.704 97.3422 89.3944 122.361 75.2879 67.9472 63.0881 53.9641 46.7943 43.2486 39.8044 41.95 37.151 35.1094 34.7201 33.1357 32.8777 31.9415 30.0861 24.48 22.5181 21.0757 20.7737 20.3967 19.9182 19.4917 18.3985 17.4071 17.0745 16.302 15.2473 15.052 15.0119 13.7976 13.6204 13.268 12.8427 12.9707 12.657 12.3676 12.1863 11.9932 11.8885 11.8549 13.8714 11.7388 11.658 11.4217 11.3569 11.2777 11.269 11.3335 13.2227 11.1636 11.266 10.6417 10.5897 10.4083 10.2577
threshold=0.17402119934558871 11.500000000000002 16.500000000000004 80.000000000000014 0.197051577270031 74.500000000000014 2.5000000000000004 189.00000000000003 24465.000000000004 29.500000000000004 1.0000000180025095e-35 3.3049000501632695 8.5000000000000018 1.0000000180025095e-35 1.5000000000000002 0.14679691195487979 1.3949999809265139 3.5000000000000004 237.50000000000003 7.0000000000000009 2.0187499523162846 2.5000000000000004 0.039901500567793853 0.52960655093193065 2.4225999116897587 0.13484849035739901 1100.1980590820315 5.5000000000000009 0.48373875021934515 13237.500000000002 6.5000000000000009 14.500000000000002 0.28882181644439703 0.45153246819972997 7.5000000000000009 24.500000000000004 105.00000000000001 1.5000000000000002 22.500000000000004 0 8.5000000000000018 13.000000000000002 0.17500000447034839 3.516899943351746 0.17500000447034839 15.500000000000002 0.65151515603065502 46.500000000000007 0.17500000447034839 8.5000000000000018 0.24012986570596698 3.4272500276565556 15.500000000000002 19.000000000000004 1.0000000180025095e-35 0.26491229236125952 0.45227272808551794 1.0000000180025095e-35 6.5000000000000009 5.5000000000000009 1.0000000180025095e-35 0.44780549407005316
decision_type=2 8 8 2 10 8 2 8 2 10 2 10 10 2 2 10 2 2 8 2 10 10 10 2 10 2 8 10 2 2 2 10 10 10 2 2 2 2 2 1 2 2 2 8 2 2 2 2 2 2 2 10 10 2 2 2 2 2 10 10 2 10
left_child=2 13 41 5 12 11 29 -6 10 26 20 18 19 14 15 38 28 -12 -4 46 21 45 53 44 30 31 -8 -20 50 52 -18 49 -30 -32 -15 -14 -5 -33 -2 51 -41 -1 -25 -21 56 -9 47 -3 61 -23 -17 -29 -7 -11 55 -55 57 -10 -52 -28 -24 -31
right_child=1 4 3 36 7 6 9 8 23 22 17 -13 35 34 -16 16 24 -19 27 43 -22 25 60 42 -26 -27 59 39 32 48 33 37 -34 -35 -36 -37 -38 -39 -40 40 -42 -43 -44 -45 -46 -47 -48 -49 -50 -51 58 -53 -54 54 -56 -57 -58 -59 -60 -61 -62 -63
leaf_value=-0.026240888294919176 0.0063776293501195238 -0.0092128282432193329 0.067434065297786117 -0.028886549304185771 0.071022751573626142 -0.0065250737076284317 -0.050956721167963438 0.00088978851784774794 0.0042663743976607922 -0.010965076487050777 -0.0040269443135541776 0.021870412645142154 0.0063740356391138522 -0.012633604092592097 0.024129420202869484 -0.0028521585640430285 0.0026382705874384207 -0.044709707486344404 0.00069357193366945309 0.022692401551301901 0.01819997532262372 -0.0040254124736662884 0.008467971793729559 0.011878219951979012 0.039113910706739828 0.0031723357405678563 -0.018818415553768491 -0.0040995909547619355 0.0011519683782601322 0.00048885994658788112 -0.00046408551531443206 -0.0069896109335873396 0.025374998135423744 0.012860261865192631 -0.070328446417729604 -0.038113218383298737 -0.048895029150964366 0.00093093615282960254 -0.028764385140334903 0.013058631005974814 -0.013480046280895414 -0.043539337326570171 0.031639863378482652 -0.037909592692530962 0.013665799834264157 0.0084131241672101183 0.0051507805156091133 -0.030025997039832331 0.020761141381312832 -0.019749238277531868 -0.0080109728083713021 0.026362165264309435 -0.031734791865527322 -0.020070153736788356 -0.052125020076411815 0.000662286991616592 0.0094909365783435694 -0.0046190692317492083 0.015824685587829516 -0.030475486482895428 -0.046126795215101907 0.040700512171215633
leaf_weight=170.44899152382277 41.053118424955755 239.24076734523987 15.305521041969767 185.23615818035614 39.61018072074512 370.8295916645875 97.013303089152032 1153.6340558365628 1608.5197019058833 797.39691783257877 100.02365846553585 190.72646116939723 253.80540313282108 58.190824879508 756.3951621412416 103.61029010004131 985.39110292927944 109.75673145290057 1243.3645182860928 7.9876132038480137 238.70853707358765 191.46160692708509 147.74542275500426 1163.1056709006953 54.451668956840876 952.7430962343642 293.75760898640874 707.25338634135551 76.596760861575603 840.76621260099637 250.53901366222999 1236.0480863400298 754.64648500597104 1497.2453291678976 13.238531641836742 19.493148744702921 172.73053980039549 966.72988826304208 75.015231368684908 48.031976337282686 812.52983106806641 309.23106467159232 84.467785175191239 223.43209194694646 377.47204004816012 963.20746969862375 78.396226883050986 120.43396863414091 83.719890588021372 308.33910205106076 48.792038871790282 30.988371958112111 49.558746769063873 824.48495071630896 24.543225484580034 84.737947889472707 729.45844226691406 457.43455796322087 906.44772076269146 622.00277830667619 8.2849757938238309 15.164851393958086
leaf_count=34939 841 13152 85 77562 183 51582 54673 47298 38526 145464 11224 3394 19801 1642 5633 1769 15637 20781 76282 662 9683 16295 9889 18204 294 76377 85674 51850 569 32297 4488 181607 3894 16561 675 6252 103777 65345 3184 1783 91436 115274 623 63644 4122 30775 3881 12063 1513 54924 570 934 10423 237313 6755 22915 15658 14126 6147 224800 1658 167
internal_value=0 0.00529713 -0.0116127 -0.0099907 0.00171172 -0.0085818 -0.0132587 0.00307155 0.00281196 -0.0190602 -0.000556218 -0.00204337 -0.0136806 0.0127089 0.0131875 0.0114564 0.0121506 -0.0254232 -0.00364663 -0.0205144 0.000315729 -0.000426901 -0.0136456 0.00755086 0.00857855 -0.00317367 -0.0291264 -0.00405299 0.0174115 -0.000883429 0.00795613 -0.00541118 0.023147 0.0109511 -0.02415 0.00307358 -0.0386506 -0.00351469 -0.0163864 -0.00774245 -0.0118478 -0.0374599 0.0132405 -0.0357292 0.00531025 0.00431542 -0.0124138 -0.0162459 0.00300675 -0.0137459 0.0128913 -0.0027498 -0.00956525 -0.0153546 -0.0190874 -0.0181393 0.0041775 0.00229772 0.0146001 -0.0267607 0.00529379 0.00124797
internal_weight=0 17245.1 8145.85 7666.17 11623.5 7308.21 4260.01 10680.7 10641.1 2899.97 6220.65 3048.2 942.789 5621.61 5550.18 4793.79 4677.72 209.78 2857.47 669.491 6010.87 5772.16 1887.19 4420.46 2787.63 3655.32 1012.77 2842.17 1890.09 1360.04 2733.18 2702.58 831.243 1747.78 71.4294 273.299 357.967 2202.78 116.068 1598.8 860.562 479.68 1247.57 231.42 3172.88 2116.84 438.071 359.675 939.651 499.801 1058.85 738.242 420.388 1731.16 933.766 909.223 2795.41 2065.95 955.24 915.76 156.03 855.931
internal_count=2229549 787110 1442439 1292226 725206 1110887 885123 605751 605568 789141 514309 225764 119455 61904 59587 53954 49929 32005 222370 93402 482304 472621 423994 91259 36980 394548 365147 222285 12949 95982 36686 318171 4463 21049 2317 26053 181339 246952 4025 146003 93219 150213 18827 64306 72432 78073 29096 25215 33977 71219 8486 52784 62005 412447 266983 260228 68310 52652 6717 310474 11547 32464
cat_boundaries=0 1
cat_threshold=83
is_linear=0
shrinkage=0.05


Tree=31
num_leaves=63
num_cat=11
split_feature=27 16 38 23 55 38 21 38 6 45 38 21 57 7 23 26 51 59 21 25 34 57 57 2 26 51 57 21 39 38 21 59 38 7 23 16 38 39 57 38 26 27 26 26 2 38 22 39 57 57 6 22 23 5 38 45 38 23 47 26 34 26
split_gain=560.185 192.661 156.483 102.539 78.4787 76.2859 72.5252 71.2006 60.6061 58.8287 44.1155 43.8646 41.1554 39.1117 33.586 31.9463 31.367 31.1153 28.6816 25.3423 24.0424 33.4779 22.4674 21.8622 22.9043 21.8584 21.7814 21.1195 20.8167 19.4021 18.8139 17.5743 23.9821 17.7937 17.0453 16.746 16.5618 16.1376 28.2521 20.0655 15.9682 15.6832 15.114 14.9614 14.9023 14.8831 14.8007 14.1742 13.0372 12.5842 14.4836 12.933 12.4016 12.2617 11.581 11.5582 12.1565 11.5444 15.5133 11.3712 10.5409 10.3648
threshold=9.5000000000000018 1.5000000000000002 0 0.23923829197883609 326.00000000000006 1 2.5000000000000004 2 0.37401100993156439 5.5000000000000009 3 5.5000000000000009 1.0000000180025095e-35 95.500000000000014 0.37626267969608312 0.49038106203079229 0.16499999910593036 0.19615384936332705 22.500000000000004 2.5000000000000004 5.5000000000000009 1.0000000180025095e-35 1.0000000180025095e-35 1.7541999816894533 0.41196343302726751 0.17500000447034839 1.0000000180025095e-35 9.5000000000000018 2.5000000000000004 4 8.5000000000000018 0.28991597890853887 5 115.50000000000001 0.074544228613376631 9.5000000000000018 6 5.5000000000000009 1.0000000180025095e-35 7 0.11672749370336534 2.5000000000000004 0.30782540142536169 0.29736660420894628 3.7786999940872197 8 11.475493907928469 2.5000000000000004 1.0000000180025095e-35 1.0000000180025095e-35 0.54139900207519542 55.045454025268562 0.27849131822586065 4.5058500766754159 9 6.5000000000000009 10 1.1468039155006411 169.50000000000003 0.70057469606399547 160.00000000000003 0.30649213492870336
decision_type=8 2 9 8 8 9 10 9 10 10 9 10 2 8 10 2 2 2 10 10 2 2 2 10 2 2 2 10 2 9 10 2 9 8 10 2 9 2 2 9 2 10 2 2 10 9 10 2 2 2 10 10 10 8 9 10 9 10 2 2 2 2
left_child=1 5 14 -4 -3 11 34 15 9 10 25 41 17 45 -2 20 23 19 -7 -13 57 27 -10 24 30 48 35 42 54 -15 46 33 -33 -12 -6 -17 -19 55 39 -39 60 -1 -22 44 -29 -11 -9 -28 -5 50 51 -20 -37 -21 -14 56 -32 -8 -59 -36 -16 -57
right_child=2 4 3 8 6 18 7 16 22 13 31 12 28 29 40 26 -18 36 49 53 21 -23 -24 -25 -26 -27 47 43 -30 -31 37 32 -34 -35 59 52 -38 38 -40 -41 -42 -43 -44 -45 -46 -47 -48 -49 -50 -51 -52 -53 -54 -55 -56 61 -58 58 -60 -61 -62 -63
leaf_value=-0.0065348583831077531 -0.041490309055837983 0.06488534165182501 -0.036470162591407923 0.0017322454623504647 -0.037064983222712587 -0.034225732503386688 0.0063852748149448198 0.0099858244249869839 0.020359523369000244 -0.00010536472802793757 -0.0062936705693849918 0.004039347446623009 0.010739831039180889 -0.012005353835294117 -0.024758484544465574 0.01409543422051268 0.015991803811377645 0.012250439881521441 -0.004779270047239919 0.022024761484767535 -0.019710742904438309 -0.064621727914170965 -0.056628250868321323 0.024263103724400787 0.0075233243359734032 0.025632123952205134 0.0099106527115052565 0.0087419424594877958 -0.03677430095407154 -0.025456957778532796 0.009592397722956704 0.025299478429086576 -0.0097459668461280305 -0.018469530073729777 -0.013304343918195441 0.0023362518041725269 0.0020724097983321091 -0.011040263457381261 -0.046340524189905752 0.023383375918323363 -0.0083288773928881232 -0.027873898656263215 0.005705583400450855 0.017142719066352501 0.033745188340648657 -0.013206427711052066 -0.019462681220333639 -0.043264034445440844 -0.036345765626899729 -0.043968229505021494 0.030267214394645178 -0.016506991142264303 0.024669952600620833 -0.0045156617636051208 -0.027738901907364916 -0.0070232739893233411 -0.0013713758176771085 -0.00089249302137576938 -0.032501952850682546 0.020682693332882175 -0.049205445739240988 0.0017189630957568838
leaf_weight=174.60107486107154 445.49628667145953 60.033940635621548 327.62771909106959 1156.9825778542508 71.934128716442501 150.85333537649421 578.13411657340475 53.430081182246795 224.6283982131863 439.12138557308936 613.41326507724443 1759.3615503829205 52.336483054852579 511.96378778103099 356.82532172028732 1310.2963520310586 500.92304233391769 897.74861986160977 458.37186188703345 43.427181863924488 73.348858441138873 13.369570500828557 8.9460734690946975 114.53411517495988 1380.5025330489443 96.471092827057873 25.333975214802194 1388.3416275759955 103.93813455561758 786.53353387345851 459.74946809333051 69.160677211126313 115.68989815634268 589.36162106225675 207.59669774580107 67.430883067310788 741.60826686391374 49.610197426431114 17.979989950777963 199.50480303913355 140.81510380358668 170.43539616429189 273.25324094279495 1357.7553781537863 61.43288596032653 427.79628476464131 200.83347172620415 23.232112459401833 21.924565251567401 26.976001369563164 21.015073011163622 484.03672550673946 828.68182475119829 2182.4183694518433 17.339405771621387 797.56268197069585 546.36270220921142 258.07938100327738 44.700518029043451 26.998654206341598 50.990515052602859 588.63427764811786
leaf_count=9589 249814 184 124100 76182 8442 42613 8992 2243 8778 35922 58277 56041 2876 109673 116448 15598 6562 25244 72569 1697 3763 1424 1382 1906 33434 3337 594 23944 17904 245254 14077 4518 17950 134100 11010 531 46397 2269 2272 5063 31423 30785 5166 13422 344 61709 16182 1653 2651 6514 818 102224 4870 216956 3871 51211 24882 3565 1128 458 28176 19024
internal_value=0 0.00432114 -0.0128131 -0.00938491 0.00832864 -0.00204957 0.00802829 0.00868464 -0.00764355 -0.0088478 -0.0038687 0.000167512 0.00119965 -0.0149664 -0.0309651 0.0121977 0.00413943 0.00194148 -0.0138537 -0.000444124 0.00955624 0.0115878 0.017182 0.00279881 0.0022208 0.00285382 0.0169878 0.0119312 -0.0227067 -0.0204549 -0.000293267 -0.0099936 0.00426852 -0.0122702 -0.0159317 0.0177182 0.00773751 0.000950951 0.0125837 0.0170048 -0.0229219 -0.0171257 0.000285682 0.0133682 0.00982396 -0.00673147 -0.0132596 -0.0158857 0.000993891 -0.0108591 -0.00988738 -0.0108139 0.0229939 -0.00398819 -0.00149812 -0.000352526 0.00372477 0.00224665 -0.00565074 -0.00932172 -0.0279281 -0.00331241
internal_weight=0 18864 6383.75 5389.62 11579.6 7284.47 11519.5 11213 5061.99 4828.42 2663 6143.21 5798.18 2165.41 994.127 6303.39 4909.63 5624.56 1141.25 3985.21 4048.42 3167.5 233.574 4408.7 4294.17 1275.38 2254.98 3154.13 173.614 1298.5 2913.67 1387.63 184.851 1202.77 306.529 2206.41 1639.36 2659.4 267.095 249.115 548.631 345.036 346.602 2807.53 1449.77 866.918 254.264 48.5661 1178.91 990.4 963.424 942.409 896.113 2225.85 69.6759 2392.31 1006.11 880.914 302.78 234.595 407.816 1386.2
internal_count=2230005 920311 1309694 883833 284213 636098 284029 264119 759733 749573 297015 411360 370986 452558 425861 84994 179125 346335 224738 274694 61748 48063 10160 172563 170657 82170 23246 46639 24651 354927 137223 214845 22468 192377 19910 20999 71641 118798 9604 7332 176047 40374 8929 37710 24288 97631 18425 2247 78833 182125 175611 174793 5401 218653 6747 109194 38959 13685 4693 11468 144624 70235
cat_boundaries=0 2 4 6 8 10 12 14 16 18 20 22
cat_threshold=33589336 97670157 3522175104 441030884 3489947652 274731232 1346371844 973152800 1747992964 271091874 2906136704 2097344 1093664896 4198624 618135552 201338384 3899666565 302842338 12582912 168331296 22024865 537078529
is_linear=0
shrinkage=0.05


Tree=32
num_leaves=63
num_cat=13
split_feature=26 7 38 6 55 28 7 7 47 38 27 57 3 26 34 1 38 39 39 59 50 57 57 27 55 39 39 45 7 17 17 38 38 44 38 38 58 39 3 51 38 38 38 38 59 59 38 45 45 27 34 57 58 38 29 39 0 59 39 17 3 34
split_gain=532.504 173.085 159.505 83.2006 76.3714 65.1131 55.8363 50.5884 74.5853 43.177 38.7176 32.9162 29.3536 28.0794 26.2688 25.6572 23.9397 22.8578 22.6463 21.4299 21.0187 21.6436 19.3065 17.9895 17.285 16.5338 16.2574 15.5165 15.4444 15.2507 15.2453 15.2124 14.1198 14.1083 14.0115 13.5198 11.9751 11.9556 11.9519 12.2302 12.4972 11.5869 11.1578 10.9438 10.7435 10.6674 13.4769 10.1118 9.86008 10.8309 9.74744 9.72261 16.8657 9.5455 9.15201 9.14569 10.0072 8.90232 8.71428 8.63272 8.54363 8.10465
threshold=0.17402119934558871 11.500000000000002 0 0.20252199470996859 326.00000000000006 15650.500000000002 96.500000000000014 24.500000000000004 9.5000000000000018 1 14.500000000000002 1.0000000180025095e-35 0.02803249936550856 0.58544605970382702 80.000000000000014 171.50000000000003 2 4.5000000000000009 3.5000000000000004 0.48529411852359777 1.0000000180025095e-35 1.0000000180025095e-35 1.0000000180025095e-35 3.5000000000000004 216.00000000000003 7.5000000000000009 6.5000000000000009 2.5000000000000004 102.50000000000001 2.5000000000000004 26.500000000000004 3 4 7.5000000000000009 5 6 1.5000000000000002 5.5000000000000009 0.040276000276207931 0.16499999910593036 7 8 9 10 0.51666668057441723 0.35504202544689184 11 14.500000000000002 2.5000000000000004 18.500000000000004 5.5000000000000009 1.0000000180025095e-35 1.5000000000000002 12 2583.0000000000005 1.0000000180025095e-35 14414.023925781252 0.48529411852359777 8.5000000000000018 3.5000000000000004 0.21876600384712222 9.5000000000000018
decision_type=2 8 9 10 8 2 8 8 2 9 8 2 10 2 2 10 9 2 2 2 2 2 2 10 8 2 2 8 8 2 2 9 9 2 9 9 2 2 10 2 9 9 9 9 2 2 9 10 10 8 2 2 2 9 2 2 10 2 2 2 8 2
left_child=2 9 6 7 -3 11 17 24 31 22 32 12 16 19 48 28 44 -1 27 20 21 -7 23 30 -4 35 38 41 -12 -20 36 57 -10 47 -21 -13 55 -23 39 40 -11 -5 -19 -26 -6 -34 -47 53 -8 -50 -24 -36 -53 -30 -33 56 -2 -9 -22 -15 -25 -37
right_child=1 4 3 18 5 13 14 8 10 26 15 25 -14 59 -16 -17 -18 42 29 34 58 37 50 60 43 -27 -28 -29 33 -31 -32 54 45 -35 51 61 -38 -39 -40 -41 -42 -43 -44 -45 -46 46 -48 -49 49 -51 -52 52 -54 -55 -56 -57 -58 -59 -60 -61 -62 -63
leaf_value=-0.01649405810042549 0.01394513684239169 0.06759203554752527 0.062419052674285685 0.017926915844507101 -0.0018416969258706285 0.00041959517314993692 -0.017504444502258517 0.0052001385124766757 -0.0026994363958862369 0.0058950220326216812 -0.010970755455710106 0.018348137738580027 0.014202594788951351 0.007163440620720986 -0.045416449462921282 -0.05257516382910378 -0.0087250180536814197 0.015978961767756823 -0.012746702732155904 -0.011225193873836704 0.010900940661017764 -2.7366242943087219e-05 -0.0062195747812055398 0.035528815992150908 -0.0058001230931570696 -0.052940461580873725 0.021038467533377885 0.02828256087800568 0.014159503363316278 0.015909978200901766 0.02420324874962956 -0.0097160487748220031 -0.014635593861690735 -0.027777520625862442 0.010162836227916909 -0.016284208501982721 0.027043155677292149 -0.050845454973893305 0.03295970547283953 0.01738443674971064 -0.0038771913288204751 -0.027444526330789493 -0.013596319893458834 0.0030903515860274886 0.0095254223736079037 0.026540381046717548 -0.0078369973151872843 -0.02292809648470583 -0.023467473712685389 -0.036288099693472568 -0.068684445208212347 0.014157849722702212 -0.020844188113363263 -0.015716043677031492 0.00069284374055503077 0.0080274094064810564 0.025642480601530654 0.026666953320620614 0.046465108473658735 0.015323673302586674 0.0094990031957657428 -0.057620334146661303
leaf_weight=655.41055151708497 784.30229816935025 42.704936590278521 9.9964387295767647 18.163271486453596 1612.2470826809003 4402.1471348371706 240.89418169363489 251.14410674269311 457.18964377761586 1291.7091704524064 314.78881403605192 18.182829060009681 228.17281512444606 773.08509867047542 226.79222798372939 65.108910417417064 1601.5332628681645 85.175045025796862 97.843432088426198 85.078569295466878 329.91495013402891 18.07127508497797 25.790630697505549 31.801184336422011 570.12604098771408 45.570295258512488 178.57919863279676 229.09575377577858 47.726548699225532 86.55356925126398 793.61017689143773 364.19343966137967 1243.3161507178593 607.23832680994383 1345.5978794934927 42.833795051876223 205.92615606193431 31.195145270816283 37.317533848807216 172.80095130827976 430.54258012064383 17.41227240653825 38.909461684204871 845.46333667654835 237.61222015188832 25.698529664674425 116.76728954182181 94.918688751233276 368.10823515372613 314.11769685363834 7.3438321404973967 66.023449415166397 69.790603875153465 38.11284567223629 500.43966479838127 434.1496941188816 240.81173274014145 59.027891006320715 17.314132964937016 561.5537815731368 928.65467661389266 16.139013922831509
leaf_count=129634 6034 220 34 1044 171392 182708 75222 8219 62651 17221 51519 2669 8637 17919 151229 37021 237506 7293 11866 7545 4232 1611 654 163 26655 9349 2273 14401 4761 1731 4259 41488 231487 208367 31998 6190 1101 4569 234 1666 11929 1888 7939 25340 15477 2565 14459 21439 125159 156312 375 2703 5953 8322 13404 3323 1147 1321 191 8881 11578 5547
internal_value=0 0.00511326 -0.0105204 -0.00649282 0.00162171 0.00137092 -0.0230083 -0.00816139 -0.0109314 0.0123572 -0.0150994 -0.00398185 -0.00312799 0.00401439 -0.0301298 -0.0222219 -0.0042775 -0.0127723 0.014184 0.00263086 0.000972633 4.71745e-05 0.0158023 0.0162178 -2.62462e-05 -0.02935 0.00661184 0.0235281 -0.0203838 0.000717636 0.0184865 -0.000245681 -0.0105763 -0.0241255 0.00770664 -0.0149177 0.015749 -0.0325764 0.00530262 0.00474089 0.00346296 -0.00702529 0.0068609 -0.000510967 -0.000375219 -0.0130576 -0.000190421 -0.0117714 -0.0263291 -0.029415 -0.0216707 0.008817 -0.00384949 0.000687236 -0.00365543 0.0141378 0.0167153 0.00906662 0.0128026 0.0106058 0.0103969 -0.0243145
internal_weight=0 17108.1 7989.73 6060.32 11544.8 11502.1 1929.41 5611.26 4185.67 5563.34 3010.87 3802.29 3679.57 7699.77 1149.91 1167.89 3451.39 779.495 449.068 6365.13 4798.64 4451.41 3452.39 3419.26 1425.59 122.726 2110.95 264.671 1102.79 184.397 2458.8 1174.81 1842.97 787.996 1566.49 77.1556 1665.19 49.2664 1932.37 1895.05 1722.25 35.5755 124.085 1415.59 1849.86 1385.78 142.466 180.758 923.12 682.226 33.1345 1481.41 135.814 85.8394 864.633 1459.26 1025.11 310.172 347.229 1334.64 960.456 58.9728
internal_count=2230024 787254 1442770 789982 725297 725077 652788 759052 707023 61957 642591 456767 433012 268310 507922 331429 424375 144866 30930 241510 193311 188888 28634 27605 52029 23755 33323 17333 294408 13597 15864 64432 311162 242889 48199 14406 11605 6180 31050 30816 29150 2932 15232 51995 186869 248511 17024 34522 356693 281471 1029 40654 8656 13083 54892 10504 7181 9540 4423 26800 11741 11737
cat_boundaries=0 2 4 6 8 10 12 14 16 18 20 22 24 26
cat_threshold=100843097 93733913 3489951748 541065312 3496229188 293615792 1075314944 268435462 3223322628 406886464 276856836 32768 75531776 134786080 685768833 335611920 143130752 675819712 143897 68550657 684457990 707307554 689455106 8838 1227899168 572534818
is_linear=0
shrinkage=0.05


Tree=33
num_leaves=63
num_cat=15
split_feature=26 38 23 23 7 5 45 55 7 15 25 38 23 38 57 39 59 38 7 38 57 44 38 55 38 23 48 55 5 41 38 27 38 3 27 38 38 59 38 34 47 59 26 23 18 26 45 28 18 38 27 23 23 5 3 55 22 39 3 39 38 1
split_gain=469.043 144.744 139.362 99.7679 98.0693 65.342 62.8445 57.7666 49.543 49.2277 47.5679 44.8886 34.6871 33.3795 31.0984 46.6897 42.0729 28.4162 25.3156 24.9219 24.8437 23.4187 22.0772 20.0605 19.4409 18.2617 17.748 17.17 16.2134 15.8607 15.7287 15.0708 14.91 14.3611 14.076 13.9579 13.101 13.0504 18.8276 12.7169 12.6642 12.5153 12.4666 12.3602 12.2938 11.7314 12.2517 11.5185 11.2588 18.9447 10.4448 10.4123 10.2443 10.2207 10.1178 9.8033 10.0869 9.8016 9.77642 12.6935 19.163 14.5606
threshold=0.17402119934558871 0 0.27279774844646459 0.20227966457605365 11.500000000000002 3.0913500785827641 5.5000000000000009 189.00000000000003 96.500000000000014 1.5000000000000002 1.5000000000000002 1 0.050039123743772514 2 1.0000000180025095e-35 3.5000000000000004 0.13484849035739901 3 109.50000000000001 4 1.0000000180025095e-35 52.500000000000007 5 216.00000000000003 6 0.55565711855888378 1.5000000000000002 237.50000000000003 3.2944999933242802 7 8 3.5000000000000004 9 0.014911499805748464 12.500000000000002 10 11 0.17519181966781619 12 13.000000000000002 5.5000000000000009 0.32666666805744177 0.30782540142536169 0.50499168038368236 41.500000000000007 0.51435440778732311 110.50000000000001 44659.000000000007 195.50000000000003 13 10.500000000000002 0.06471655517816545 0.12295823171734811 2.3055999279022221 0.092987000942230238 134.00000000000003 19.475972175598148 1.5000000000000002 0.1000650003552437 1.0000000180025095e-35 14 23.500000000000004
decision_type=2 9 10 8 8 10 10 8 8 2 10 9 10 9 2 2 2 9 8 9 2 2 9 8 9 8 10 8 8 1 9 10 9 10 8 9 9 2 9 2 2 2 2 10 10 2 10 2 8 9 10 10 10 10 10 8 10 2 8 2 9 8
left_child=1 18 9 39 13 6 11 -6 17 52 45 47 -11 31 16 24 19 29 -1 28 30 36 -10 -13 57 -25 -23 -15 -12 -8 41 -4 54 35 -24 -29 55 48 -39 51 -36 -7 -37 -21 -31 46 -9 -5 -27 53 -34 -3 -2 -50 -18 -14 -57 -16 -30 61 -61 -60
right_child=2 3 4 5 7 20 8 10 22 12 14 23 21 27 15 -17 32 -19 -20 43 -22 26 34 25 -26 37 -28 33 58 44 -32 -33 50 -35 40 42 -38 38 -40 -41 -42 -43 -44 -45 -46 -47 -48 -49 49 -51 -52 -53 -54 -55 -56 56 -58 -59 59 60 -62 -63
leaf_value=-0.018763779580783374 -0.037796587364975626 -0.050206175236789989 0.021117711685228975 0.0026191586623109456 0.067341986229429232 0.012604136006906014 -0.011124962145298846 0.0052543264914928483 -0.0090120877940100732 -0.034477980064612383 0.030483683507306677 0.068310569361904161 0.064054191813785896 0.058221317852189251 0.03460888151161156 -0.040448521355448193 0.0095894400086808523 -0.013228398606837716 -0.038862018260174491 -0.018649588354512265 -0.0523825978761858 -0.041457784930897482 -0.016355439361140228 -0.020789097995752528 -0.026044678659359208 -0.0018832169554958923 -0.0086958367154113935 0.010147731735358602 0.02510315531096436 -0.01782166971316352 0.0037282983152138165 0.010643184429215698 0.0033179899736261137 0.032578093880746548 -0.0042551222458924514 -0.0076970978937647722 -0.0084733146466692607 0.024804337210459548 -0.003542048103772834 -0.043866727422624693 -0.029379564403445132 0.036730106135413824 0.006480204065241333 -0.0048736778023722969 0.0068707951943468362 0.011974282781200591 -0.047525928887389726 0.016115615263078531 -0.005649726246363178 -0.019154964857554531 -0.018969920983868904 -0.011856352424691527 -0.018956363510220786 0.048280473078502417 0.030474850402041516 -0.016217444719918799 0.0053530793189808194 0.0026752397324596479 0.0054056407497522904 -0.0147137817356576 0.0023553241038976663 -0.0012392711691744098
leaf_weight=241.8415495768968 109.66547864330641 22.716298199797166 1161.4132024084101 989.55982510537433 34.297601833823137 122.59448427546886 214.15065043550567 791.97308981546666 470.26668640847492 88.444814068701817 45.581490788143128 7.677611064107623 5.8323725163936615 16.754155868664384 40.074701065226691 108.52673942485126 1471.8677620234812 779.63600713883352 461.28636437271416 202.3235428564949 14.023484891848055 45.191021022677887 512.35157792945392 241.11847631147248 29.996611972877872 476.65457183084072 405.08353289245861 2580.4150619642751 40.003636197361629 54.740977034292882 252.02639298378199 492.36605260410579 657.02314038206532 61.835523363610264 54.88013594126096 219.43028060262441 248.25520492694341 65.286252930236515 245.92265339069127 194.7931595284972 631.18925584564568 97.095318705120008 522.16301701689372 824.23826146374631 529.53561161304242 1561.8330168690882 10.157094429014249 187.28458187833894 518.98989865736803 415.50329977675574 56.134812550764764 73.766904565542063 221.872879028444 7.9443184265619484 59.634649455139879 57.156857642054092 802.13415280272602 58.348725778138032 1523.5629306305927 303.17845811820007 344.61156010428385 1794.4653188443044
leaf_count=68398 31605 7939 6074 84309 162 6083 16705 20031 85501 13897 1325 59 12 47 1374 20497 53748 97488 284648 28154 2543 3829 113867 50999 6117 35305 29652 27588 1276 5079 25820 4102 38144 419 6697 6780 25755 3468 22557 87572 236817 3500 8028 93601 34023 32848 367 1887 53164 89725 9174 17702 41963 686 791 2328 25409 3748 39003 15734 42441 150743
internal_value=0 -0.0100325 0.00472301 -0.00786747 0.00636885 -0.00666335 -0.00800495 0.00348909 -0.0128878 -0.00772975 0.00326163 -0.0029791 -0.00419401 0.0120406 0.00132531 -0.0164643 0.00190312 -0.00653035 -0.0315378 -0.000616967 0.0110008 -0.00246012 -0.0188925 -0.00755421 0.00396058 -0.00792244 -0.0120685 0.00910753 0.0011521 0.000181624 0.0129919 0.0178994 0.0076019 0.00887414 -0.0224961 0.00842325 0.00143306 -0.00611849 0.00314596 -0.0364928 -0.0273789 0.0223714 0.00225026 -0.00753097 0.00445474 0.0094505 0.00452764 0.00473863 -0.00815098 -0.0113157 0.00151828 -0.021308 -0.0252832 -0.0046585 0.0103545 0.00433013 0.0039011 0.0144423 0.000813692 0.000562415 -0.0058342 0.00181263
internal_weight=0 7882.84 16995.8 7179.71 15012.2 6888.43 6402.69 9957.83 3246.75 1983.64 9923.54 3155.94 1652.1 5054.38 7559.57 236.947 7322.63 1578.06 703.128 5077.97 485.74 1563.65 1668.69 1979.1 128.42 1971.42 450.275 3400.6 4051.4 798.427 471.716 1653.78 2244.66 3383.84 1198.42 3322.01 1113.38 1730.3 311.209 291.276 686.069 219.69 741.593 1026.56 584.277 2363.96 802.13 1176.84 1419.09 942.438 713.158 96.4832 331.538 526.934 1531.5 865.123 859.291 98.4234 4005.82 3965.82 647.79 3318.03
internal_count=2229307 1442541 786766 1089495 612316 976282 938336 559278 596177 174450 559116 342159 100882 53038 505870 31736 474134 153295 353046 372277 37946 86985 442882 255963 11239 255904 33481 42862 250522 55807 35403 10176 101857 42815 357381 42396 53504 204905 26025 113213 243514 9583 14808 121755 39102 53246 20398 86196 178880 143575 47318 25641 73568 53850 54539 27749 27737 5122 249197 247921 58175 189746
cat_boundaries=0 2 4 6 8 10 12 14 15 17 19 21 23 25 27 29
cat_threshold=33687624 93471752 1368424708 436273152 1342193664 4194368 3761258903 275059138 1363161604 839514170 1613775104 2654370 79725056 168340640 36 152043904 6914946 3291771296 309072096 545534244 839190944 3905171712 105156704 2686451840 2106048 138432544 830003 1346371584 33554466
is_linear=0
shrinkage=0.05


Tree=34
num_leaves=63
num_cat=0
split_feature=26 23 21 7 34 16 44 27 55 21 29 57 39 59 32 23 36 2 26 34 3 0 25 55 55 16 3 28 27 44 23 34 46 59 23 45 23 26 0 6 21 2 23 21 21 34 39 57 58 55 44 3 21 44 46 59 58 57 39 56 7 47
split_gain=440.844 142.879 113.764 99.7366 97.8862 67.6343 72.7983 82.2226 55.3637 46.8985 38.9171 31.6758 37.6573 31.0446 29.0966 27.5412 26.956 25.2565 23.605 21.617 20.9628 19.9576 19.8211 19.3069 18.0193 18.0151 18.136 16.3963 16.369 16.3147 14.1861 13.3018 12.5492 19.763 12.9101 11.9622 11.9294 11.8583 11.5082 11.1626 10.7753 10.7157 11.4587 10.7053 10.6295 11.2488 10.4159 11.6288 10.1317 9.99018 9.61273 9.45881 9.43758 9.41292 9.13561 9.00581 8.9118 15.1387 11.8249 8.75403 8.7462 8.99062
threshold=0.17402119934558871 0.27279774844646459 19.500000000000004 13.500000000000002 80.000000000000014 1.5000000000000002 2.5000000000000004 14.500000000000002 189.00000000000003 5.5000000000000009 4871.5000000000009 1.0000000180025095e-35 3.5000000000000004 0.13484849035739901 1.235000014305115 0.050039123743772514 1.0000000180025095e-35 4.1519000530242929 0.34094634652137762 13.000000000000002 0.039901500567793853 1100.1980590820315 3.5000000000000004 237.50000000000003 189.00000000000003 10.500000000000002 0.016367999836802486 9719.0000000000018 5.5000000000000009 51.500000000000007 0.45153246819972997 105.00000000000001 31.663095474243168 0.32666666805744177 0.17709264904260638 5.5000000000000009 0.054805897176265723 0.52960655093193065 2335.507202148438 0.34875899553298956 67.500000000000014 4.310000181198121 0.3877734243869782 7.5000000000000009 55.500000000000007 21.500000000000004 12.500000000000002 1.0000000180025095e-35 2.5000000000000004 193.50000000000003 18.500000000000004 0.027129999361932281 19.500000000000004 8.5000000000000018 14.40142869949341 0.41421568393707281 1.5000000000000002 1.0000000180025095e-35 1.0000000180025095e-35 1.0000000180025095e-35 7.5000000000000009 74.500000000000014
decision_type=2 10 8 8 2 2 2 8 8 10 2 2 2 2 2 10 2 10 2 2 10 8 10 8 8 2 10 2 10 2 10 2 10 2 10 10 10 2 10 10 10 8 10 10 10 2 2 2 2 8 2 10 10 2 10 2 2 2 2 2 8 2
left_child=2 9 19 14 5 6 27 20 -5 15 11 13 -13 18 22 -2 52 23 41 43 24 -9 48 -7 -8 26 49 51 32 -18 -27 40 33 36 -35 -26 -17 -12 -34 -29 -6 50 -43 -1 45 -44 59 -48 -3 -16 -10 -4 -11 -37 -38 -22 58 -58 -51 60 -25 -62
right_child=1 3 4 8 31 17 7 21 10 16 37 12 -14 -15 25 28 29 -19 -20 -21 55 -23 -24 46 35 30 -28 39 -30 -31 -32 -33 38 34 -36 53 54 -39 -40 -41 -42 42 44 -45 -46 -47 47 -49 -50 56 -52 -53 -54 -55 -56 -57 57 -59 -60 -61 61 -63
leaf_value=-0.037373131165523987 -0.040070291697375013 0.01962879463529316 -0.015251728597589935 0.064906032331058461 -0.040229074891262109 0.062695323734938982 0.070030346612993691 -0.047149528666184382 -0.02611249683204029 -0.023874442560695892 0.0061505677126767527 0.001431857277860892 -0.039641239823871265 0.0068668903906210915 0.05706128660405059 0.030961510383353281 0.0049472714554440952 0.021630111444843555 0.0028909183315052557 -0.039447495271616034 0.00010207113751855785 -0.022705949077690857 0.0074354362816752458 0.0068884000200666335 -0.004398581694930433 0.0010167114426937825 0.032863592604943308 0.0017037801306554808 -0.027758113628257336 -0.017165217825590922 0.015214131711891328 -0.0464479375381954 -0.019721743418074485 0.018641741088791956 -0.04116732302131075 0.00048308982721778014 0.021997774339323931 0.01381212956595043 -0.0011831364720754974 0.035154375850194243 -0.01431452018592436 -0.01595690635941829 0.0014363732342508649 -0.011560703922552555 -0.0076148969571883263 -0.0144661173052682 0.027025678044833652 -0.053036085532680383 0.038483162604767314 0.0071046948789898097 0.024204297840538128 0.012437187752690494 0.00064613144699569402 -0.013817299771667802 -0.045145819132259096 0.024394035299588671 0.016520730500536991 -0.025303133702524468 -0.0011719069789159653 -0.019647159266799694 0.0070517296167736613 -0.0040748776735510233
leaf_weight=54.955690106689872 109.84125707784551 1038.2848442631657 224.31750848390948 35.215630563267041 70.295160225137806 10.886286026565356 6.0757145610987209 90.556649115929758 10.600656839655128 150.48858144131373 1761.6330017274304 121.46985003550071 102.12574498711911 2012.0890392222645 8.5380796156823617 5.4532889635302118 791.30614645020978 132.30664950888604 2428.5211172463314 340.91346536586934 107.50886633510527 1098.5045501412169 359.52864690654678 283.3678117460222 658.90583924009115 200.47267502563773 63.44120207571541 1052.4248556699604 155.05504096853838 92.247985652735224 1446.0399039878976 146.16138713041801 108.79136815735546 35.032546626229305 11.043488837894982 126.16399865964195 4.8304358001332721 709.19886880656122 353.05024965692428 24.550689968047664 95.884163103582978 206.36057810205966 993.29434099055652 148.14727991882683 912.06839927204419 124.206422953328 50.190927162999287 4.0517102509038514 76.922139763366431 1374.4740151718142 54.266787142973044 34.965574486763217 52.889415008510696 1300.061515277499 79.359596329886699 58.150235000648536 296.26322041908861 22.455557468812913 628.48197808722034 65.543578862940194 207.80815340718254 1393.213290378626
leaf_count=15874 22601 5629 41410 156 41502 74 77 57944 950 34278 37135 12048 21113 99712 20 308 30693 2247 110869 133936 6264 385860 4002 6264 100693 2821 401 52079 35517 7234 14561 103387 11561 1724 538 10535 150 9888 13866 481 35074 30312 105325 24946 100491 21127 2251 475 376 19525 2115 1958 9125 256019 6412 2060 2785 1055 10288 6424 10601 143650
internal_value=0 0.00465834 -0.0097155 0.00631479 -0.00805626 -0.00681912 -0.0101286 -0.0139693 0.00320159 -0.00807228 0.00296445 0.00105146 -0.017421 0.00166664 0.0116597 -0.0167713 -0.00116069 0.000552445 -0.000546794 -0.0317479 -0.00835695 -0.0246056 0.0176721 -0.000841533 -0.0097136 0.00946124 0.00668746 -0.000221459 -0.0133223 0.00262181 0.0134872 -0.0353938 -0.00953636 -0.0228492 0.00373675 -0.00997942 -0.0364047 0.00835435 -0.00558326 0.00249822 -0.0254516 -0.00417502 -0.00475868 -0.0186939 -0.00361278 -0.000342488 -0.00121775 0.0201936 0.0209626 0.00596101 0.0157099 -0.0114843 -0.0175258 -0.0125528 -0.0410804 0.00872433 0.0057486 0.0135041 0.0045084 -0.00182341 -0.00119336 -0.00262717
internal_weight=0 16935.3 7785.91 14986 7241.9 6929.55 4782.19 3445.93 9471.05 1949.39 9435.83 6965 223.596 6741.41 5514.9 862.457 1086.93 2147.37 4729.32 544.016 2256.87 1189.06 1474.74 2015.06 2091.21 4040.17 2393.65 1336.26 752.616 883.554 1646.51 312.341 597.561 135.719 46.076 2085.13 89.6433 2470.83 461.842 1076.98 166.179 2300.8 2235.93 203.103 2029.57 1117.5 2004.18 54.2426 1115.21 2330.21 64.8674 259.283 203.378 1426.23 84.19 165.659 2321.67 318.719 2002.96 1949.93 1884.39 1601.02
internal_count=2228796 786711 1442085 612704 1267329 1087366 915380 819452 551241 174007 551085 504062 33161 470901 61463 92677 81330 171986 371189 174756 375648 443804 10007 169739 367324 51456 34074 95928 70076 37927 17382 179963 34559 9132 2262 367247 6870 47023 25427 52560 76576 260320 257255 40820 226943 126452 169665 2726 6005 33673 3065 43368 43403 266554 6562 8324 33653 3840 29813 166939 160515 154251
is_linear=0
shrinkage=0.05


Tree=35
num_leaves=63
num_cat=11
split_feature=26 38 21 23 15 38 7 55 55 2 23 21 57 39 43 38 5 26 38 38 3 17 45 25 44 45 21 26 38 23 23 46 21 23 38 57 6 46 52 22 23 20 38 38 46 51 38 39 38 46 51 1 2 23 22 45 27 22 7 1 21 56
split_gain=406.945 150.546 108.652 96.633 84.9508 69.6359 67.9961 51.2903 51.2255 49.1834 40.2747 37.9106 34.6921 40.7416 26.7093 26.634 26.3437 26.1532 25.3391 21.6535 21.6403 20.54 19.8354 18.5396 18.3404 17.9289 17.4143 17.1258 16.5553 16.2268 15.4406 14.7557 14.6099 14.1694 13.7552 13.2588 13.2221 13.0926 12.7191 12.0855 12.0848 12.0537 11.9937 11.1868 11.0556 13.6452 11.4301 14.0886 11.1074 12.1014 11.0089 10.6046 10.5273 10.2529 10.1496 10.0855 10.0296 9.99467 9.96124 9.87174 9.45322 9.44985
threshold=0.25495098531246191 0 10.500000000000002 0.27279774844646459 1.5000000000000002 1 7.5000000000000009 189.00000000000003 189.00000000000003 2.9942500591278081 0.62164562940597545 3.5000000000000004 1.0000000180025095e-35 3.5000000000000004 1.0000000180025095e-35 2 3.0913500785827641 0.52960655093193065 3 4 0.048784499987959869 3.5000000000000004 6.5000000000000009 7.5000000000000009 45.500000000000007 4.5000000000000009 27.500000000000004 0.07325202971696855 5 1.1191179156303408 0.069457139819860472 30.547417640686039 40.500000000000007 0.06471655517816545 6 1.0000000180025095e-35 0.54603099822998058 19.903301239013675 1.0000000180025095e-35 84.071430206298842 0.13231377303600314 41.500000000000007 7 8 30.933794975280765 0.16499999910593036 9 1.5000000000000002 10 56.783935546875007 0.17500000447034839 4.5000000000000009 3.6399999856948857 0.71593117713928234 35.485294342041023 114.50000000000001 3.5000000000000004 92.083332061767592 93.500000000000014 171.50000000000003 28.500000000000004 1.5000000000000002
decision_type=2 9 8 10 2 9 8 8 8 10 10 10 2 2 2 9 10 2 9 9 10 2 10 8 2 10 10 2 9 10 10 10 10 10 9 2 8 10 2 10 10 2 9 9 10 2 9 2 9 10 2 8 10 10 10 10 10 8 8 10 8 2
left_child=1 29 18 11 5 25 19 -6 -8 15 14 30 17 42 -7 16 22 20 33 56 34 -12 54 43 28 51 -19 -17 31 -1 -2 39 59 -3 -10 36 60 -26 50 -13 -20 -21 -14 -24 -36 46 -46 53 -49 -50 -28 -4 -37 -48 -9 61 -5 -44 -32 -16 -11 -55
right_child=3 2 4 6 7 10 8 9 12 35 21 24 13 -15 32 27 -18 26 40 41 -22 -23 23 -25 37 -27 38 -29 -30 -31 58 -33 -34 -35 44 52 -38 -39 -40 -41 -42 -43 57 -45 45 -47 47 48 49 -51 -52 -53 -54 55 -56 -57 -58 -59 -60 -61 -62 -63
leaf_value=-0.043381254586996591 -0.033262195020289133 -0.041758353987571835 0.013014277700185178 0.022055844404390779 0.067276704533786133 -0.008370111760542906 0.064427475439017473 0.010832880976221508 -0.013350751305057083 -0.029350808223887331 -0.013127455064020611 -0.011960348373017755 -0.030320763925142071 -0.039349767434091937 -0.027849635537172263 -0.015495010810752533 0.031937897101972673 0.013772174890057887 -0.046156568671582104 0.0088573434585003004 0.024269733090906569 -0.00039709286009613986 0.0080898665002593993 -0.010705149417848232 0.042436319459347532 -0.0084602798298847592 0.0051589951275937788 -0.0044439326816521872 -0.01638193488861869 -0.021726132601815829 -0.0076771312628421406 0.00955025559150844 -0.013957669787181321 -0.0039776251565925621 0.0066940021665954546 0.024487998414366004 0.023732225054254742 -0.015814163219082474 -0.014813867447381177 0.01200933715296292 -0.027658915762178438 0.018835237540260535 0.0094465316918526492 -0.0031902160680454582 0.0044058082878806254 0.013614790033847119 -0.0094601189099719693 0.010970681805488026 0.002919203966603928 -0.020239866626758675 0.031681559872787105 -0.00024619165204335219 -0.058985587662436834 0.00063342852794003176 0.0012220487477645516 -0.042835447960828055 0.0091741312335107596 -0.065964323730192301 -0.026944087609920866 -0.050683809374169053 0.0098004892774907204 -0.041818166143976043
leaf_weight=295.86083892969327 116.49210986252001 28.904195239381806 180.27183143919683 850.09799957834184 26.645439974381588 276.07889962662011 35.136351672699675 446.57242285284883 112.20729491434759 15.468679336539934 1196.4294392037918 180.36473067793122 14.337813507590909 93.897977400090895 634.19918507127295 437.44621260387794 65.045577397118905 1281.9787809593545 161.26684862799448 1792.1704888561508 123.99733887148614 430.95192840311211 316.79356806154829 587.52263045073778 9.1442025474971143 663.17119238096348 781.79259673127672 1757.3352645759587 92.645613423213945 126.94739359526284 278.75361018886906 546.85970955493394 192.55319327277539 147.51042395835248 1937.8539565111132 5.0607124965172252 234.68435507736285 219.72350749840552 75.602293949108571 73.148041504755383 211.58691972912857 364.76524723530747 144.49977128888713 656.5642078085657 1709.2066895062453 241.25895387111814 527.79427853753441 342.22942998833605 290.82337374726194 68.929350166610675 40.249527112348005 895.81130483401284 10.005230231108724 868.29617820562271 712.01465600710799 12.963648869481402 186.20534905197565 3.5402846091892561 87.958455813335604 52.11591520715956 249.74996546222246 12.309945092420092
leaf_count=208997 18175 9071 1663 4252 167 44096 123 21119 15494 1348 269020 5909 3483 16614 251958 89248 3855 25636 68070 17873 1840 35880 10769 75105 204 95347 17118 194813 17497 53662 12901 19561 51604 21458 57880 266 7032 15862 2070 2015 50957 2930 7099 37031 83597 3036 32447 19295 10177 4282 297 55280 1894 48055 40626 954 1224 340 15162 35502 9766 892
internal_value=0 -0.00719631 -0.0059997 0.00575033 -0.00481947 -0.00990018 0.00730214 -0.000657376 0.005015 -0.000999018 -0.014783 -0.00576379 0.00476722 -0.0133223 -0.0219758 -0.00252125 0.000733713 0.00531883 -0.0276394 0.0135435 0.00367263 -0.0097586 -2.14129e-05 -0.00369944 -0.000716464 -0.00198871 0.0100338 -0.00662244 0.00252296 -0.0360943 -0.0174568 0.00487259 -0.0262354 -0.00981497 0.00325168 0.0136959 0.0151076 -0.0133123 0.00468539 -0.00502417 -0.0348299 0.010504 0.0018773 0.000535873 0.00357998 0.00210619 0.00137837 -0.0010752 0.00471093 -0.0015198 0.00649453 0.0019853 -0.0311675 -0.00394172 0.00493265 -0.000675296 0.0195637 0.00675912 -0.0123592 -0.0296548 0.00741535 -6.76095e-06
internal_weight=0 11014.6 10591.8 13517.2 10042.5 4521.58 11912.1 5520.91 8718.91 5494.26 2782.33 1605.09 8683.77 256.276 1154.95 4979.29 2784.51 8427.49 549.268 3193.24 6247.87 1627.38 2719.47 1560.88 1121.89 1739.25 2179.62 2194.78 893.018 422.808 483.204 800.372 878.868 176.415 6123.87 514.969 499.903 228.868 897.644 253.513 372.854 2156.94 162.378 973.358 6011.67 4073.81 3832.55 2123.35 701.982 359.753 822.042 1076.08 15.0659 1421.36 1158.59 893.57 1036.3 148.04 366.712 686.315 265.219 880.606
internal_count=2229898 1745604 1482945 484294 1333389 840350 377008 493039 350729 492872 688060 107286 350606 27536 383160 472566 188505 323070 149556 26279 277949 304900 184650 122905 61048 152290 45121 284061 44982 262659 46238 27485 339064 30529 276109 20306 18146 16066 19485 7924 119027 20803 10922 47800 260615 202735 199699 116102 33754 14459 17415 56943 2160 82348 61745 49901 5476 7439 28063 287460 11114 48947
cat_boundaries=0 2 4 6 8 10 12 14 16 18 20 22
cat_threshold=33556552 25313288 1348468996 306741408 3652596132 306255936 3426877568 977277988 1073741824 536870976 1616912896 306221152 2332181563 208012063 1342177284 268500992 3239444480 272633920 1892717056 806369408 2367488 623616
is_linear=0
shrinkage=0.05


Tree=36
num_leaves=63
num_cat=14
split_feature=26 38 21 23 53 16 59 38 38 18 26 21 26 38 38 57 59 21 57 38 53 0 57 38 21 21 58 38 23 44 45 38 38 57 44 46 5 23 17 21 46 21 38 38 34 34 23 26 59 48 46 27 38 18 59 2 6 23 44 21 38 20
split_gain=365.261 124.625 112.749 110.607 76.8089 75.0983 59.8496 89.4138 45.4039 53.7075 40.943 39.0475 33.9452 29.0845 28.1952 27.3136 22.2789 21.9106 21.8995 21.8192 20.1399 20.071 19.127 18.7397 17.7595 16.4691 16.0588 15.9245 15.65 15.6443 15.5046 15.3804 14.9032 14.7514 14.5399 14.7362 13.8037 13.7475 13.6934 14.435 13.4083 13.797 13.3693 13.1149 13.0583 12.953 12.7289 12.6879 12.6225 15.2826 12.9338 12.5585 12.0746 11.7405 11.6105 13.0345 10.7903 10.6945 10.5445 10.2747 10.0744 9.94146
threshold=0.17402119934558871 0 13.500000000000002 0.23923829197883609 1.0000000180025095e-35 6.5000000000000009 0.26201373338699346 1 2 23.500000000000004 0.34094634652137762 2.5000000000000004 0.40754985809326177 3 4 1.0000000180025095e-35 0.1132478639483452 15.500000000000002 1.0000000180025095e-35 5 1.0000000180025095e-35 6875.5512695312509 1.0000000180025095e-35 6 10.500000000000002 16.500000000000004 2.5000000000000004 7 0.74077317118644725 7.5000000000000009 4.5000000000000009 8 9 1.0000000180025095e-35 12.500000000000002 22.507261276245121 3.3932999372482304 0.050039123743772514 8.5000000000000018 40.500000000000007 15.97356700897217 17.500000000000004 10 11 24.500000000000004 27.500000000000004 1.1191179156303408 0.58544605970382702 0.68333333730697643 1.5000000000000002 17.950852394104007 3.5000000000000004 12 48.500000000000007 0.45227272808551794 6.5851500034332284 0.54603099822998058 0.7079790234565736 4.5000000000000009 32.500000000000007 13 10.500000000000002
decision_type=2 9 8 8 2 2 2 9 9 10 2 10 2 9 9 2 2 10 2 9 2 10 2 9 10 10 2 9 10 2 10 9 9 2 2 10 8 10 2 10 10 10 9 9 2 2 10 2 2 10 10 10 9 8 2 8 10 10 2 10 9 2
left_child=1 46 -3 11 5 10 8 18 42 14 16 37 17 25 36 21 19 52 45 -5 38 31 27 -18 48 -13 60 -14 29 -16 -9 54 -19 -25 -33 -36 -10 -2 39 44 41 -21 -4 -41 -11 -8 -1 -29 49 50 -15 -51 -7 -44 55 -12 -34 -40 -38 -60 -17 -23
right_child=3 2 6 4 -6 12 7 30 9 20 15 13 22 24 28 26 23 32 -20 40 -22 61 -24 33 -26 -27 -28 47 -30 -31 -32 34 56 -35 35 -37 58 -39 57 43 -42 -43 53 -45 -46 -47 -48 -49 -50 51 -52 -53 -54 -55 -56 -57 -58 -59 59 -61 -62 -63
leaf_value=-0.04036397991662153 -0.041909577057550468 -0.037424499573617091 0.01139380933110009 -0.011709429696814815 0.061269057576850784 0.0055081174566651916 0.015521041991950691 0.0015455689647640674 0.018075626928103584 -0.0095770594022141897 0.047681605768530623 -0.028385835584718501 0.021755116055775153 0.014479527762120054 -0.016334709861806986 0.013362421962396129 0.0084530640689220986 -0.003734957693020317 -0.027445560794519236 -0.052325274600718778 0.060995605684731308 0.017770167155091332 -0.01735815897086922 -0.0015516984107203872 0.010118575646980861 0.0038337118491633842 -0.037497019105351345 0.0094173403986713509 -0.014934170980404346 -0.034254686863253565 -0.01288570469191401 -0.011336032141012482 0.010544975498267351 -0.036444213461276673 0.030622636169234854 0.00081310588888944637 -0.0050793499835087921 -0.01794622967229419 -0.012545439157757014 0.00056508918983343018 -0.0016778672732102055 0.02525609182252422 0.014580516559938764 -0.0091397145906620611 -0.034054412314213953 0.034050227768935751 -0.02249469429438801 0.019831624325894234 0.010353125489848892 0.0018954292370631177 -0.034264870668255364 -0.013987458470274756 -0.0074474113105239522 -0.0037623523933847367 0.011158107014872866 0.0045814589755257167 0.043676291561299145 0.0054146693448134716 -0.022710260065719731 -0.010757109067379318 -0.014365011953596366 0.006443829299130688
leaf_weight=312.60597496726041 80.682173815992428 297.89130713531995 208.18422522774199 579.86929976205283 60.427166107401717 345.57984050175583 171.03808540954196 351.22322755237838 38.565910875258851 137.12961400753557 16.650337753409985 175.04199115406664 738.66171147092246 15.824607941438442 183.63757460496709 43.924749270867324 943.64705793530447 192.11054122939822 19.403942031553015 5.2914006276987484 10.394250018231103 503.20160223124549 44.11675964249298 384.16685265365231 272.83094362926204 50.912236758711515 50.667585047485773 1052.2824764317484 352.04384473244863 379.4503224383152 394.46484741733002 248.08320834476035 1518.7126261616795 31.893971600657096 43.735947445617057 566.83117920500808 370.58926489805162 237.76595404160616 103.79895616320573 523.17822086015076 2460.0711025313067 71.983325347158825 94.65775879532157 1056.2227702368473 90.706171104939131 217.62262157039368 153.23696827603999 406.57859815377742 114.84540417224343 320.29783112433506 78.666308208485134 202.34067301278264 352.41889522195561 991.51726566441721 929.00356478305184 3228.3337364613544 24.094731270335615 395.60579638351919 293.74373912041483 470.94231558968022 72.445523811184103 317.3371855248115
leaf_count=219999 17975 111014 3230 76500 280 9346 6766 30377 6406 29809 256 41296 4028 488 48032 2389 47416 5222 3637 262 99 4073 1763 32409 15068 6900 7790 13754 95564 177675 66064 12683 23137 7882 1065 34332 36522 26485 10233 50820 198536 2092 2770 138464 24154 12186 61212 3819 4510 10178 5324 25253 10639 88399 20369 102047 107 20448 96912 101579 7493 3790
internal_value=0 -0.00902848 -0.00735149 0.00417249 0.00546715 0.00524087 -0.00604992 0.00433245 -0.0081517 -0.0105578 0.00289288 -0.00855209 0.0105117 -0.00450518 -0.0163941 0.00558536 -0.000728191 0.00641777 0.0227993 -0.00305752 -0.00533658 0.00615506 0.0149502 0.00461027 -0.000739535 -0.020249 -0.0142953 0.0156064 -0.0230212 -0.0284498 -0.00601497 0.00497091 0.009426 -0.00420656 -0.00114066 0.00299499 -0.0109236 -0.0241298 -0.00566179 -0.00768601 -0.00102626 0.0193431 0.00012095 -0.00598092 -0.0194282 0.0259568 -0.0338222 0.0122475 -0.00480508 -0.00763815 -0.0260354 -0.00426864 -0.00106216 -0.00213226 0.00621596 0.00481723 0.011019 0.00166413 -0.0120199 -0.0153724 -0.00395985 0.013403
internal_weight=0 7617.85 7152.01 16781.3 15232.1 15171.7 6854.12 1153.75 5700.37 4406.01 10497.1 1549.21 4674.56 1230.76 2088.97 6020.21 4476.92 2432.92 408.065 3117.22 2317.04 5853.18 2241.64 1359.71 1004.81 225.954 167.038 2197.52 915.132 563.088 745.688 5032.64 1734.92 416.061 858.65 610.567 1173.84 318.448 2306.64 1807.24 2537.35 77.2747 1294.36 1579.4 227.836 388.661 465.843 1458.86 731.975 617.129 94.4909 522.639 697.999 1086.18 4173.99 3244.98 1542.81 499.405 1135.28 764.686 116.37 820.539
internal_count=2229327 1442371 1161160 786956 633479 633199 1050146 119030 931116 836717 561384 153477 71815 109017 562690 196287 365097 48451 22589 277390 274027 178615 23364 87707 60821 48196 17672 21601 321271 225707 96441 170752 28466 40291 48080 35397 241419 44460 273928 243247 200890 2354 94399 189284 53963 18952 281211 17573 45753 41243 5812 35431 19985 91169 122672 102303 23244 30681 235013 198491 9882 7863
cat_boundaries=0 2 4 6 8 10 12 14 16 18 20 21 23 25 27
cat_threshold=33556552 25314312 3912778114 6300358 1073741828 306282528 26526007 406432706 284448032 671623314 205309075 203687299 2633261488 40381154 1073741824 65536 1088967556 268766434 684900386 32803 1073741824 2157068449 136315076 2696990737 974423395 79692288 704653376
is_linear=0
shrinkage=0.05


Tree=37
num_leaves=63
num_cat=9
split_feature=27 16 38 23 21 55 38 5 38 38 7 21 34 23 45 27 21 17 57 39 21 55 39 0 2 50 15 44 55 22 23 2 20 43 27 21 2 23 48 38 3 57 47 39 23 34 34 2 23 22 21 51 38 23 21 47 25 38 7 45 38 38
split_gain=345.389 116.658 113.647 75.9572 65.2144 60.049 52.7744 46.9929 46.7143 44.5536 40.3842 33.7748 26.4184 25.1749 24.1842 23.1244 23.9103 22.7351 22.3615 22.9343 21.9557 20.6189 20.4623 19.5907 18.6211 20.2569 17.353 17.0642 16.8931 16.6564 16.1223 15.511 14.1805 13.8769 12.9422 12.776 12.6788 12.6669 12.6623 12.096 11.982 11.6583 11.525 11.3408 10.8175 10.4526 9.99823 9.72565 9.93303 10.7883 9.68927 9.6754 9.62924 9.13295 8.93534 19.9553 8.9201 8.90379 8.87231 8.75306 9.48466 8.71821
threshold=9.5000000000000018 3.5000000000000004 0 0.23923829197883609 5.5000000000000009 189.00000000000003 1 2.224449992179871 2 3 103.50000000000001 2.5000000000000004 7.0000000000000009 0.40662689507007604 4.5000000000000009 3.5000000000000004 8.5000000000000018 26.500000000000004 1.0000000180025095e-35 5.5000000000000009 14.500000000000002 189.00000000000003 1.5000000000000002 6875.5512695312509 3.1369999647140507 1.0000000180025095e-35 1.5000000000000002 12.500000000000002 294.50000000000006 22.803845405578617 0.4377655982971192 1.7541999816894533 7.5000000000000009 1.0000000180025095e-35 1.5000000000000002 1.5000000000000002 5.0290498733520517 0.62164562940597545 3.5000000000000004 4 0.054636999964714057 1.0000000180025095e-35 251.50000000000003 3.5000000000000004 5.5912530422210702 160.00000000000003 19.000000000000004 4.5095999240875253 0.62164562940597545 133.12500000000003 3.5000000000000004 0.17500000447034839 5 1.2750227451324465 19.500000000000004 9.5000000000000018 5.5000000000000009 6 4.5000000000000009 2.5000000000000004 7 8
decision_type=8 2 9 8 10 8 9 10 9 9 8 10 2 10 10 10 10 2 2 2 10 8 2 10 10 2 2 2 8 10 10 10 2 2 10 10 10 10 10 9 10 2 2 2 10 2 2 10 10 10 10 2 9 10 10 2 8 9 8 10 9 9
left_child=1 4 13 46 12 -6 18 8 14 11 28 38 35 -2 51 17 42 27 23 39 -8 -11 -9 29 25 30 32 -13 -10 34 -23 44 -22 -12 -7 -1 59 -35 -3 -20 -28 52 -17 -33 -31 -15 50 48 49 61 -4 -5 -24 -32 55 -16 -57 -51 -25 60 -18 -30
right_child=2 9 3 7 5 6 20 22 10 21 33 15 -14 45 54 16 36 -19 19 -21 26 24 41 58 -26 -27 40 -29 47 31 53 43 -34 37 -36 -37 -38 -39 -40 -41 -42 -43 -44 -45 -46 -47 -48 -49 -50 57 -52 -53 -54 -55 -56 56 -58 -59 -60 -61 -62 -63
leaf_value=-0.034657837551124351 -0.040122887096767923 -0.032438972295470263 -0.0428294209335549 0.0011639945841148316 0.067786107194180087 0.012265098131415391 -0.019353362334903229 0.032639640346830104 0.063138275758231388 0.056972520397255616 -0.0078339333920476577 0.028149743377348921 -0.034286133596687071 -0.017836645055622168 0.0018981264143540892 -0.015420287754706996 -0.0036939835600715214 0.022037258279410516 0.0017534155348467358 -0.046967224566582338 -0.011152180534225939 -0.007187023093977985 0.0135118115943692 0.026349607132842692 0.034033586712599734 0.014094537267232976 -0.0014640571955284387 0.010632514695938336 -0.0026859443280641032 0.00088230694453604044 0.0058664940717242983 0.030147002392052338 0.0013819117403954357 -0.025467099291869712 0.0032166885070610191 -0.0067666420385214844 0.036549615743316381 -0.014610856106880768 -0.0014631653497465314 -0.033715673445598435 0.014065704346285401 -0.046729080819348949 0.011381517037335497 -0.0043530905945972954 -0.016227721782477146 -0.045058749481354625 -0.041025806253267461 0.025680944522663181 -0.0042178011630425692 0.023092843457471562 -0.01391804507675721 0.019896241692822524 -0.004124257169506605 -0.00089933248166266491 -0.0036954424832520054 0.012329689864229542 -0.025388711557772222 -0.011395217480641711 0.0091572173884500781 0.0069922470446802942 0.021492723734569591 -0.024225591992553738
leaf_weight=45.388436186040053 321.62926719830284 51.503628145350376 40.608285022157361 1150.7547172684499 32.458356626681052 672.74546579585876 230.67871772716899 79.392326780507574 7.8302205479703844 16.71272070845589 260.52071220963262 149.45075883425307 152.17937827819696 328.1198655255721 121.33412032260094 154.95422623924969 48.662936360167805 761.49805556912906 136.37772407260491 39.507527206151281 908.59452979170601 502.03171959792962 169.95747874146036 83.004856838611886 46.115025556238834 323.51724049559562 1717.5748734195367 1913.3607952455932 79.642511470461613 3932.5587316641322 1106.4955689775379 75.553397493960802 299.83555772445106 617.34076900524451 958.29921859549358 366.10961776939803 41.16113754035905 485.64944474154618 89.047914033551933 18.179158200247912 132.88126232063223 9.8086534295289294 53.181423962902045 34.247331514663529 93.600202525616623 39.230491583519324 158.2849685298097 22.382918913674075 903.20176054946205 23.491080284351483 101.29429497708043 72.33856284419744 131.66931762339664 907.05564283599961 373.37599277995469 16.240885398408864 229.38940326824377 31.808002763194963 739.41082672419725 1248.1811889772362 199.51491696853191 182.04137374401762
leaf_count=5926 232245 2793 16316 67371 154 14927 48349 6708 62 58 37927 841 42342 115059 7137 4452 677 4335 8964 7681 165799 23314 12590 486 401 3497 169934 19139 12814 177416 27905 1099 52705 253771 40864 20713 221 136543 2785 4476 4307 1958 1178 1149 4628 27221 78958 565 105367 3664 36113 1231 15148 23314 53148 1152 50661 6675 8976 21415 2679 28907
internal_value=0 0.00336306 -0.0104987 -0.00794163 -1.08527e-05 0.00091307 0.000690878 -0.00647716 -0.00789842 0.00809112 -0.012257 0.0110874 -0.0165471 -0.0294694 -0.00201992 0.0118541 0.00732343 0.0146508 0.0032092 -0.013472 -0.0044977 0.00317609 0.0101462 0.00370732 0.00285585 0.00233763 -0.00338614 0.0119147 -0.00580713 0.0026767 0.000820625 0.00098862 -0.00804365 -0.018253 0.00695405 -0.00991962 0.00947645 -0.0207046 -0.0129629 -0.00466312 -0.00034187 0.00432595 -0.00855039 0.0194441 0.000480602 -0.0208582 -0.0323406 -0.00629203 -0.00689908 -0.0145018 -0.0224334 0.00228724 0.00613514 0.00281972 -0.00915638 -0.0146876 -0.0228549 0.00548305 0.0109223 0.00870782 0.0172734 -0.0187297
internal_weight=0 18281.6 5957.34 5268.36 10669.2 10105.5 10073 4968.17 4577.34 7612.44 2613.91 4710.52 563.677 688.98 1963.43 4569.97 1745.66 2824.31 6783.48 194.064 3289.56 2901.93 390.828 6589.42 2885.22 2839.1 3058.89 2062.81 1250.4 5767 2515.58 4135.96 1208.43 1363.51 1631.04 411.498 1537.52 1102.99 140.552 154.557 1850.46 311.435 208.136 109.801 4026.16 367.35 300.188 1242.57 1220.18 316.983 141.903 1223.09 301.627 2013.55 740.34 366.964 245.63 55.2991 822.416 1496.36 248.178 261.684
internal_count=2229210 919899 1309311 934786 780895 711914 711760 803399 766995 139004 586295 60515 68981 374525 180700 54937 30622 24315 270666 21121 441094 78489 36404 249545 78431 78030 392745 19980 158054 240083 74533 184292 218504 428241 55791 26639 24992 390314 5578 13440 174241 29696 5630 2248 182044 142280 131387 157992 157427 52060 52429 68602 27738 51219 112098 58950 51813 10339 9462 24771 3356 41721
cat_boundaries=0 2 4 6 8 10 12 14 16 18
cat_threshold=33720392 97669129 1096810496 308285664 1348469124 838928416 3507802420 274995680 6291456 33554464 84411810 539560770 2232685570 295248 16777236 4198464 2155886081 134218752
is_linear=0
shrinkage=0.05


Tree=38
num_leaves=63
num_cat=15
split_feature=26 38 55 23 21 7 6 38 21 7 26 38 57 58 39 4 38 23 0 43 23 23 26 51 57 26 59 57 0 18 44 21 21 38 38 21 47 46 7 38 38 38 21 46 23 39 55 16 23 38 46 6 21 52 44 38 49 58 38 38 38 59
split_gain=310.87 107.148 98.5511 98.7342 96.9124 70.6785 57.3771 50.8541 44.8596 38.3955 35.0005 28.9177 20.6289 28.7496 27.671 20.4612 20.1537 19.6824 19.6412 18.5923 19.4087 15.9426 15.0577 14.3107 16.5707 14.2109 14.0697 14.0272 13.8848 13.2445 14.072 12.4284 12.3234 18.6578 17.8907 13.4622 12.004 15.7589 12.3104 11.7196 11.646 11.5302 11.5184 11.048 10.8336 10.7806 10.7642 10.7217 10.5531 10.2232 9.79083 9.50446 9.45679 10.8556 9.76041 9.35068 9.34277 9.03584 13.4506 8.98825 8.97483 8.60279
threshold=0.17402119934558871 0 326.00000000000006 0.27279774844646459 16.500000000000004 6.5000000000000009 0.36664199829101568 1 3.5000000000000004 102.50000000000001 0.313496083021164 2 1.0000000180025095e-35 1.5000000000000002 5.5000000000000009 6.5000000000000009 3 0.050039123743772514 1025.6507568359377 1.0000000180025095e-35 0.55565711855888378 1.1191179156303408 0.52960655093193065 0.17500000447034839 1.0000000180025095e-35 0.36180344223976141 0.68333333730697643 1.0000000180025095e-35 6875.5512695312509 227.50000000000003 2.5000000000000004 14.500000000000002 55.500000000000007 4 5 11.500000000000002 123.50000000000001 34.845594406127937 16.500000000000004 6 7 8 307.50000000000006 31.479811668396 0.38191986083984381 1.5000000000000002 216.00000000000003 18.500000000000004 0.069457139819860472 9 62.712190628051765 0.55140700936317455 22.500000000000004 1.0000000180025095e-35 18.500000000000004 10 11 1.0000000180025095e-35 12 13 14 0.73214286565780651
decision_type=2 9 8 10 8 8 10 9 10 8 2 9 2 2 2 8 9 10 8 2 10 10 2 2 2 2 2 2 10 8 2 10 10 9 9 8 2 10 8 9 9 9 8 10 10 2 8 2 10 9 10 10 10 2 2 9 1 2 9 9 9 2
left_child=1 21 -2 8 48 16 7 23 17 46 15 36 13 22 41 49 28 -4 -11 -20 -21 -1 40 24 29 31 -15 51 44 -6 -31 -13 33 35 45 59 38 -38 -10 52 -12 -14 -32 -42 -5 -34 -9 -46 -3 50 -7 -8 -24 -54 -55 -50 60 -48 -59 -17 -39 -37
right_child=2 4 3 5 6 10 27 9 11 18 12 25 14 26 -16 32 -18 -19 19 20 -22 -23 39 -25 -26 -27 -28 -29 -30 30 42 -33 34 -35 -36 61 37 56 -40 -41 43 -43 -44 -45 47 -47 57 -49 55 -51 -52 -53 53 54 -56 -57 -58 58 -60 -61 -62 -63
leaf_value=-0.042066918859121144 0.06250141313254351 -0.048453614156229258 -0.041620907912656387 -0.0059270982155171167 0.0033579119104188595 0.023144793920795246 0.011360033166850277 0.058751116908857343 0.015982199920627261 -0.04267274827856108 0.0049406723139571382 -0.027840800067654693 -0.031668884826050188 0.0085057855229437786 -0.043861684774404885 -0.019163426934071418 0.0036464879894823592 -0.015359485095839148 -0.0045039228821130662 -0.023871478637552814 -0.012118328420003472 -0.019484132623559802 0.013549610616567231 0.012701916135131172 -0.033228832181500356 0.00042431170377977239 0.019957473374179857 -0.043864599380525393 0.018532168416138695 0.00053872849900134213 -0.0047922387226981104 -0.0056412025000402224 0.0068821938473987224 -0.0080489002344087523 -0.0088013233145606586 0.0035521096154017082 -0.047719267978196742 0.019429788665632792 0.0014131724158104656 -0.000603791169957608 0.0046826656771025753 0.0044264724144687647 -0.016897660240567179 -0.0032252935548024251 0.0091183437294158204 -0.0087046863377230211 -0.0073339739470083629 0.017790641565550519 0.00046729638362993047 -0.006797591402352682 -0.014486960880802955 0.030966989802198381 0.0074488297559233939 0.0035912827005687405 -0.037349096941643421 -0.030097448282371736 -0.012964066668239699 0.012500419282665098 -0.0064703627792801399 0.00091503566948929595 -0.011307872717808302 0.014988675353151513
leaf_weight=257.39489022152702 70.261367423488991 76.166231814226194 85.57652869001322 91.124563218385447 816.48935720330337 166.76657207639073 221.9985534503503 5.5347649839241058 192.29568024363834 63.668851517555595 2204.9655078014475 181.75232032606436 14.636481165915029 720.690243952733 46.541793002164923 90.326533617509995 715.0544084655703 423.75515429226652 367.44610300232307 612.5807297489846 832.30035954132472 116.06424255279853 798.75677579923649 166.22333931965841 41.851556406298187 119.73804432433099 429.02390201610979 8.8593630039540567 867.95443136082031 780.21418049716158 626.1816734470558 97.180009113479173 386.97444706884562 453.31876790084789 1035.8140512129612 1259.1378664108997 21.753990331635578 54.059240082002361 581.18021885656344 340.60024704708485 687.99327325020568 150.76046367049275 286.23579801208325 1229.4066772315127 1199.5337307675509 154.40209367366333 1452.0395418686021 509.56526424339972 36.844522843912273 49.213138890489063 18.595663018641062 85.935004872328136 662.41733377345372 31.701746853301302 25.674256910104305 262.31149126527089 103.28701772319619 148.84120148107468 214.6020874518581 129.8643727935123 30.389504591890727 188.36686020840716
leaf_count=206781 290 37957 20437 953 37672 4233 9007 63 1826 41225 94640 40164 3866 19365 8942 11115 10680 43977 43431 260670 218499 52764 14965 5953 6678 10906 7810 1722 5011 35191 97894 13218 30137 68738 86871 92408 1956 2290 27651 10390 17332 8869 61099 49749 10424 13872 190841 3506 7984 4214 1290 2129 12771 712 745 91237 8890 9713 24492 9822 3242 8457
internal_value=0 -0.00844727 0.00382656 0.00357371 -0.00703094 0.0049608 -0.00565936 -0.00668595 -0.00717632 -0.0104904 0.00305854 -0.0024952 0.00509695 0.00555422 -0.0102429 -0.00074784 0.0112981 -0.0198448 -0.0155378 -0.0145615 -0.0171143 -0.0342059 0.004161 -0.00146366 -0.00239705 -0.0136466 0.0127927 0.0150819 0.0132831 -0.00186975 -0.00439196 -0.0201542 -0.00165754 0.000831466 -0.00500317 0.00327733 0.00215364 -0.00841546 0.00505117 0.00789558 0.00247523 -0.000576035 -0.00860419 -0.000384826 0.0108172 0.00238495 -0.00534258 0.0117129 -0.031735 0.0135402 0.0183286 0.0169143 0.00974094 0.00563666 -0.0150544 -0.0273312 -0.0036324 -0.00557021 0.0014772 -0.00819594 0.00834018 0.00504969
internal_weight=0 7479.78 16620.4 16550.1 7106.32 14659.2 6731 6414.21 1890.97 3697.01 11275.9 1381.64 7343.17 7131.23 211.939 3932.78 3383.23 509.332 1876 1812.33 1444.88 373.459 5981.52 2717.2 2550.97 398.67 1149.71 316.793 2668.18 2509.12 1692.63 278.932 3698.2 2121.01 1577.19 1667.7 982.966 209.49 773.476 1859.15 4122.37 165.397 912.417 1917.4 1800.22 541.377 1821.02 1709.1 375.322 234.575 185.362 307.934 1518.55 719.793 57.376 299.156 187.736 1815.48 363.443 220.191 84.4487 1447.5
internal_count=2229736 1443002 786734 786444 1183457 611887 1046279 1033421 174557 788934 581313 110143 250156 228479 21677 331157 30574 64414 563825 522600 479169 259545 201304 244487 238534 64288 27175 12858 19894 231856 194184 53382 321420 190540 130880 121802 45855 16378 29477 39583 161721 12735 158993 67081 14883 44009 225109 13930 137178 9737 5523 11136 29193 14228 1457 99221 14422 225046 34205 20937 5532 100865
cat_boundaries=0 2 4 6 8 10 12 14 16 18 20 22 23 25 27 29
cat_threshold=33556552 25313288 1345323396 306282658 3863098888 654626860 3489939716 309067872 3496260100 840470816 957753721 335702266 1350828292 306774050 3519836804 807247234 1342177284 268500992 2159031984 141105985 1078067712 4199460 2 671801347 2372420 270802948 557056 4194816 32800
is_linear=0
shrinkage=0.05


Tree=39
num_leaves=63
num_cat=9
split_feature=27 55 16 38 23 38 23 38 21 23 26 55 38 21 3 16 57 59 58 5 7 38 44 38 43 38 51 38 59 39 57 21 57 21 17 22 56 21 34 27 6 38 34 20 27 27 28 56 21 6 6 23 21 27 23 26 28 3 39 27 5 26
split_gain=287.685 116.307 101.368 94.7242 69.5357 55.7555 53.9113 44.5682 40.682 37.0954 32.8191 29.5299 28.9764 25.4513 25.153 21.2115 21.0001 22.6849 20.9689 20.0216 19.8677 19.6198 18.3092 17.783 17.7103 17.2675 16.5815 26.5832 18.1978 15.8062 19.8368 14.4976 15.6861 13.9284 13.5193 13.4838 13.1252 12.9815 12.8477 12.7207 12.6399 12.4809 12.0187 11.8121 11.7633 11.7437 11.271 11.0998 10.6085 10.5078 10.1822 9.79143 9.62078 9.3922 9.21833 9.04693 8.93989 8.66409 8.4913 8.47935 8.6718 8.42898
threshold=10.500000000000002 216.00000000000003 1.5000000000000002 0 0.47193184494972235 1 0.14182437956333163 2 5.5000000000000009 0.39410315454006201 0.53871130943298351 193.50000000000003 3 22.500000000000004 0.017531500197947029 1.5000000000000002 1.0000000180025095e-35 0.45227272808551794 1.5000000000000002 2.3055999279022221 46.500000000000007 4 24.500000000000004 5 1.0000000180025095e-35 6 0.16499999910593036 7 0.57738095521926891 5.5000000000000009 1.0000000180025095e-35 6.5000000000000009 1.0000000180025095e-35 50.500000000000007 26.500000000000004 35.485294342041023 1.5000000000000002 32.500000000000007 160.00000000000003 2.5000000000000004 0.37401100993156439 8 11.500000000000002 7.5000000000000009 1.5000000000000002 20.500000000000004 17632.000000000004 1.0000000180025095e-35 5.5000000000000009 0.29215149581432348 0.54317501187324535 0.069457139819860472 165.50000000000003 1.5000000000000002 0.64447286725044262 0.23339140415191653 4550.0000000000009 0.055034499615430839 3.5000000000000004 2.5000000000000004 4.0374000072479257 0.42886905372142797
decision_type=8 8 2 9 8 9 8 9 10 10 2 8 9 10 10 2 2 2 2 10 8 9 2 9 2 9 2 9 2 2 2 10 2 10 2 10 2 10 2 10 10 9 2 2 10 8 2 2 10 10 10 10 10 10 10 2 2 10 2 10 10 2
left_child=1 -1 5 9 21 8 22 20 39 40 14 -6 19 -7 26 24 17 35 25 46 36 37 41 55 -14 -18 27 29 31 52 -31 -29 34 -23 -33 44 48 -5 49 -3 56 -4 -25 50 -10 -26 -13 -28 53 -11 -15 -24 59 -8 -22 -19 -2 -46 -21 -9 -61 -55
right_child=3 2 6 4 11 13 7 10 16 38 -12 12 15 43 -16 -17 18 23 -20 58 54 33 51 42 45 -27 47 28 -30 30 -32 32 -34 -35 -36 -37 -38 -39 -40 -41 -42 -43 -44 -45 57 -47 -48 -49 -50 -51 -52 -53 -54 61 -56 -57 -58 -59 -60 60 -62 -63
leaf_value=0.063332992871816846 -0.04381313295427243 -0.0074143585480842163 0.0099280655909142028 -0.014606915006247424 0.06829655960237295 -0.033031766176979845 0.018742095808777805 0.0028245975015393594 0.0081223253422187929 -0.015974532380680289 0.011524397269589252 -0.0050619321698332186 -0.0039129047593634836 -0.012885642838363909 0.021106771555896856 -0.001701616912629565 0.016372434938117464 -0.029277773842156924 -0.032010558316024181 0.034216834944573324 -0.014332474100551176 -0.033286913539705691 -0.039281086578807335 0.0077105010233815613 -0.011737689032645651 -0.029208210199814046 0.013531986561885992 -0.0076526019141220205 0.012288154559416863 0.014542391194171975 -0.037816103224201821 0.0032280551559213918 -0.03409272214430447 -0.0066254940638614439 0.012631207004383267 -0.0027894380730141247 -0.013570457241662058 0.018423357972729766 -0.044506137045972609 -0.027019760160715202 0.0086721145285757542 -0.022462131338085028 0.029091761907297793 0.0046656763762172931 -0.00049594640787452412 -0.023519079461868445 0.0033164822350998102 -0.035631818971956344 0.01698007581635463 0.0085238521104163256 0.019747650843925407 -0.015618084544929309 -0.016740889809589331 -0.049916701284855244 0.0080194031217824344 0.0020695855174549379 -0.028823753393396156 0.024718168049500763 0.00084548520296346286 -0.0052843240649836261 0.049095768783371449 -0.0027811350341575693
leaf_weight=78.204235227662139 232.2406849934996 167.93049975976464 101.16194145235932 164.81508081251377 12.869530061667318 132.61946973424347 44.017745181219652 479.64137355104322 665.52156670275144 434.95765548386771 1507.3279261840216 895.41823306756851 383.6897812670577 772.41899684682721 195.29939723873395 642.98175382606132 57.199302733090008 47.786493744541076 94.743998532052501 57.489934513883782 83.429861417011125 353.0108268874792 59.274986581687699 1085.2333151833445 495.98444283348363 19.040332901116926 438.2377625964873 284.69083779533685 637.58664090449747 209.50269237384782 18.834816765011055 3390.4517878664774 25.816864658496343 57.513678222341696 430.0711725295987 2515.8679956955748 38.055442810116801 35.352894989431661 35.247245555485279 164.11404243925062 15.273154401540522 29.549030451016733 69.159247092844453 124.09159103193088 1426.3765642871003 373.46616025295953 725.96701286889584 10.85422253992874 1492.5579130358819 48.031092355580768 23.806761789426673 170.0251834042574 132.98809480591444 10.398372372030279 100.72487537944107 43.339492219791282 191.92984530811736 33.903389830491506 28.354235475475434 1264.1581827099435 6.3822871292359187 57.31851240247488
leaf_count=327 188127 9723 3447 47803 123 44215 285 11789 17734 137412 21566 143183 37073 163949 2619 69555 3405 7570 17737 2988 3133 127857 10021 40761 120454 5656 6419 10524 10570 7300 2805 86069 2532 14182 4309 223228 524 7779 26626 34753 1639 4025 2453 26949 102431 153445 28277 266 13295 5678 1090 14801 8656 218 2978 4000 96916 507 1963 82172 96 507
internal_value=0 0.00287077 0.00261402 -0.0104361 -0.00715417 -0.00190994 0.00561547 0.00624697 -0.000142432 -0.0245678 0.00478711 -0.00453244 -0.00481143 -0.0125065 0.00344249 -0.00904064 0.000792536 0.00129544 -0.0164298 -5.84765e-05 0.01336 -0.0227629 -0.0133958 0.00728418 -0.012874 0.00309639 0.00296898 0.00236035 0.00442279 -0.00230736 0.0100774 0.00321687 0.00402316 -0.0288752 0.00428958 -0.000312772 0.0151783 -0.00829815 -0.0157145 -0.0171564 -0.035507 0.00153923 0.00893815 -0.00965193 0.00261827 -0.0168195 -0.00131081 0.0122672 0.0158683 -0.0135257 -0.0118864 -0.0218791 -0.00382584 0.000998505 -0.00212966 -0.0130877 -0.0371144 0.000105966 0.023331 -0.00283548 -0.00497276 -0.0106402
internal_weight=0 18739.7 18661.5 5184.59 4226.91 7443.15 11218.4 10858.3 6390.22 957.68 9031.84 3616.22 3603.35 1052.94 7524.52 1896.12 6058.17 5887.19 170.984 1707.23 1826.5 610.692 360.011 1245.52 1253.14 76.2396 7329.22 6880.12 4768.62 2111.51 228.338 4131.03 3846.34 410.525 3820.52 4641.67 1642.35 200.168 518.236 332.045 439.444 130.711 1154.39 920.317 2125.8 869.451 1621.39 449.092 1604.29 482.989 796.226 229.3 1883.17 111.735 184.155 91.126 424.171 1460.28 85.8442 1750.18 1270.54 67.7169
internal_count=2228494 1017414 1017087 1211080 754682 706161 310926 278632 469958 456398 257692 557061 556938 236203 236126 380527 425482 398684 26798 176411 20940 197621 32294 54784 310972 9061 233507 226822 114004 112818 10105 103434 92910 142039 90378 343900 14829 55582 169716 44476 286682 7472 43214 191988 120672 273899 171460 6685 14305 143090 165039 24822 102713 1010 6111 11570 285043 102938 4951 94057 82268 725
cat_boundaries=0 2 4 6 8 10 12 14 16 18
cat_threshold=2181081208 97670217 3522306952 441030882 1073758240 2097216 1210057092 841490594 1415714308 704675872 8397312 134840320 12583424 168331296 246056841 169645085 1481643808 341162080
is_linear=0
shrinkage=0.05


Tree=40
num_leaves=63
num_cat=11
split_feature=26 38 21 21 17 55 15 55 38 23 26 26 5 0 26 38 38 34 38 0 21 18 22 18 3 23 59 38 39 26 21 22 29 7 59 38 3 17 51 21 21 45 45 47 46 45 38 3 21 45 50 21 38 52 59 47 46 25 55 38 59 38
split_gain=263.227 97.8608 94.617 90.2575 65.7131 56.8231 49.6324 47.0524 42.0989 34.3764 30.7347 28.5464 28.3582 27.5299 24.7957 21.8096 19.6333 18.9851 18.7623 17.5471 16.1097 15.008 16.6731 14.1011 14.0511 12.8674 12.6125 13.03 15.4691 12.5971 12.5189 12.2144 12.1918 12.1717 12.0898 14.7475 11.9351 11.6397 11.5934 11.5309 10.6644 10.139 10.0562 10.0082 11.1191 9.9815 9.95877 9.85015 9.56342 10.4575 9.39231 9.28339 9.14766 9.10567 8.89173 8.82691 8.80668 13.0259 8.7127 8.70668 8.59789 8.57215
threshold=0.1995934993028641 0 19.500000000000004 5.5000000000000009 8.5000000000000018 216.00000000000003 1.5000000000000002 326.00000000000006 1 0.5189291536808015 0.53871130943298351 0.313496083021164 3.0913500785827641 1025.6507568359377 0.37541946768760687 2 3 14.500000000000002 4 6875.5512695312509 8.5000000000000018 13.500000000000002 15.779513835906984 48.500000000000007 0.046304000541567809 1.1191179156303408 0.60769233107566845 5 1.0000000180025095e-35 0.071550466120243086 2.5000000000000004 20.135632514953617 2241.5000000000005 4.5000000000000009 0.34891304373741155 6 0.046304000541567809 3.5000000000000004 0.16499999910593036 4.5000000000000009 29.500000000000004 3.5000000000000004 2.5000000000000004 9.5000000000000018 27.132499694824222 5.5000000000000009 7 0.030635000206530098 42.500000000000007 86.500000000000014 1.0000000180025095e-35 31.500000000000004 8 1.0000000180025095e-35 0.62019231915473949 169.50000000000003 49.950275421142585 2.5000000000000004 189.00000000000003 9 0.92857143282890331 10
decision_type=2 9 8 10 2 8 2 8 9 10 2 2 10 8 2 9 9 2 9 10 10 10 10 10 10 10 2 9 2 2 10 10 2 8 2 9 10 2 2 10 8 10 10 2 10 10 9 10 10 10 2 10 9 2 2 2 10 10 8 9 2 9
left_child=1 25 17 9 7 -4 8 -5 32 14 18 20 15 -10 54 29 -13 39 21 26 -9 22 -6 60 33 -1 27 28 41 -8 56 -19 -7 -17 40 -36 46 42 47 -3 -14 -18 -15 -30 -45 -35 48 58 -22 53 -34 -44 -42 -50 -2 -55 -16 -58 -20 -53 -23 -32
right_child=3 2 5 4 10 6 12 11 13 -11 -12 16 34 37 30 24 19 31 38 -21 36 23 -24 -25 -26 -27 -28 -29 43 -31 61 -33 50 45 35 -37 -38 -39 -40 -41 52 -43 51 44 -46 -47 -48 -49 49 -51 -52 59 -54 55 -56 -57 57 -59 -60 -61 -62 -63
leaf_value=-0.040130239983751717 -0.026689440375728464 -0.042561262889183278 0.067656694088477048 0.061994188552495826 0.014756484966017155 -0.0067188890512750038 -0.014711076453114409 -0.019419247354566054 -0.044782164227574639 0.0096935594411790473 0.018436436266064851 -0.024357549646959922 -0.037617175255396068 -0.0079610892214761423 -0.025539072080007857 0.012090619270188945 0.014329740971868142 -0.0063034675075808351 0.053077726575623575 0.01129669406595259 0.0042910392161954946 0.015008028229166451 -0.0078803105220679581 0.0080796363415164101 0.026462164052680162 -0.019314285904886576 0.0088628552872707569 0.0041345376914610999 0.034874835177744257 -0.0040196892083178568 0.0041258030740078276 -0.037626410874646334 0.000558754708898454 0.0042470442454424912 -0.0069630461994521281 0.027711457580722298 0.014279638030911182 -0.0043202695707342999 0.015804945019533188 -0.012419201861019073 0.018081530630871239 -0.00046385552051688518 -0.023049260482047983 -0.031482531808623482 -0.0078392267281726692 -0.0043891188362803063 -0.0063005372062238385 0.025281662664151286 -0.0026456780050163678 0.01403860338971942 0.020110698579253371 -0.0062555719225880005 -0.00019779377625717641 -0.024647732636620553 -0.0012927210318326471 0.035659416702499766 0.0026955360040820994 -0.027939225314543001 0.0013315813762185098 -0.017349922774238077 0.028947180387567474 -0.0078521957906442716
leaf_weight=239.63128500371749 275.83583335216827 35.383661787076562 26.228324236726621 32.299361770390533 135.66306693397928 744.26356843992107 371.55091531199287 119.95158799107594 66.256587061085156 226.7244857075857 858.68757672637003 48.595302647256176 13.222167247746254 497.7125726870654 127.9885529151652 206.9501466540969 135.65588227819535 35.75017306159134 7.1829519160091877 847.00279954139842 880.24597968110902 876.0916225531837 199.9780319431884 865.02844411105616 54.242474283804768 111.87669464075589 935.80541728452954 3338.2302658823464 10.992072128341531 1062.7441972403394 241.20874441758497 265.30225840389176 662.47944304859266 562.45587088253524 39.454230715753511 137.33944948262069 124.62935999839101 381.04350274107856 179.57618669953081 265.49927621680399 99.257781056017848 759.30800162555533 369.89445721227094 58.409479300491512 313.43381417110504 822.71870677638071 762.49663873029203 44.455274451174773 989.25218293372018 86.146524763957132 66.707577537978068 319.30192919990077 189.29199306448572 75.176897400175221 39.484827769454569 5.7210886190296142 101.61149408837082 51.572989136504475 1405.1658750252536 546.3276609310924 127.49885481444653 363.82252578457701
leaf_count=207163 53194 14303 242 146 1608 117280 70526 20272 47117 6573 7466 7672 1710 95445 11099 4205 3770 8029 30 9004 73729 10316 3733 11822 1876 52975 28438 144010 232 112622 6892 116823 21119 45830 4826 4091 3225 39569 2107 51562 4302 28066 167993 2235 14981 105977 102898 407 63001 4340 480 67201 15779 5758 4262 575 4349 5269 34655 157170 942 16180
internal_value=0 -0.00721529 -0.00602168 0.00384618 0.00504951 -0.00444374 -0.00471525 0.0026616 -0.00880779 -0.00813195 0.00988712 0.00245317 -0.00051245 -0.013195 -0.0115008 -0.00227242 0.004337 -0.0250606 0.00797137 0.00458957 -0.00153754 0.0109753 0.00128593 0.0127728 0.00166149 -0.0326523 0.00357273 0.00249858 -0.00179352 -0.00675056 -0.00720141 -0.03394 -0.00220619 0.000810902 0.0107981 0.0211447 -0.000797503 -0.0122468 0.00383029 -0.0160931 0.00468675 0.001792 -0.013986 -0.010205 -0.0116276 -0.000881835 -0.00147368 0.00237065 0.000364862 -0.00262196 0.0023725 -0.0164046 0.00674845 -0.00397499 -0.0235234 -0.0199995 -0.0158998 -0.00773266 0.00163212 -0.0135419 0.0168059 -0.00313947
internal_weight=0 8192.89 7841.38 15650.9 14222.7 7239.44 7213.22 9523.35 3653.99 1428.25 4699.33 9491.05 3559.23 2180.54 1201.52 3080.66 6447.43 601.935 3840.64 6398.84 3043.62 2204.26 335.641 1868.62 1646.37 351.508 5551.83 4616.03 1277.8 1434.3 886.204 301.052 1473.45 1592.12 478.566 176.794 2923.67 2114.28 1636.38 300.883 301.772 894.964 1733.24 382.835 371.843 1385.17 2799.04 1456.8 2036.54 1156.3 729.187 1235.52 288.55 1070.15 315.321 80.898 281.173 153.184 1412.35 865.63 1003.59 605.031
internal_count=2229471 1536215 1276077 693256 585438 1085360 1085118 512352 713374 107818 73086 512206 371744 574495 101245 341036 238408 190717 65620 230736 273798 28421 5341 23080 157888 260138 221732 193294 49284 183148 43789 124852 138879 156012 30708 8917 253526 527378 37199 65865 21791 31836 487809 17448 17216 151807 250301 35092 147403 73674 21599 392364 20081 69334 57456 6333 20717 9618 34685 224371 11258 23072
cat_boundaries=0 2 4 6 8 10 12 14 16 18 20 22
cat_threshold=33556552 25313288 1885339904 304152738 1011647123 104367415 2819671219 203555353 3494130212 805313856 105382152 33579140 16786481 68485121 1884432661 839690810 16785568 2720272 2357330052 206084416 268436224 4554784
is_linear=0
shrinkage=0.05


Tree=41
num_leaves=63
num_cat=11
split_feature=26 38 21 53 21 7 53 57 39 59 6 38 38 16 38 21 38 38 26 59 26 21 26 18 7 0 45 16 45 58 43 34 41 45 57 26 58 39 26 26 20 21 44 59 34 27 38 6 26 46 6 39 38 46 38 21 56 21 42 44 26 22
split_gain=232.282 88.2317 82.3192 77.4789 78.6376 67.6156 49.3855 41.3542 46.0975 41.597 38.9067 34.5245 28.8551 24.38 22.2739 22.2371 21.2885 21.0173 19.558 18.5845 18.2024 21.1681 17.0495 16.8139 15.4812 16.9465 15.4433 13.793 13.0357 12.7901 12.4958 12.2089 11.8106 11.5074 11.3841 11.286 10.8235 12.7981 11.7944 10.6292 10.3393 10.69 9.96645 9.89439 11.31 9.88032 9.77741 11.6389 9.74109 9.41453 8.99877 10.9058 24.4531 13.0269 11.1346 11.3413 8.84302 8.75071 8.59817 8.57781 9.49956 10.0015
threshold=0.17402119934558871 0 13.500000000000002 1.0000000180025095e-35 3.5000000000000004 4.5000000000000009 1.0000000180025095e-35 1.0000000180025095e-35 7.5000000000000009 0.28991597890853887 0.36456100642681127 1 2 1.5000000000000002 3 16.500000000000004 4 5 0.37541946768760687 0.68333333730697643 0.53871130943298351 7.5000000000000009 0.50083056092262279 31.500000000000004 101.50000000000001 2540.808227539063 6.5000000000000009 14.500000000000002 14.500000000000002 1.5000000000000002 1.0000000180025095e-35 16.500000000000004 6 2.5000000000000004 1.0000000180025095e-35 0.30782540142536169 1.5000000000000002 1.0000000180025095e-35 0.34094634652137762 0.34094634652137762 151.50000000000003 1.5000000000000002 20.500000000000004 0.43303571641445165 16.500000000000004 3.5000000000000004 7 0.26443898677825933 0.38476800918579107 23.770822525024418 0.46979299187660223 1.0000000180025095e-35 8 24.249505996704105 9 56.500000000000007 6.5000000000000009 15.500000000000002 10 44.500000000000007 0.42237871885299688 62.236110687255866
decision_type=2 9 8 2 10 8 2 2 2 2 10 9 9 2 9 10 9 9 2 2 2 10 2 8 8 10 10 2 10 2 2 2 1 10 2 2 2 2 2 2 2 10 2 2 2 10 9 8 2 8 10 2 9 10 9 10 2 10 1 2 2 10
left_child=1 -1 -3 4 18 27 10 9 14 12 11 16 20 28 56 -14 32 19 -2 -11 21 30 31 -22 -18 43 -23 36 46 48 -7 33 49 -19 -12 -32 37 38 -6 -17 41 -20 -24 -26 -45 -29 47 -13 -16 -4 51 54 53 -53 -28 -56 -9 -47 -40 60 -57 -62
right_child=3 2 6 -5 5 7 -8 8 -10 17 34 13 15 -15 29 39 24 22 40 -21 23 26 42 -25 25 -27 50 45 -30 -31 35 -33 -34 -35 -36 -37 -38 -39 58 -41 -42 -43 -44 44 -46 57 -48 -49 -50 -51 -52 52 -54 -55 55 59 -58 -59 -60 -61 61 -63
leaf_value=-0.03427150653410823 -0.027583964328048379 -0.033252821744780385 -0.054012296026406649 0.057364970217647498 0.0021461737938910236 -0.074107579610546162 0.065194361538567502 -0.062461790350263648 -0.050504664209706618 0.0012743922089398733 0.013429077515677497 0.032254352150614667 -0.016512985152074739 -0.0037665991066392814 0.024040560617767291 -0.0051143784185875285 -0.00097158284880489694 0.014920104546774997 -0.023774726777651044 -0.03387720239661858 0.017229837157902307 0.0058610085055287161 0.0079877479897735425 0.0044763533479408599 -0.012514591503444944 -0.0008477519887025403 0.0044042394107014051 0.018265565303849773 -0.020240553951341125 -0.011945978560413292 -0.020536392662941862 0.021004663398004525 0.014206688498483916 0.0041038603004426117 -0.040023768335836755 -0.003493411534598367 0.018984975862011019 -0.0015590246819887849 0.0042068692578611849 0.0049083480151243513 0.014600427890989183 -0.006467047562338602 0.019675801722170344 -0.009096580762018457 0.022828552806300872 -0.00088572745816344967 -0.015646190998155111 -0.0075304127288185439 -0.0029911977782801254 -0.0020577478196000657 0.026145831501201741 -0.039479272081702627 0.0024091858653381474 -0.011404977722567653 0.0016296456847667965 -0.0012000002831371787 0.017950849696531265 0.015363847753875349 0.018501564067669164 -0.022898912321687819 -0.0086577032527051234 -0.043895211024736536
leaf_weight=286.11049691921653 175.94384657037881 273.01055466549951 9.2062601668876578 64.752567018033005 327.8923917975626 6.0773927552509113 23.764776530704694 25.977303488150941 70.694162390616839 125.02947692068119 301.47451955170254 18.026921232769382 336.05853597263194 823.32541766887152 67.868050607925397 857.04269090187154 1663.569883694734 282.52419132072828 115.32441548179486 52.730888560559833 322.86502574989572 1787.0102468743135 303.62481414241483 1285.7101397110964 1100.4681082091047 612.1814468523371 1529.9675243242382 806.82811919087544 592.43722585706564 111.13555712235393 123.17219973272586 134.7181180689804 240.89693555253689 1867.1336910592363 9.3510686663212237 448.95090833837457 188.19143389433157 375.13683762852452 149.65794972586446 381.50697734049754 43.917497219867073 388.6333774519444 463.97767915215809 73.867332655630889 43.091991321038222 151.46063432528172 590.54416071307423 564.68123162633856 64.196000519732479 60.476790568165598 32.274625146528706 47.296319597982801 472.25991562307172 299.95799307894777 981.64154302552924 383.31028168037301 3.4703803888696703 181.62536868022289 358.83760826056823 75.07674226758536 74.724291465478018 26.931349818769377
leaf_count=226401 40923 115789 718 331 3855 457 335 8125 14284 13397 11651 2842 49332 114602 4699 100102 109844 7877 10850 6607 3692 86239 5036 28104 281575 37876 64618 4859 200005 11538 20955 8066 10191 62185 1812 21567 1478 4004 1279 20453 940 19165 7390 12147 6317 1562 203127 104869 2946 3045 592 2352 36524 18362 54455 23275 643 1650 2601 6030 2254 1070
internal_value=0 -0.00753365 -0.00637806 0.00319714 0.00297856 0.0037271 -0.00529212 0.00227351 -0.0148244 0.00273682 -0.00555169 -0.00639208 0.00106565 -0.0108362 -0.00542216 -0.00509377 -0.0033279 0.007636 -0.013121 -0.00879232 0.00229779 0.00108615 0.00859606 0.00704528 -0.00445069 -0.00763611 0.00200963 0.0111897 -0.0141901 0.000476175 -0.00802209 0.00645298 0.00902063 0.00553169 0.0116978 -0.00719202 0.00785499 0.00611188 0.00955019 -0.00202564 -0.0084346 -0.0104669 0.015069 -0.0110461 0.00275959 0.0152739 -0.0111203 -0.00614125 0.0109768 -0.00840037 0.000254401 3.29867e-05 -0.0050881 -0.0149032 0.0014005 -0.00159951 -0.039676 0.00799432 0.0143109 -0.0072809 -0.00482096 -0.0183297
internal_weight=0 7286.49 7000.37 16373.1 16308.4 15584.5 6727.36 13044.9 343.341 12701.6 6703.6 6392.77 9471.83 2589.01 272.647 1574.61 3803.76 3229.74 723.819 177.76 7897.23 6288.65 3051.98 1608.58 3493.18 1829.61 5710.45 2539.63 1765.69 243.2 578.201 2284.38 310.58 2149.66 310.826 572.123 1399.72 1211.52 836.388 1238.55 547.875 503.958 767.602 1217.43 116.959 1139.91 1173.25 582.708 132.064 69.6831 3923.44 3891.17 819.514 347.254 3071.65 1541.68 29.4477 333.086 508.496 560.043 484.966 101.656
internal_count=2229869 1443146 1216745 786723 786392 714514 1100956 693226 42235 650991 1100621 1087158 540433 625445 27951 169887 461713 110558 71878 20004 370546 338750 90554 31796 447759 337915 295771 21288 510843 19183 42979 78128 13954 70062 13463 42522 13217 11739 7735 120555 30955 30015 12426 300039 18464 8071 310838 107711 7645 3763 209532 208940 57238 20714 151702 87084 8768 3212 3880 32629 26599 3324
cat_boundaries=0 2 4 6 8 10 12 13 15 17 19 20
cat_threshold=33556552 25182216 4054860164 979470816 3493870085 839751792 1342185476 268500992 1073741824 4194304 109613575 672309266 12 139235840 532496 3493855233 302252096 1346379776 268699712 1
is_linear=0
shrinkage=0.05


Tree=42
num_leaves=63
num_cat=14
split_feature=26 38 23 53 23 59 38 53 38 23 7 38 21 57 39 59 38 16 45 21 47 38 39 38 38 57 25 2 57 38 28 18 38 23 51 23 20 32 44 23 23 50 38 23 26 26 21 57 58 58 41 59 38 45 23 26 34 46 6 47 45 38
split_gain=233.849 94.5759 76.2833 74.1307 68.5641 52.6045 84.2165 43.3504 42.4207 45.9444 40.1961 27.3942 24.1645 23.311 29.3217 22.0412 20.7838 17.8491 17.536 33.7289 16.8483 15.6688 15.075 40.5828 19.8712 14.6203 13.7203 12.7678 12.4526 14.9563 12.4345 12.4208 12.2171 12.0982 11.9908 11.9039 16.9567 11.4971 11.9231 11.3796 11.2607 11.2586 13.8039 11.0459 10.8721 10.7341 10.3879 10.3476 10.2569 10.2533 10.8027 13.4937 12.0611 12.2559 11.8065 11.2857 13.8751 10.119 9.93276 9.47383 11.1684 9.40819
threshold=0.25495098531246191 0 0.18230605870485309 1.0000000180025095e-35 0.27849131822586065 0.26201373338699346 1 1.0000000180025095e-35 2 0.53338518738746654 5.5000000000000009 3 3.5000000000000004 1.0000000180025095e-35 6.5000000000000009 0.16333333402872088 4 2.5000000000000004 5.5000000000000009 17.500000000000004 9.5000000000000018 5 1.0000000180025095e-35 6 7 1.0000000180025095e-35 1.5000000000000002 2.1000499725341801 1.0000000180025095e-35 8 7861.0000000000009 32.500000000000007 9 0.54867777228355419 0.17500000447034839 0.5189291536808015 12.500000000000002 1.3700000047683718 8.5000000000000018 1.1191179156303408 0.06471655517816545 1.0000000180025095e-35 10 0.050039123743772514 0.036297759041190154 0.30649213492870336 17.500000000000004 1.0000000180025095e-35 2.5000000000000004 2.5000000000000004 11 0.48529411852359777 12 2.5000000000000004 0.54867777228355419 0.16007812321186068 5.5000000000000009 21.443879127502445 0.21249699592590335 232.50000000000003 6.5000000000000009 13
decision_type=2 9 8 2 8 2 9 2 9 10 8 9 10 2 2 2 9 2 10 10 2 9 2 9 9 2 10 10 2 9 2 8 9 10 2 10 2 2 2 10 10 2 9 10 2 2 10 2 2 2 1 2 9 10 8 2 2 10 8 2 10 9
left_child=1 39 16 5 12 8 25 10 18 30 26 28 43 15 32 22 40 -11 34 20 -20 -17 24 -24 31 -7 37 44 49 -30 -10 -12 -15 -28 47 -26 -37 -6 -39 -1 -3 42 -35 -2 -21 57 -18 61 59 50 51 -8 53 -53 -55 56 -52 -14 -22 60 -23 -4
right_child=4 2 3 -5 7 6 11 -9 9 17 13 -13 45 14 -16 21 46 -19 19 27 58 48 23 -25 35 -27 33 -29 29 -31 -32 -33 -34 41 -36 36 -38 38 -40 -41 -42 -43 -44 -45 -46 -47 -48 -49 -50 -51 55 52 -54 54 -56 -57 -58 -59 -60 -61 -62 -63
leaf_value=-0.04160941927425673 -0.035305139639537901 -0.035498156512891892 0.0025707896659065317 0.064612148250692766 0.020721661583491022 0.031507808774288236 -0.013835545372824566 0.055739283183510659 -0.027721092266796851 -0.010190769625104587 0.010990833738258883 -0.0083365738546859192 0.019044037965823244 -0.032834330572340989 -0.046227235301088049 0.011079955972030816 -0.040467626326991898 -0.00089599798959951881 -0.001428301877563906 -0.034075661188095997 0.072030344371844829 0.010863073253173844 0.013511152181225717 -0.0091127785630259594 -0.015337047849093047 -0.02482165939135321 -0.0030971855824463465 0.013775249104547201 0.0078472192410799068 -0.041617078885772416 -0.015501214596623694 0.003935879948602318 0.0021337355130742084 -0.0021018757019599507 0.014490000868104175 -0.0076814648540420548 0.0081602949885547348 -0.012769469990849472 0.013069238866656015 -0.019666712166958904 -9.9561688831930478e-05 0.023494245707519526 0.011055246040695157 -0.012062324082916303 -0.003840393986748708 0.00051518872777696974 -0.015635890579888748 -0.043021516338256988 0.011480659071993221 0.016888298996580675 -0.070558731441918127 0.018215829046429939 0.016191151540137085 0.023506899579786165 -0.039454385323453349 0.0055909396400104531 -0.011640321305984712 -0.018127897926825159 -0.026001476251766575 -0.021143353882115162 -0.0026446469695892028 -0.0040645026857538107
leaf_weight=194.44641343750482 58.237015860810061 27.909892486080935 1144.6269042886888 38.237428794876905 538.99215812119655 267.50094937536051 58.934566087336862 42.135645066620782 338.820507613058 1383.4199671629613 759.50716783071402 715.52550545311533 20.189543114640401 17.870053632505005 47.095183162527974 1687.7765092008922 208.81124682433074 824.22644086078071 99.351028149452759 29.201626634996501 1.673662415705621 222.96206512887147 262.52760445169406 713.66958122972574 162.8832772377209 11.327006480350972 198.2894516303204 101.771380469203 29.585683711018646 19.729413364068023 554.88856243660848 3488.5757867035281 180.72216545966512 248.43233502062503 135.61008234304609 362.40273479933967 314.63138354272814 53.270095025538467 254.29585942463018 88.940020731788536 100.82496544573223 140.10480527859181 1042.403062569676 395.59608657714853 1998.4126294474845 971.89315358533349 54.89829342556186 13.406134054821448 271.69382909953129 183.1988310541492 10.467842511192428 25.912457968879608 273.71203967111069 8.9465273453242826 31.258737436204683 92.8004710188834 83.274865733765182 140.93872539782024 296.13624010419881 47.802044899843168 482.29741997386736 982.92330113111166
leaf_count=184336 11923 9482 86528 428 3069 12859 5825 198 148217 298135 13828 104128 875 5590 10203 39303 106104 67865 8391 5939 650 6922 20953 34559 14444 3086 1880 3576 2834 5039 175619 120298 12012 2890 6295 24873 21217 666 1867 44574 19177 765 8605 34751 210667 43840 22647 2331 8280 9731 839 1258 13872 714 3523 4557 7960 18426 88780 2982 18962 80255
internal_value=0 -0.00566695 -0.00484477 -0.0039785 0.00436174 -0.00425505 0.00342701 0.0057017 -0.00601644 -0.0105659 0.00551351 -0.00125628 -0.00538055 0.00396409 -0.011197 0.00438972 -0.0264357 -0.00672254 -0.00304894 -0.00592222 -0.0192805 0.00813552 0.00271315 -0.00297594 0.00380504 0.0281336 0.0111561 -0.00342284 0.00496681 -0.0190874 -0.0201598 0.0051873 -0.00269973 0.00846399 0.00012767 -0.00320749 -0.000318303 0.0163211 0.00856712 -0.0336335 -0.0074168 0.0100671 0.00859269 -0.015116 -0.00429242 -0.00147113 -0.034089 -0.000788393 0.00314131 0.00659771 0.00335349 0.00788718 0.0119154 -0.00711515 -0.0252137 -0.00640726 -0.0188948 -0.0133815 -0.0252113 0.000163019 0.00163504 -0.000502187
internal_weight=0 10430.7 10147.3 9754.88 13127.2 9716.64 1812.17 11540.3 7904.47 3101.36 11498.2 1533.35 1586.85 9022.42 245.687 8776.73 392.444 2207.65 4803.11 2526.55 397.161 2712.53 6064.2 976.197 5088 278.828 2475.79 2129.39 817.821 49.3151 893.709 4248.08 198.592 1629.23 2276.57 839.917 677.034 846.558 307.566 283.386 128.735 1430.94 1290.84 453.833 2027.61 1133.02 263.71 2140.96 1024.76 768.506 585.308 398.764 339.83 66.1177 40.2053 186.543 93.7427 161.128 297.81 753.062 705.259 2127.55
internal_count=2230402 1746221 1517311 1359901 484181 1359473 176225 374366 1183248 689836 374168 160280 109815 354426 27805 326621 157410 366000 493412 318003 97821 76449 250172 55512 194660 15945 19742 220182 56152 7873 323836 134126 17602 14140 175409 60534 46090 5602 2533 228910 28659 12260 11495 46674 216606 63141 128751 169114 37146 48279 38548 25192 19367 5495 4237 13356 8799 19301 89430 28866 25884 166783
cat_boundaries=0 2 4 6 8 10 12 14 16 18 20 22 23 25 27
cat_threshold=33556552 25182216 2367160450 6300354 1354772772 977897634 1881456912 301996292 3628212224 440409184 1076125952 268966368 603980548 676963330 3503469444 839920096 2129920 33556480 1342185476 268500992 4194560 34115872 212 2392064 256 1342189860 805371904
is_linear=0
shrinkage=0.05


Tree=43
num_leaves=63
num_cat=11
split_feature=27 55 16 38 23 21 38 38 55 21 38 7 43 25 23 21 23 27 59 57 58 59 2 50 38 59 38 21 38 38 27 57 45 59 5 23 38 17 2 58 34 57 34 21 6 34 23 22 7 45 38 5 47 38 57 6 47 45 8 23 21 47
split_gain=196.992 99.2923 75.2477 74.4736 51.9153 41.8053 42.4246 39.8256 36.0417 31.8428 28.5123 27.9854 27.6727 24.0911 22.7132 21.136 19.1639 18.4353 18.2701 17.935 18.9284 16.7833 14.8185 14.3191 17.0576 14.0871 13.8658 14.7702 13.7312 13.4629 12.8413 11.9599 12.0749 13.3395 11.953 11.4326 11.184 10.8061 10.5888 10.5565 10.0896 9.93422 9.63649 9.51224 9.49017 8.95276 8.91752 8.85274 8.67268 8.5169 8.5053 8.43159 8.42844 8.68273 8.39137 9.68559 8.3664 8.14939 8.11408 8.06611 7.90031 9.38764
threshold=10.500000000000002 216.00000000000003 1.5000000000000002 0 0.25019684433937078 5.5000000000000009 1 2 237.50000000000003 3.5000000000000004 3 96.500000000000014 1.0000000180025095e-35 1.5000000000000002 0.59229117631912243 14.500000000000002 0.5189291536808015 22.500000000000004 0.48529411852359777 1.0000000180025095e-35 1.5000000000000002 0.45227272808551794 4.2508502006530771 1.0000000180025095e-35 4 0.10263158008456232 5 8.5000000000000018 6 7 3.5000000000000004 1.0000000180025095e-35 6.5000000000000009 0.73214286565780651 4.7700500488281259 1.0930581688880923 8 10.500000000000002 1.7541999816894533 2.5000000000000004 19.000000000000004 1.0000000180025095e-35 27.500000000000004 323.50000000000006 0.34611999988555914 5.5000000000000009 0.069457139819860472 337.50000000000006 47.500000000000007 13.500000000000002 9 3.4193500280380253 71.500000000000014 10 1.0000000180025095e-35 0.54139900207519542 164.50000000000003 8.5000000000000018 1.0060467123985293 1.0127727985382082 13.500000000000002 127.50000000000001
decision_type=8 8 2 9 8 10 9 9 8 10 9 8 2 10 8 10 10 8 2 2 2 2 8 2 9 2 9 10 9 9 10 2 10 2 10 10 9 2 10 2 2 2 2 10 10 2 10 10 8 10 9 8 2 9 2 10 2 10 10 10 10 2
left_child=1 -1 7 35 40 16 39 9 -6 -3 14 34 44 37 -10 -9 30 -14 41 21 29 22 -11 24 31 -26 -24 -28 -20 -21 -4 32 33 60 47 -2 -23 -8 46 48 -5 -16 -38 51 -13 -31 -32 50 -7 -25 -12 -29 53 -19 55 56 -17 -52 -34 -39 61 -15
right_child=3 2 5 4 8 6 13 15 10 19 11 12 17 23 18 54 -18 52 28 20 -22 36 26 49 25 -27 27 43 -30 45 38 -33 58 -35 -36 -37 42 59 -40 -41 -42 -43 -44 -45 -46 -47 -48 -49 -50 -51 57 -53 -54 -55 -56 -57 -58 -59 -60 -61 -62 -63
leaf_value=0.061026007776742899 -0.038207250687461038 -0.02269880620557228 -0.0034597623420500249 -0.017336681847445506 0.066296669341111697 0.013264569109888559 0.0065515885103508108 -0.034115917826022094 -0.015938439251803157 0.018574944784555094 -0.011025197145506493 -0.0052577606064337966 -0.012626661086544592 -0.021340997771130885 -0.0010537111028095867 -0.0096114278000463474 0.0099577444565951568 -0.0010525828956374978 -0.0039917917729999008 0.017972689377675738 -0.031531133417384248 -0.012525439885149675 0.0020222632147614576 0.016549238599164014 -0.003109339583059935 0.0043226729597244341 -0.018611363559898304 0.041692913569235462 0.022059996843419694 -0.002707353162830755 -0.039857988459874358 -0.023030883223537899 0.0031820347882680284 0.023197776046201012 0.019400635662496096 -0.016147199481147019 0.0064122657500940948 0.020599405141214791 0.038237936204025567 0.028611314522757527 -0.037740790455009339 -0.039481833958809769 0.035093365095012395 -0.017728244647301421 0.027777236147287922 -0.055189270125550666 -0.014360707356900338 0.057721398596343766 -0.00023464752803924757 0.0012696659691870409 0.0028201823272963832 -0.002057317142566397 -0.034899754478561466 -0.024534905758580847 -0.035337762637349217 0.021289613075532895 0.0099710887316959464 -0.0097666083960041422 -0.013031239327999017 0.0090829823280176077 0.0088422909546029809 0.0035623802649740878
leaf_weight=70.868414246593602 240.55437483212154 152.17891436975333 546.23470526257006 108.50140826605639 16.225712386192754 1401.2431948088633 982.881754299975 85.83338569728221 237.86294228093175 98.189851815259317 338.71354603585496 434.55589952753508 613.64266035234323 45.534157303205575 1423.1084244938247 945.66227570538467 178.91941921570105 59.339328435125935 76.496345852399827 45.075567198829958 88.016411560529377 68.571372992490069 2100.1267136536335 294.75917129786103 1834.3468341518965 976.03284787513257 150.94952563787228 10.069587677266098 144.83501153554244 19.458196655614302 39.393558826384833 37.444424991350388 1953.9322629488015 139.19675940374145 54.519905574969016 80.479961724602617 1159.8261709054059 314.85134700586786 7.7206986735691308 103.319239227043 145.23667400715203 16.020599980227416 29.109718171472196 97.4097577057546 21.895681273454102 13.089353081537409 249.6197701209021 4.6918146990356027 129.97446818625031 132.11707754232339 407.98622353325482 2205.7238983259158 167.63298465083426 230.66906976232713 27.278375941867125 27.142300373350736 57.089462433767039 186.59651591129659 79.366032314748736 298.54713847558014 1045.0864555109583 201.65922839952691
leaf_count=330 215218 26629 15773 47076 178 14719 15205 33315 46454 2566 51497 47474 193058 2117 167486 204170 4065 25818 3485 3398 17597 7257 89629 4038 89184 32408 21637 1081 6637 787 8897 3132 55722 1837 866 42658 45036 2634 221 1186 86157 2980 1110 10552 788 5000 20471 792 4360 2389 43579 214714 98906 99095 7885 1084 13275 30954 2360 2775 21873 5941
internal_value=0 0.00236966 0.00214011 -0.00881016 -0.00714945 0.00476196 0.00574915 -0.00176472 -0.00590235 -0.000183191 -0.00618241 -0.00965231 -0.0139354 0.00428577 -0.00151428 -0.0102964 -0.00486596 -0.0183249 0.000551232 0.000383178 -0.0157941 0.000838406 -0.000544515 0.00298186 0.00238146 -0.000525744 -0.000959804 -0.00349515 0.0138912 0.00222403 -0.00802035 0.00470193 0.00502177 0.0085383 -0.00314921 -0.0317582 0.00596223 0.00981238 -0.0163758 0.0130985 -0.0291181 -0.00150862 0.00708386 -0.00251622 -0.00361584 -0.0191278 -0.0179615 -0.00447917 0.0121193 0.0118343 -0.00485331 -0.00183978 -0.0259214 -0.0206295 -0.00842936 -0.00768306 -0.00848772 -0.00112085 0.00254308 0.0150182 0.00694255 -0.00109244
internal_weight=0 18443.8 18373 5009.57 4688.53 10992.2 9970.29 7380.8 4434.79 6237.8 4418.57 2520.24 1527.74 8335.76 1898.32 1143.01 1021.89 1071.28 1660.46 6085.62 165.64 5919.98 4662.47 6739.48 6312.6 2810.38 4564.28 2464.15 221.331 77.6231 842.969 3502.22 3464.77 1431.48 992.508 321.034 1257.51 1596.28 296.734 1634.54 253.738 1439.13 1188.94 2313.2 456.452 32.5475 289.013 937.988 1531.22 426.876 933.296 2215.79 457.641 290.008 1057.17 1029.89 1002.75 594.583 2033.3 613.398 1292.28 247.193
internal_count=2229515 1018359 1018029 1211156 953280 311307 261880 706722 820047 446993 819869 592827 465139 241615 227042 259729 49427 416877 180588 420364 26782 393582 340179 221001 214574 121592 337613 247984 10122 9185 45362 92982 89850 31768 127688 257876 53403 20614 29589 20265 133233 170466 46146 226347 48262 5787 29368 126822 19079 6427 126030 215795 223819 124913 226414 218529 217445 74533 58082 5409 29931 8058
cat_boundaries=0 2 4 6 8 10 12 14 16 18 20 22
cat_threshold=33556552 29511688 1073741856 6553600 3522306184 441030886 1211629956 573055138 2975084695 872614339 3221225472 272662560 4 570425376 14680064 168331264 8396800 134774784 16827442 335578368 553927712 532
is_linear=0
shrinkage=0.05


Tree=44
num_leaves=63
num_cat=12
split_feature=26 55 23 21 38 55 26 38 21 7 15 17 5 6 38 51 58 39 38 23 39 38 38 38 26 26 44 7 1 21 34 45 34 46 22 2 23 23 39 21 46 26 21 44 21 39 38 39 38 38 21 21 3 38 23 30 22 46 56 22 44 38
split_gain=182.518 79.2391 71.9379 71.2625 70.9905 52.994 42.8395 30.6294 28.1725 26.8297 23.6768 22.7537 21.6182 19.6582 19.5476 16.5864 16.2622 16.1933 14.7691 14.2678 14.0921 45.3543 14.3622 13.955 13.3774 14.6195 13.0859 11.7171 14.0157 12.5787 15.5215 11.1608 10.7573 10.6961 10.1083 10.0332 10.0111 9.90056 9.71721 9.40738 11.9288 9.38677 11.0367 9.33408 18.451 9.83539 10.628 8.89207 25.6484 11.9322 10.6501 12.0158 8.88272 8.60205 8.74136 9.48973 8.52743 8.49479 8.36957 8.3636 10.537 8.32515
threshold=0.17402119934558871 326.00000000000006 0.27279774844646459 13.500000000000002 0 237.50000000000003 0.53871130943298351 1 3.5000000000000004 5.5000000000000009 1.5000000000000002 10.500000000000002 2.4057000875473027 0.53170400857925426 2 0.17500000447034839 1.0000000180025095e-35 4.5000000000000009 3 0.074544228613376631 1.0000000180025095e-35 4 5 6 0.26933041214942938 0.52960655093193065 11.500000000000002 16.500000000000004 156.50000000000003 28.500000000000004 24.500000000000004 14.500000000000002 80.000000000000014 54.01243972778321 185.16666412353518 1.9417999982833865 0.62889838218688976 5.5912530422210702 3.5000000000000004 17.500000000000004 39.61189270019532 0.36180344223976141 14.500000000000002 3.5000000000000004 303.50000000000006 1.5000000000000002 7 4.5000000000000009 8 9 294.50000000000006 184.50000000000003 0.021096999756991867 10 0.66781717538833629 0.85950002074241649 31.97500038146973 15.245833396911623 4.5000000000000009 38.57738113403321 27.500000000000004 11
decision_type=2 8 8 8 9 8 2 9 10 8 2 2 10 10 9 2 2 2 9 10 2 9 9 9 2 2 2 8 10 8 2 10 2 10 8 10 10 10 2 10 10 2 10 2 8 2 9 2 9 9 10 10 10 9 10 2 10 10 2 10 2 9
left_child=3 -2 8 -1 32 -6 9 12 19 52 36 23 15 16 26 27 20 -14 -18 -3 22 24 37 -8 -22 33 56 61 29 30 -29 58 -5 -26 -30 43 57 -11 -37 40 -23 42 -16 -31 45 -45 -47 49 -49 50 51 -20 53 54 -4 -56 -10 -9 -12 -57 -61 -7
right_child=1 2 6 4 5 7 11 10 14 13 31 -13 17 -15 41 -17 18 -19 47 -21 21 39 -24 -25 25 -27 -28 28 34 35 -32 -33 -34 -35 -36 38 -38 -39 -40 -41 -42 -43 -44 44 -46 46 -48 48 -50 -51 -52 -53 -54 -55 55 59 -58 -59 -60 60 -62 -63
leaf_value=-0.032129813260432065 0.058485815841444667 -0.030798452780820169 0.0013485826902224036 -0.021301978147538949 0.066051068363952053 0.011545136456040439 0.0071890685608035649 -0.0093065526857913725 -0.028630664472853173 0.0026804640100352023 -0.00018784741065068421 0.01621660207644773 0.018989700013901444 0.023277185701786763 -0.025579737357429973 0.0099916542012301116 -0.014285837428752779 -0.0062700316198168312 0.0021969703177929963 -0.011616405975024764 -0.0271665789919611 -0.040086481557354947 -0.0039042088645341181 -0.015162337888452846 -0.0058631571086343037 -0.082845309972269507 -0.0019932753472987311 -0.0058565193362323312 0.00070297185975034962 -0.0008656623773354834 -0.034694158437516852 -0.011950247592587764 -0.040455705873806244 -0.029787277401678126 -0.047484508232268324 0.023663282944953064 -0.010128225199466087 -0.012500207994841542 -0.0082814555241654628 0.0081232057226715039 0.0014694782414218215 -0.00093691942768734304 -0.0042119987721876547 -0.0016514496336170869 -0.018220669401446447 -0.021591855403228298 -0.0038880251086848925 0.0092673974294003713 -0.0077421848428009254 0.0096645597828868869 0.038263505249503643 -0.029235578417274467 0.032866808579594314 0.0040508666733444056 -0.018782904126781262 0.016880239917166827 0.01550420057061974 -0.02303734600787544 -0.030043528160042743 0.018028742384188511 -0.0048059306877244815 -0.0012352460181309229
leaf_weight=264.66980727547707 62.823821838130243 136.33772860281897 206.94337368232664 170.70647687320161 25.434796763787745 152.90073247054534 1859.4248699839809 159.66994442134455 10.769870839256326 3740.6147375199434 795.63026156725391 853.35767481543007 196.66539850989648 99.882269806636032 168.7135938350184 221.7308229399423 95.765680113763665 92.844224000429676 786.03790939439205 338.01255178981228 168.11358233052306 22.75345466347062 1251.8146268579221 63.382887504412793 346.74069737660466 5.8574479274684554 770.10651022079401 118.96168823321932 16.071949532350118 968.01512402269873 76.321425294947403 330.00874409692187 134.47143637699992 53.163074752650573 32.522204868258996 60.904168400011258 700.55264135284961 109.60066199034918 38.016438095815829 442.35856675021932 63.017781011047191 117.11610838372144 94.555159024675959 904.00360289102537 300.92041542151128 140.20483088957553 229.92275359248742 418.41128222645784 447.07479037742451 1219.7576544672193 18.620154324453324 30.626927125733346 32.812623801524751 1210.8110716609517 22.167497355490923 576.17662310614833 173.96272822057654 398.43148859657231 23.188184020560584 87.96094206138514 116.17953554529231 568.27114659512881
leaf_count=123914 288 31102 1641 103016 240 3001 39678 34183 453 167231 129197 8269 9309 2235 40382 15572 13812 6132 40534 33194 24056 3099 119916 4414 14880 293 39933 20460 3078 52354 21932 75990 134616 5650 24377 3748 169245 5053 4614 42517 8538 10820 13272 138305 88468 23160 33392 23136 26992 38268 506 1831 176 13873 173 3856 5415 202330 4478 605 1196 16772
internal_value=0 0.00288258 0.00266279 -0.00671924 -0.0057338 -0.00459915 0.00384758 -0.00489164 -0.00672915 0.00250908 -0.00935901 0.00942456 -0.00225026 0.00132507 -0.00300528 -0.00325272 0.00108476 0.0108953 0.00409563 -0.0171829 -0.000379492 -0.00550424 0.000728281 0.00640334 -0.0150709 -0.0103755 0.000868313 -0.00406941 -0.00549361 -0.00503107 -0.0172463 -0.00420235 -0.0289023 -0.00910999 -0.0318542 -0.00412199 -0.0141329 0.00223938 0.0114265 0.00508852 -0.00988945 -0.0124031 -0.0179503 -0.00473105 -0.00710463 -0.00446705 -0.0113209 0.00473574 0.000499749 0.00654166 0.00183768 0.00098386 0.00740425 0.00701331 0.0104161 0.0128794 0.0127909 -0.0191327 -0.00106895 0.0138018 0.0050731 0.00162941
internal_weight=0 16221.8 16159 7121.04 6856.37 6551.19 14349.4 6525.76 1809.57 11573.3 2407.48 2776.17 4118.28 9320.21 1335.22 3828.77 9220.33 289.51 3016.29 474.35 6204.03 1102 5102.03 1922.81 573.875 405.761 954.839 3607.04 2885.86 2837.27 195.283 1148.83 305.178 399.904 48.5942 2641.99 1258.65 3850.22 98.9206 528.13 85.7712 380.385 263.269 2543.07 1575.05 1274.13 370.128 2920.53 865.486 2055.04 835.285 816.665 2253.05 2220.24 1009.43 802.485 184.733 558.101 818.818 780.317 204.14 721.172
internal_count=2229170 787287 786999 1441883 1317969 1080337 612428 1080097 174571 560067 615423 52361 464674 538547 110275 449233 536312 15441 145079 64296 391233 99033 292200 44092 44879 20823 45801 433661 413888 386433 42392 209665 237632 20530 27455 344041 405758 172284 8362 54154 11637 64474 53654 335679 283325 194857 56552 131267 50128 81139 42871 42365 21520 21344 7471 5830 5868 236513 133675 5657 1801 19773
cat_boundaries=0 2 4 6 8 10 12 14 16 18 20 22 24
cat_threshold=33556552 25183240 4059578756 442597858 3863098888 654626852 571129967 538312724 3439247802 107217123 2043699732 839137520 1088422148 306708642 1075331460 35651586 2149856512 40408459 136328960 503423235 3489927172 264256 2148548608 272629760
is_linear=0
shrinkage=0.05


Tree=45
num_leaves=63
num_cat=10
split_feature=26 54 38 23 23 59 38 54 17 38 23 38 38 21 51 57 57 21 38 56 57 45 58 38 58 57 23 45 21 38 45 21 17 26 23 22 34 17 26 26 21 22 20 38 23 2 22 45 46 47 58 59 46 58 46 38 26 45 46 47 21 59
split_gain=175.805 78.0524 74.0515 66.7493 61.4491 50.0127 66.0394 37.9991 36.0092 32.2456 30.1239 29.8568 28.8832 21.1896 19.7471 19.4615 18.0574 17.5799 20.559 17.1758 17.1629 15.8422 15.7381 15.7036 17.4647 14.4659 14.4158 14.3465 20.724 13.7523 13.7123 13.4935 13.9404 13.1335 12.6847 12.5938 12.6583 12.1748 11.9351 11.5027 11.4464 10.9505 11.9491 10.9007 10.8641 10.8342 10.7648 10.6041 10.3725 9.87621 9.83397 9.67104 9.44394 9.41338 9.29729 12.4757 9.59419 18.342 19.23 11.1379 9.72355 9.83495
threshold=0.24012986570596698 1.0000000180025095e-35 0 0.18230605870485309 0.39410315454006201 0.26201373338699346 1 1.0000000180025095e-35 16.500000000000004 2 0.73257943987846386 3 4 2.5000000000000004 0.16499999910593036 1.0000000180025095e-35 1.0000000180025095e-35 7.5000000000000009 5 2.5000000000000004 1.0000000180025095e-35 1.5000000000000002 1.5000000000000002 6 1.5000000000000002 1.0000000180025095e-35 0.12767721712589267 5.5000000000000009 23.500000000000004 7 17.500000000000004 11.500000000000002 5.5000000000000009 0.40754985809326177 1.1191179156303408 83.071430206298842 13.000000000000002 9.5000000000000018 0.61556267738342296 0.61556267738342296 58.500000000000007 101.54999923706056 4.5000000000000009 8 6.9328830242156991 3.0662500858306889 192.16666412353518 4.5000000000000009 42.87512397766114 9.5000000000000018 1.5000000000000002 0.59166666865348827 17.095573425292972 2.5000000000000004 29.473908424377445 9 0.477826938033104 7.5000000000000009 50.437278747558601 190.50000000000003 8.5000000000000018 0.78888890147209179
decision_type=2 2 9 8 10 2 9 2 2 9 10 9 9 10 2 2 2 10 9 2 2 10 2 9 2 2 10 10 10 9 10 10 2 2 10 10 2 2 2 2 8 10 2 9 10 10 10 10 10 2 2 2 10 2 10 9 2 10 10 2 10 2
left_child=1 2 34 17 11 9 -7 8 14 16 -11 13 20 48 15 23 27 -4 -19 40 -8 -15 -17 24 39 38 -13 29 49 -5 33 54 -33 52 -1 36 -28 -12 50 45 -14 -41 -43 46 51 -6 -30 -42 -2 -29 -10 -26 -25 -46 -23 -56 60 59 -59 -58 61 -57
right_child=4 -3 3 5 7 6 12 -9 25 10 37 26 19 21 -16 22 -18 18 -20 -21 -22 31 -24 30 44 -27 35 28 43 -31 -32 32 -34 -35 -36 -37 -38 -39 -40 41 47 42 -44 -45 53 -47 -48 -49 -50 -51 -52 -53 -54 -55 55 56 57 58 -60 -61 -62 -63
leaf_value=-0.037609329805024641 -0.028214872786256041 0.061029860884347288 -0.039005294571006044 -0.0056942975705697174 0.0023867522065050728 -0.009128070915886034 0.028522545487167834 0.054431896965697772 0.0085649661718671371 -0.017319472546203453 -0.0079835626512936887 -0.028910693081953955 0.017022423547705133 0.018036525546718862 0.013912300039756922 0.0026425511774345305 -0.042672929904751501 0.0029033915797560773 -0.030815129275521616 -0.026201348981743533 -0.040027840424729656 -0.010574360678662513 -0.024098305591408253 0.029079961352162904 0.0066188251311263034 -0.022477501553228928 -0.0098530426881964679 -0.0014098562634114024 -0.00028932504491507372 0.0024619981477034319 -0.0051167904355514512 0.001721873770059761 0.019110123074403965 0.0085960057253333198 -0.01578125554449495 0.006375974231542696 -0.037389237977533872 0.0041056155900772223 0.022295782617876056 0.010507650552137267 0.010932952767828694 -0.0016760686381952776 -0.088318659352415618 -0.006452317222536837 -0.00090769886023159317 0.021571987121154889 0.025562092223055877 -0.0037728469206628965 -0.0065592489595988762 -0.019089560146734106 0.01872401960255243 0.017472578967022916 -0.002338372375476828 -0.076229533599700916 0.0078157455782703507 -0.0088691992264174555 7.6532104001034823e-06 -0.068293400648907515 -0.0039171719372936391 -0.033355348086281406 0.014291244466664599 0.018816071418026187
leaf_weight=202.79962853155303 81.985922036750708 43.190755256029661 155.3702154027269 762.20124799272162 4168.0922525622445 604.67438096403203 264.49255846197048 38.15454524778761 1621.8270432516874 960.07369543014647 1251.4450274402698 108.97518774375203 240.09641995409038 136.96075424258015 443.11198512425472 103.29122386399831 27.973812721684226 86.756018188483722 88.546648904866743 37.442588629943202 8.6125217281078204 279.64403713628417 116.30932341956941 23.716627869289368 391.85324072578805 31.165823579387506 411.60068407648942 101.14258738374338 743.47704052152403 1547.708957559109 844.53625174953777 393.68529129221133 162.12282957226853 589.86210677637428 102.14893034859415 106.2770157361374 45.694561491895001 249.14931589813204 223.0082017313689 710.93651361670345 248.04502401134232 13.090692655416207 4.7424922545906147 1215.5074898890307 12.29371597862337 73.93042712227907 41.574383667539223 240.65630687598605 168.35709521158424 362.42783735681587 279.54281828054809 434.44412458172883 741.05287889277679 5.2792986017884678 308.55411362247833 202.30263891315553 158.50758526672143 25.589800190762617 20.805385419691447 28.703557981993072 95.237666332308436 37.125749625061871
leaf_count=208384 9941 535 78147 80893 182800 101050 13039 183 19658 319496 229170 27206 14124 3450 5964 8252 6221 23459 45096 3254 2743 8866 18003 418 12695 1304 38577 9144 72373 118285 37899 14590 1896 16308 53647 9100 10408 13405 1681 13255 8513 316 147 160897 259 1238 4807 18157 10756 110082 2630 9015 35316 168 6682 13611 4482 860 618 1020 3784 1378
internal_value=0 -0.00527246 -0.00557892 -0.00475206 0.00356277 -0.00393658 0.00393655 0.00525729 0.00507907 -0.00571908 -0.0103644 -0.0030814 0.0115158 -0.000112962 0.00364138 0.00308699 -0.00330859 -0.0267824 -0.0157894 0.00631447 0.0252996 0.00173701 -0.0115655 0.0034899 0.00484663 0.0108617 -0.0121524 -0.00307598 -0.00572895 -0.000244622 -0.000119364 0.000423483 0.00681904 0.00299684 -0.0294117 -0.00908166 -0.0126801 -0.00597495 0.0113612 0.00372441 0.00810514 0.00952354 -0.0281836 -0.00351772 0.0115021 0.00272612 0.00109653 0.00369831 -0.0137354 -0.0152435 0.0100676 0.0123396 -0.00132734 -0.0264219 -0.0026535 -0.000118156 -0.00449059 -0.0123222 -0.0401164 -0.00525767 0.000862766 -0.00451592
internal_weight=0 9585.51 9542.32 9237.37 13642.4 8906.7 1644.02 10870.2 10832.1 7262.68 2460.67 2772.13 1039.35 2099.58 8676.54 8233.43 4802.01 330.673 175.303 766.24 273.105 1849.24 219.601 8013.83 5814.66 2155.54 672.547 4774.04 2464.13 2309.91 2199.17 1712.28 555.808 1354.63 304.949 563.572 457.295 1500.59 2124.38 4970.79 728.798 728.77 17.8332 2000.56 843.87 4242.02 785.051 488.701 250.343 463.57 1901.37 826.297 764.77 17.573 1156.47 876.826 568.272 233.606 46.3952 187.211 334.666 239.428
internal_count=2229655 1694921 1694386 1432355 534734 1285653 160880 367509 367326 1124773 562071 167225 59830 81934 342053 336089 562702 146702 68555 44048 15782 61237 26255 309834 219893 25273 85291 556481 357303 199178 89941 57787 16486 52042 262031 58085 48985 242575 23969 197756 40794 13718 463 238077 22137 184038 77180 26670 20697 119226 22288 21710 35734 427 41301 32435 25753 6980 1478 5502 18773 14989
cat_boundaries=0 2 4 6 8 10 12 14 16 18 20
cat_threshold=33556552 25313288 13022773 605914129 1908429221 977897650 3930743426 118673981 2300051586 6300358 3561100800 1040555104 3702813444 810364258 553664641 4720802 541065221 272662658 0 4128
is_linear=0
shrinkage=0.05


Tree=46
num_leaves=63
num_cat=15
split_feature=26 55 21 21 38 55 7 38 23 57 38 59 27 58 45 59 38 26 38 57 21 26 59 21 38 23 46 44 26 20 34 41 21 38 15 2 38 2 44 56 23 2 34 38 23 38 38 0 27 38 48 41 27 51 41 0 22 46 59 22 46 20
split_gain=168.175 76.4882 65.7062 64.4524 63.1622 49.826 41.422 27.9416 25.1312 23.9429 30.2332 24.2994 21.7906 21.5182 21.0982 20.7739 22.4005 18.584 18.3716 18.2098 17.3236 16.8121 16.0664 14.711 23.2147 17.3915 14.4097 14.0748 13.1235 13.6446 12.6642 12.3897 12.2341 19.0974 11.8478 11.7828 11.7133 13.402 11.629 11.5131 11.4978 12.0162 11.2218 10.8862 10.8744 10.0611 9.92717 9.80066 9.50208 9.43449 10.4274 9.70186 10.5494 9.41422 9.17755 8.55943 8.35434 8.34271 18.8416 10.2325 9.24676 8.61225
threshold=0.17402119934558871 193.50000000000003 5.5000000000000009 16.500000000000004 0 237.50000000000003 6.5000000000000009 1 0.33445380628108984 1.0000000180025095e-35 2 0.28991597890853887 2.5000000000000004 1.5000000000000002 14.500000000000002 0.30384616553783422 3 0.313496083021164 4 1.0000000180025095e-35 307.50000000000006 0.33398950099945074 0.70714285969734203 100.50000000000001 5 0.71593117713928234 28.086530685424808 82.500000000000014 0.56698718667030346 14.500000000000002 20.500000000000004 6 11.500000000000002 7 1.5000000000000002 4.336250066757203 8 3.0831999778747563 27.500000000000004 1.5000000000000002 0.050039123743772514 1.9417999982833865 80.000000000000014 9 0.74077317118644725 10 11 1100.1980590820315 23.500000000000004 12 4.5000000000000009 13 4.5000000000000009 0.16499999910593036 14 1168.1333618164065 47.038461685180671 37.941223144531257 0.26491229236125952 12.906926631927492 19.903301239013675 45.500000000000007
decision_type=2 8 10 8 9 8 8 9 10 2 9 2 10 2 10 2 9 2 9 2 10 2 2 10 9 10 8 2 2 2 2 1 10 9 2 8 9 10 2 2 10 10 2 9 10 9 9 8 8 9 8 1 10 2 1 8 10 10 2 10 10 2
left_child=3 -2 8 30 42 -6 21 15 12 11 -11 17 57 -12 34 19 -17 32 22 20 23 45 -13 24 -7 27 31 55 29 44 -1 -18 33 -8 47 -34 -19 53 43 -23 -14 -42 -5 -25 -10 -4 -40 -9 -16 -31 51 52 -51 -38 -28 -26 -48 58 59 -3 -61 -62
right_child=1 2 6 4 5 7 9 14 28 10 13 18 40 -15 48 16 26 36 -20 -21 -22 39 -24 38 25 -27 54 -29 -30 49 -32 -33 35 -35 -36 -37 37 -39 46 -41 41 -43 -44 -45 -46 -47 56 -49 -50 50 -52 -53 -54 -55 -56 -57 -58 -59 -60 60 61 -63
leaf_value=-0.01892230207087775 0.058447098415988864 -0.060959517232771612 -0.0081255866154333039 -0.020071644699447878 0.063196748778061071 0.00011627045832493966 0.0067712714132100536 -0.038882633719643754 -0.055544734949092317 -0.045462920532492276 0.010505151550177312 -0.00022708846003127985 -0.040496715928219323 -0.018088689053541426 -0.012631735165716454 0.017547973743542587 0.0052842747019997485 -0.017157051221212468 0.0074616023358320353 -0.05047737547090974 -0.018973365488321361 0.012204121635930487 -0.036520901131357565 0.019077399512941372 -0.038075219900352265 -0.002442465715861064 -0.0096218490564815018 -0.037698238855977312 0.011291206169351488 0.012694451758397472 -0.038798804408424689 -0.028240371804707731 0.017915010233242611 -0.019544690703197407 -0.0014545455350670996 -0.0013195941140970791 0.0026260114539624381 0.032494232948252016 0.006779481181607554 -0.011104703107365456 -0.018363102348612974 0.035754507327390071 -0.040344760844735081 0.0011228728001094824 0.012699585542233341 0.0056788716469757649 -0.025890977513226266 -0.0086397290925811221 -0.026201119142376633 0.017924946830949164 -0.030181449539861033 -0.015370084685405528 -0.024535577270502564 0.012383846898595003 0.0095632274318557184 -0.011444751268714302 -0.0036474148598286218 0.00097028356470940159 0.010732198130789379 0.015758530812187654 -0.032296246758029827 0.036219952793641735
leaf_weight=180.82461036981113 60.61188535252586 17.214361958613154 142.58310924528632 160.57782444144323 26.221930915082339 1144.8733421145807 98.930827646865509 26.678547372164758 20.925030129321389 43.369944723446679 128.2600974367524 101.87313049526711 59.600010763024329 133.09437603149854 591.60275384923443 251.94145416698302 44.408243524798308 60.14168912472087 2745.9758689430746 19.530566026689485 164.41583896212978 1899.0790346437134 42.526203290646663 161.89565322415729 31.70148694729869 377.15950468330993 77.057787093901425 67.423095304566232 195.7007790285279 70.819484168372583 148.737283275972 64.475420327071333 80.964552375065978 202.68665544106625 863.4759982652904 2784.5353903629293 4866.7663780490693 38.14643065421842 213.68080438641482 53.757070753723383 410.63026736908796 9.6233956982759974 123.43461418186416 180.45997288569924 7.5136442527873433 1021.1800086930452 48.500036984987673 939.61931374944834 166.09179047726866 72.081080956966616 40.075619067851221 62.593884770118166 17.366836036846507 259.51901150250342 215.5564258753293 435.75434258934547 290.22092842220445 264.32347119282349 49.939442065660842 14.942943833651951 57.747534534093575 4.1576914548641062
leaf_count=61166 263 1251 2656 101374 245 104483 10946 19477 1294 14364 7411 10303 19823 18331 137639 12151 3645 8561 85286 4665 19751 15104 5757 12534 21447 43928 6072 19952 3664 3291 88867 7061 3512 35001 130471 259892 177333 701 23192 601 61773 756 133726 16566 232 11941 5900 227540 88354 1331 3112 2439 1275 2787 14692 103751 33221 9552 1918 661 3823 83
internal_value=0 0.00284229 0.00262905 -0.00642935 -0.00536302 -0.00430376 0.00360671 -0.00459795 -0.00781842 0.00222993 -0.0115775 0.00260386 -0.0128192 -0.00392024 -0.00859119 -0.00184198 0.0062569 0.00124168 0.00655691 -0.00353705 -0.00322674 0.00872287 -0.0103796 -0.00234349 -0.00467092 -0.0105594 -0.00125899 -0.0164647 0.00130801 -0.00541283 -0.0279832 -0.0167328 -0.00178006 -0.0113413 -0.00571361 -0.000770061 0.00307344 0.00333906 0.00300617 0.0115571 -0.0200333 -0.0170419 -0.0280104 0.0102325 -0.0376953 0.00396103 -0.00148281 -0.00951404 -0.0156369 -0.00179164 -0.00744167 -0.00177606 0.00855502 0.00312232 0.00449342 -0.0133282 -0.00670194 -0.00431315 -0.013951 -0.0270308 -0.0187452 -0.0271919
internal_weight=0 16139.3 16078.6 7016.32 6686.76 6402.75 14703.4 6376.52 1375.26 11586.8 304.724 11282.1 888.179 261.354 2587.47 3789.05 653.439 8391.69 2890.38 3135.62 3116.09 3116.6 144.399 2951.67 2056.91 912.038 401.498 534.879 487.076 291.376 329.562 108.884 3167.12 301.617 1829.77 2865.5 5224.57 5164.43 894.757 1952.84 479.854 420.254 284.012 342.356 28.4387 1163.76 552.402 966.298 757.695 262.937 192.117 152.042 89.4479 5126.29 292.614 467.456 338.721 408.325 144.002 94.0625 76.8482 61.9052
internal_count=2228898 787028 786765 1441870 1291837 1056737 670487 1056492 116278 640185 40106 600079 99640 25742 603481 453011 43621 498733 101346 409390 404725 30302 16060 384974 293561 189078 31470 145150 16638 12974 150033 10706 309351 45947 377488 263404 189382 180821 91413 15705 82352 62529 235100 29100 1526 14597 62313 247017 225993 11448 8157 5045 2606 180120 20764 125198 39121 17288 7736 5818 4567 3906
cat_boundaries=0 2 4 6 8 10 12 13 15 17 19 21 23 25 26 27
cat_threshold=33556552 25183240 3786424740 979468770 1342185732 809828736 2704277888 6291650 101188199 672303122 1073742084 973176864 96 2697105920 637538560 2819670323 203564636 1085292672 6389824 74453664 33056 16793632 6291650 2415964416 307237056 30 40
is_linear=0
shrinkage=0.05


Tree=47
num_leaves=63
num_cat=15
split_feature=27 55 23 38 17 23 38 38 57 13 6 38 26 2 34 38 59 39 57 39 38 59 38 27 21 21 56 59 39 39 50 38 38 23 22 59 39 21 38 26 1 6 38 20 0 2 38 26 22 43 21 46 21 26 45 6 32 22 38 41 46 38
split_gain=144.306 83.7361 61.2856 56.88 52.5424 49.9988 30.0373 28.9555 24.4706 22.964 22.6318 25.026 21.2914 23.0443 19.879 19.5045 14.531 21.2577 14.4512 27.3596 21.9452 15.4808 18.2842 14.4054 15.909 13.9675 13.4821 14.1431 15.5237 16.0068 13.4207 13.3066 12.9203 12.9131 11.9952 11.9194 11.8563 11.7891 11.5707 11.487 14.308 11.2359 10.8119 11.1724 10.7051 10.7038 10.36 10.2604 10.478 9.73727 9.60766 10.4765 8.9677 9.65312 9.57376 8.90751 12.7135 8.72513 10.662 8.57419 8.49456 8.40023
threshold=10.500000000000002 216.00000000000003 0.16198525577783587 0 4.5000000000000009 0.55565711855888378 1 2 1.0000000180025095e-35 1.0000000180025095e-35 0.37401100993156439 3 0.61556267738342296 3.7786999940872197 7.0000000000000009 4 0.41885964572429663 1.5000000000000002 1.0000000180025095e-35 5.5000000000000009 5 0.44722221791744238 6 1.5000000000000002 6.5000000000000009 32.500000000000007 1.5000000000000002 0.40588235855102545 1.0000000180025095e-35 6.5000000000000009 1.0000000180025095e-35 7 8 0.050039123743772514 40.148351669311531 0.70714285969734203 3.5000000000000004 59.500000000000007 9 0.036297759041190154 171.50000000000003 0.53170400857925426 10 73.500000000000014 14414.023925781252 3.913600087165833 11 0.60038760304451 53.041666030883796 1.0000000180025095e-35 3.5000000000000004 66.773044586181655 21.500000000000004 0.11776661872863771 15.500000000000002 0.22906349599361422 7.6400001049041757 120.09999847412111 12 13 41.538461685180671 14
decision_type=8 8 8 9 2 8 9 9 2 2 10 9 2 10 2 9 2 2 2 2 9 2 9 10 10 10 2 2 2 2 2 9 9 10 10 2 2 10 9 2 10 10 9 2 10 8 9 2 10 2 10 10 10 2 10 8 2 10 9 1 10 9
left_child=1 -1 14 9 6 15 18 8 12 -2 11 16 13 26 50 25 17 55 21 20 -20 23 -23 34 -25 -5 27 28 44 42 41 35 -31 -16 -4 -24 -10 -17 -18 40 49 -9 -30 -44 -6 -35 -36 48 -48 -13 51 -3 -8 54 -54 56 -7 -47 -59 -52 -28 -57
right_child=3 2 4 5 7 10 52 30 36 -11 -12 39 -14 -15 33 37 38 -19 19 -21 -22 22 31 24 -26 -27 60 -29 29 32 -32 -33 -34 45 46 -37 -38 -39 -40 -41 -42 -43 43 -45 -46 57 47 -49 -50 -51 59 -53 53 -55 -56 61 -58 58 -60 -61 -62 -63
leaf_value=0.057833151162231693 -0.029414504605354771 -0.019180600667522738 0.0071294534545041869 -0.013115365961129281 0.0062192780201717002 0.072963324555439718 -0.025532023260166771 0.00025770330016188897 -0.0073306607219997561 -0.010068537331567725 0.015039265811386421 -0.0055308830697984174 0.017510290650649754 0.037317005743112849 -0.043910002246447935 -0.028818623926938677 0.021686485169855038 -0.011969778418223789 0.0065380992468698981 -0.043006962186377944 -0.037043371794052253 0.028006025128631401 0.00076842913749590718 -0.015300688706057265 -0.00058824458978040998 0.011655286881803058 -0.024733395625954096 0.013437948524804672 -0.016323441007943237 -0.0077195429453263444 0.010859453951686929 0.0053882367337468196 0.021945076799842839 0.030184239121970421 0.014597314676806273 -0.035139852182170458 -0.053778032945223687 -0.0048120657761931843 0.00095537542922761618 -0.0052920049201775491 -0.046284747253990406 0.028583224849696998 0.00061334565800804904 -0.052947216564810544 0.01539989663899162 -0.025356163426339645 -0.024593134665588656 0.0060790919923933264 -0.0034348544518534706 -0.019301731652711786 0.0057777753988065735 0.013798905540965502 -0.0066370027452795207 -0.0028364367988862431 -0.022967895878565556 -0.0045327412052055711 -0.042766603212434889 0.016229397411789134 -0.019983106853734826 -0.011480834154143027 0.0022228440139272672 0.0035982445543662222
leaf_weight=65.968737892108038 387.6745575352179 164.94503146482748 1104.7054113920894 261.45713336927292 2023.1305029098439 8.1072530781966616 68.94555020788539 2801.444464645625 40.527511872613104 255.86188046467942 164.46798613714054 244.95531004367513 561.07715552998707 61.259184165624902 55.185237948415306 342.59479262040622 111.41551334146061 417.02943566050817 143.56938059060485 52.066007204804919 24.572706949344138 75.36755023340811 54.07146953366464 189.99463155088597 4843.1936302260001 71.825011085180449 52.58680813095998 726.75644435096183 131.82283178064972 50.244067239807919 359.08172028011177 1527.9274186375551 108.90919744095299 10.579751921621208 61.813994838681538 39.306026260455837 20.093064897359 60.608985094018863 164.04975716224726 721.09373884680099 33.204225643617974 34.453479026153218 454.39227477567329 8.9492070336709713 376.59176795079838 162.60307147439744 98.189809128904017 113.49404478538781 143.63681011367589 271.29885972316697 199.85347307339543 27.429122548463056 226.39571460067236 569.17296287239151 149.02904929729993 497.19341153439746 2.4647620802861629 29.119467706797877 30.636998825459159 98.255970643018372 63.956759708933532 836.87201603068388
leaf_count=313 313543 17385 27567 77518 34585 822 19900 90365 1364 80264 6918 30012 5044 349 23417 135176 5754 70696 10488 13477 9084 2163 5003 17402 370800 15536 1089 7809 2747 888 4355 51037 1587 1382 1920 4832 1959 15864 12240 131917 30862 265 8975 294 2510 44171 3242 2166 4288 112174 6987 1264 43617 111442 38416 84935 1243 6105 11064 4041 1278 86766
internal_value=0 0.00202551 0.00181938 -0.00767763 0.00243511 -0.00550806 -7.1342e-05 0.00545365 0.00795272 -0.021418 -0.00300885 -0.00391053 0.00838564 0.00712021 -0.0118952 -0.0173452 -0.000448242 -0.00212182 0.000905516 -0.0117055 -0.00181589 0.00124453 0.00549982 0.000142444 -0.00114654 -0.00753285 0.00664823 0.00715207 0.00569987 -0.000556309 0.00176104 0.00423823 0.0134786 -0.0222978 0.00440348 -0.013164 -0.0233488 -0.0246217 0.0102074 -0.00937976 -0.0148954 0.000611786 -0.0043257 -0.000521713 0.00766582 -0.0170119 -0.00281557 -0.00611534 -0.0120917 -0.012791 -0.0057514 -0.0144313 -0.00815797 -0.00695046 -0.0131635 0.00093908 0.0446179 -0.0193825 -0.00297782 -0.000120644 -0.0100473 0.000559779
internal_weight=0 18205.3 18139.3 4852.17 17360.7 4208.64 9485.45 7875.28 4680.3 643.536 3472.15 3307.68 4619.68 4058.6 778.608 736.486 2037.13 1761.67 8471.91 220.208 168.142 8251.7 1696.67 6555.03 5033.19 333.282 3997.34 3880.8 3154.04 754.318 3194.98 1621.3 159.153 288.125 1521.84 93.3775 60.6206 403.204 275.465 1270.55 549.458 2835.9 595.164 463.341 2399.72 232.939 417.135 355.321 241.827 516.254 490.484 192.374 1013.54 944.598 375.425 1344.64 10.572 222.36 59.7565 298.109 116.544 1334.07
internal_count=2230676 1018436 1018123 1212240 902307 818433 736844 165463 70478 393807 574339 567421 67155 62111 115816 244094 262456 244462 523469 33049 19572 490420 63035 427385 388202 93054 61762 59395 51586 14491 94985 60872 2475 86139 39183 9835 3323 151040 17994 304965 173048 90630 12016 9269 37095 62722 11616 9696 7530 142186 29677 18649 213375 193475 82033 173766 2065 61340 17169 11028 2367 171701
cat_boundaries=0 2 4 6 8 10 12 14 16 18 20 22 24 26 27 29
cat_threshold=33597528 97670152 4059046286 510234851 3507811892 274991200 1224475013 838869686 3563197956 705529952 14680064 168329249 17826050 6291586 8388608 134840321 268435456 2099296 1218969856 8320 269484032 274726976 8320 301989952 2485170688 872716808 120 148897793 268444304
is_linear=0
shrinkage=0.05


Tree=48
num_leaves=63
num_cat=17
split_feature=15 55 38 23 23 51 38 57 58 39 21 23 26 38 46 7 59 38 55 47 46 26 0 23 22 31 48 20 26 23 38 21 38 57 40 38 38 38 46 22 44 34 22 39 38 46 46 5 39 38 41 26 38 38 38 44 26 55 44 38 59 21
split_gain=142.037 72.7121 62.4727 57.9523 52.0309 41.0048 39.8914 36.6726 32.7906 28.8599 25.8009 24.4201 22.8115 19.5838 19.0125 18.463 18.1891 27.805 16.3257 13.3678 14.5916 13.1859 13.1374 12.8527 12.194 11.8808 11.8077 11.7941 11.7565 11.6393 17.7545 15.8075 15.4692 11.4803 10.74 12.1202 10.3611 9.94846 9.94714 12.2409 15.843 13.7618 10.3176 9.75814 9.68775 9.28622 15.4721 9.1259 8.90086 11.3616 8.82338 8.76533 8.75382 8.67483 8.63787 8.5012 8.48232 8.35949 8.25697 8.24193 10.6896 16.2424
threshold=1.5000000000000002 193.50000000000003 0 0.197051577270031 0.62164562940597545 0.13499999791383746 1 1.0000000180025095e-35 1.5000000000000002 4.5000000000000009 6.5000000000000009 0.050039123743772514 0.61556267738342296 2 13.536827564239504 5.5000000000000009 0.57738095521926891 3 730.50000000000011 123.50000000000001 43.481849670410163 0.43494854867458349 1100.1980590820315 0.12767721712589267 206.58333587646487 141.50000000000003 1.0000000180025095e-35 4.5000000000000009 0.078753639012575163 0.45153246819972997 4 37.500000000000007 5 1.0000000180025095e-35 6 7 8 9 47.96226882934571 61.763889312744148 27.500000000000004 8.5000000000000018 55.045454025268562 6.5000000000000009 10 31.196796417236332 43.645454406738288 2.3978500366210942 1.0000000180025095e-35 11 12 0.56698718667030346 13 14 15 12.500000000000002 0.37478522956371313 237.50000000000003 118.50000000000001 16 0.48529411852359777 44.500000000000007
decision_type=2 8 9 10 10 2 9 2 2 2 8 8 2 9 10 8 2 9 8 2 8 2 8 8 10 2 10 2 2 10 9 10 9 2 1 9 9 9 8 10 2 2 10 2 9 10 10 10 2 9 1 2 9 9 9 2 2 8 2 9 2 10
left_child=2 -2 10 11 14 6 28 8 12 53 -1 55 15 19 50 47 17 -10 -12 20 -13 43 -16 -24 29 26 -15 44 37 30 -17 -31 58 56 35 -30 -26 -5 39 40 45 42 -42 -7 -6 51 -47 48 49 -8 54 -32 -14 -9 -4 -3 -20 -25 -33 -50 -61 -62
right_child=1 3 4 5 27 21 7 9 16 -11 18 13 52 25 22 24 -18 -19 33 -21 -22 -23 23 57 36 -27 -28 -29 34 31 38 32 -34 -35 -36 -37 -38 -39 -40 -41 41 -43 -44 -45 -46 46 -48 -49 59 -51 -52 -53 -54 -55 -56 -57 -58 -59 -60 60 61 -63
leaf_value=-0.01674331201652 0.056935137087969913 -0.0037787809980651052 0.018556499963531918 -0.0038654905286717917 -0.02078107717984376 0.0070221277249084661 0.010422671633181516 -0.032544474184376525 -0.0055159418758715254 -0.044522236589822059 0.058594550372694655 -0.0017177959358446163 0.011877199455203841 0.028224602567487864 -0.044397270824089598 -0.028766066114651684 0.01563185768595093 0.013344510229302742 -0.0014180596502488744 -0.014004154714247402 0.017211577217896731 0.021069903478379882 -0.037610977556485459 0.060394965099690147 -0.012520237407985564 -0.032019050613309591 -0.0115231810390972 -0.0018755850778259719 -0.01009873738160974 0.004728699458290974 -0.053754774567204601 0.0047839020203691617 -0.0023478124603483553 -0.021493533995067732 0.002104675092271884 -0.00036348470211130992 0.023939944380913288 -0.023251701579623286 0.0054744646510680676 0.0039107039489963977 -0.0021972505736772086 -0.019554150268781552 0.036065347348989252 0.029990236636501494 -0.007163225443231256 -0.0017455146398036876 -0.060603618945224182 0.034270878217133698 0.0096000642550660032 -0.00073575127314093455 -0.011892575962012396 -0.00035255293668617151 -0.0022108723931911788 -0.00060092823789849325 -0.013962176432653248 -0.042106135493920525 0.0047743833893160656 -0.018737795379213457 0.029025389366975532 -0.00961943464370482 0.01585973356063795 -0.014910991768965477
leaf_weight=246.0900434664436 59.819213526556268 18.708302895523957 48.344830665009795 164.47853232159105 160.77900896426218 610.20079908319894 1086.4820466268575 13.959543785167623 346.59223546512658 63.360778048823704 10.88401250191964 326.87780118536466 849.58443711313885 18.460741182221682 59.790347458056203 56.206337650452042 839.8271274708095 426.92649933561916 1935.599078679752 127.56899579276069 146.75225853107986 327.32483978243545 97.149787868445856 2.4041942467010813 20.537967855110765 69.309288226741046 511.41073399116431 935.43028678101837 616.97003677205794 2342.9228920450842 36.220145768515067 649.69336445281806 2665.5886476895248 60.515058411896462 851.85718551180616 664.60895438551961 83.514763207931537 120.10743782941063 305.97574285142764 271.3294171067173 372.14394285297021 122.37401974946988 17.49173144903034 49.200177418082603 783.29675117097213 55.806701833294937 12.978074612386989 27.744947140454315 180.70678058924386 294.63704123601201 218.5580014964471 9.6998093453003076 129.59846406447468 158.86040978081292 22.916801257597399 66.150789898456424 773.04401635780232 931.27292025333372 36.202374880958814 251.08570710686035 132.05724824313074 62.364038923988119
leaf_count=36346 350 2241 5552 36762 61297 20161 8894 3594 9148 11540 48 34712 11151 863 65774 10223 14192 10940 180452 18252 9846 2466 63760 64 2714 54489 86492 173894 42822 83485 1556 36723 133918 11949 74818 91399 4883 45435 15752 14853 10246 12218 371 1720 158385 1791 554 180 2498 4955 42030 171 2774 8672 7413 24511 34013 416690 2111 3062 847 691
internal_value=0 0.00236375 -0.00645536 0.00216383 -0.0112419 0.00301913 0.00234024 0.00352636 0.00392405 -0.0159366 -0.00125565 -0.00803053 0.00286346 -0.00618226 -0.0186443 0.00208207 0.01054 0.00499853 0.000116335 0.000292915 0.0041713 0.0128732 -0.0216684 -0.0203083 0.000872002 -0.0124661 -0.0100878 -0.00585791 -0.0035072 0.000616514 -0.0037297 0.00157886 -0.000623854 -0.000134579 -0.00224523 -0.00513596 0.0177798 -0.0130496 -0.00228041 -0.00495111 -0.00878786 -0.00500079 -0.000391618 0.00877867 -0.00979761 -0.0255029 -0.01356 0.0062767 0.0058729 0.0081135 -0.00722907 -0.0427224 0.0101109 -0.00526044 0.00763029 -0.0337988 0.000350367 -0.0184696 0.0060162 0.000926171 -0.00275897 0.00596369
internal_weight=0 16672.3 6286.08 16612.5 3259.94 15327.2 14340.5 11922.5 11686.3 236.181 3026.13 1285.24 10072.9 1200.38 1380.44 9093.76 1613.35 773.519 2780.04 601.199 473.63 986.726 1090.62 1030.83 7058.69 599.181 529.871 1879.51 2418.02 6954.63 1260.23 5694.41 3351.48 2769.16 2133.44 1281.58 104.053 284.586 1204.02 898.044 626.714 512.01 389.636 659.401 944.076 114.705 68.7848 2035.08 2007.33 1381.12 289.82 45.92 979.183 172.82 71.2616 84.8591 2708.64 933.677 685.896 626.214 445.507 194.421
internal_count=2229713 972046 1257667 971696 994859 740290 715943 424707 400901 23806 262808 231406 366621 204654 601283 352696 34280 20088 226462 62810 44558 24347 546288 480514 331569 141844 87355 393576 291236 323972 67735 256237 172752 226414 209039 134221 7597 82197 57512 41760 26907 22835 10617 21881 219682 4072 2345 21127 20947 13849 54995 1727 13925 12266 12965 26752 214465 416754 38834 7098 4600 1538
cat_boundaries=0 2 4 6 8 10 12 13 15 17 19 21 23 24 26 28 30 32
cat_threshold=1885339652 306217120 646499929 261551629 4162217252 740627490 289411076 536873074 16777634 450 2299658400 272629954 512 570950656 34603021 2284069248 526672 646448137 135410181 33587312 25447448 1347682564 272629792 6 1075838976 268435488 1342177284 268500992 26739602 671679046 2148536356 539035904
is_linear=0
shrinkage=0.05


Tree=49
num_leaves=63
num_cat=15
split_feature=26 55 21 38 23 55 17 38 38 21 59 21 34 17 57 38 2 21 38 38 7 2 38 18 7 46 38 26 59 0 59 46 5 57 46 38 22 41 46 23 59 45 7 21 20 41 46 22 27 38 45 27 41 48 23 26 21 41 34 38 21 23
split_gain=125.611 62.9 54.5195 52.1686 52.0399 41.5721 31.9193 30.4372 26.1448 22.0592 21.5475 19.0097 17.2044 16.2733 15.7983 19.0321 18.9199 19.7757 26.2855 15.2273 15.1465 14.8514 14.2891 15.4498 14.0967 13.5356 11.9561 13.3218 11.6937 11.4158 11.4067 19.3399 11.1958 11.1728 10.8223 10.2503 15.1486 14.3441 11.6233 10.7405 10.1327 9.94604 9.71825 9.69983 9.6339 9.62655 9.7352 9.37078 10.9788 9.32171 9.01476 8.9842 8.97886 8.93178 8.90915 8.77293 11.0097 9.29369 9.20832 9.07021 11.1742 8.75878
threshold=0.17402119934558871 189.00000000000003 13.500000000000002 0 0.39410315454006201 237.50000000000003 19.500000000000004 1 2 5.5000000000000009 0.31414473056793218 7.5000000000000009 16.500000000000004 3.5000000000000004 1.0000000180025095e-35 3 3.1062000989913945 33.500000000000007 4 5 2.5000000000000004 3.6983499526977544 6 306.50000000000006 35.500000000000007 31.663095474243168 7 0.10536595433950426 0.48529411852359777 618.66470336914074 0.43303571641445165 37.941223144531257 1.7656500339508059 1.0000000180025095e-35 28.292273521423343 8 40.148351669311531 9 18.332023620605472 4.5616240501403817 0.92857143282890331 1.5000000000000002 9.5000000000000018 51.500000000000007 12.500000000000002 10 17.950852394104007 117.54999923706056 1.5000000000000002 11 45.500000000000007 1.5000000000000002 12 2.5000000000000004 0.16198525577783587 0.52183446288108837 6.5000000000000009 13 9.5000000000000018 14 8.5000000000000018 0.71593117713928234
decision_type=2 8 8 9 8 8 2 9 9 10 2 10 2 2 2 9 10 10 9 9 8 8 9 8 8 8 9 2 2 8 2 10 10 2 10 9 10 1 10 10 2 10 8 10 2 1 8 10 10 9 10 10 1 10 10 2 10 1 2 9 10 10
left_child=2 -2 -1 -4 7 -5 14 9 10 30 22 21 -13 26 16 -16 17 18 53 33 -8 -9 45 61 -11 52 32 -28 -17 -25 31 -3 -10 -12 35 39 40 47 -39 -19 -37 -42 -18 -43 -20 -7 -47 48 -38 -36 -14 -33 -21 55 -23 56 -6 59 -59 60 -58 -24
right_child=1 4 3 5 6 8 20 11 13 24 19 12 50 -15 15 28 42 34 44 25 -22 54 23 29 -26 -27 27 -29 -30 -31 -32 51 -34 -35 49 36 37 38 -40 -41 41 43 -44 -45 -46 46 -48 -49 -50 -51 -52 -53 -54 -55 -56 -57 57 58 -60 -61 -62 -63
leaf_value=-0.029052262177208271 0.056387639004292257 -0.024174998954839898 -0.030803057215163843 0.059795068516396037 -0.016769985791918903 -0.0170578740376604 0.014789833095225297 0.029960323388972927 -0.0076032376505984671 0.0094781473966691846 0.024606851711296771 -0.0020576424041186254 -0.02803938164949904 -0.0012441971324695926 -0.039954243353301409 -0.022117701659471072 0.040588323063367515 0.0089684807052140079 -0.017323582341055695 0.0058606132567500246 0.0058706024342871088 -0.031707647473718466 -0.0075778481200996801 -0.036905625606199408 -0.00071760152554766659 0.0094240727354082069 -0.017401162821827621 -0.0045604390562689473 0.0033460205898649385 -0.0068322139380833967 0.0038616051968572013 0.0064842703139078696 0.0078633556835692453 -0.052691833117606938 0.0023607551437385028 0.010701245877584982 -0.06454228606252839 0.016282748841872176 -0.0062455336255504371 -0.0079141781829490231 0.039935893256868422 -0.074219295909106656 0.012548844485870601 -0.010265738620588286 -0.00041036759442227049 -0.030325562398766867 0.017029959541456679 0.0091319017120945374 -0.020906892658212467 -0.0024440078531232767 0.028645427678120929 -0.0095669162403167404 -0.022087094993860232 0.0044002238026998102 -0.014998577230205668 0.015944120629757037 -0.066322003928482878 0.012924411191744915 -0.00515234550778324 0.012201379542201837 -0.0022334968717789227 0.0032392558008494179
leaf_weight=238.03814646053979 52.930279161082581 176.90966975891206 176.18687141627561 24.450900098716374 45.260717456985731 21.527093260781839 813.454499485204 13.252636767734655 1543.0994641407524 588.08544057610561 153.4003657833091 531.26610133825307 97.99076507580321 875.51151882494742 31.980161271763791 60.112283413458499 36.422941753524356 937.67209166762768 156.45992336842755 45.044537170964759 1151.0586659965629 145.3177266459461 244.38186150770343 31.484423521520512 798.30356693798967 221.87976595645887 693.04700541429702 286.15636249824456 171.18310505503905 1187.9781125190566 182.03147856502619 129.1019809472491 125.80118506686267 3.9092228383815373 1632.0865049758286 289.01637453312287 18.489285951131023 72.632240558654303 256.47677970421501 103.9454142950126 5.1872170018032184 7.7879779892973628 189.48397951041989 19.47430377418641 181.06074566725874 10.664512902963905 175.63355147541733 16.683608910709154 62.815455459291115 2608.8726504430088 6.7574030754039986 263.88823666406824 63.624415808881167 2375.7766799005476 183.36952627926803 372.99141153576784 5.9911601457279167 737.62958200927824 77.346770439995453 120.55196292223991 254.77230227109976 787.47963530641573
leaf_count=124074 254 13762 186875 252 1847 450 5254 698 285139 8779 5558 51434 22370 100485 11378 10700 184 30345 16362 2962 20356 48192 29786 24760 39692 11388 302274 84886 12548 213852 8403 3146 17991 1349 94042 6562 563 1651 9312 3279 44 236 6060 408 27025 323 2538 594 2959 133604 1011 20887 5762 99633 27846 5715 351 19936 6639 4502 8672 41718
internal_value=0 0.00247975 -0.00558817 -0.00474671 0.00229709 -0.00398172 0.00370648 -0.00349702 -0.00423808 -0.000127883 -0.000746049 -0.010745 -0.00572772 -0.00713526 0.00264396 -0.00943248 0.0029452 0.00263207 0.00521061 0.00883954 0.00956947 -0.0203466 -0.00265354 -0.0038136 0.003611 0.00228563 -0.00910869 -0.0135192 -0.00320078 -0.00763826 -0.00701886 -0.0104949 -0.00639506 0.0210364 0.000781203 0.00404001 -0.00046279 -0.00663336 -0.00120298 0.00720861 0.00771619 -0.0183958 0.0172286 -0.0305149 -0.00804108 0.00959436 0.0134534 -0.0223013 -0.0314935 -0.000595023 -0.0241463 -0.00429084 -0.0120342 0.0063375 -0.0224597 0.00922292 0.00719251 0.00811236 0.0110689 0.00145337 -0.00380822 0.000672521
internal_weight=0 15981.9 6909.3 6671.26 15929 6495.07 12812.7 3116.27 6470.62 2138.32 2947.01 977.954 636.014 3523.62 10848.2 263.276 10584.9 10359 4327.84 487.858 1964.51 341.94 2459.15 2251.32 1386.39 330.549 2648.1 979.203 231.295 1219.46 751.931 569.9 1668.9 157.31 6031.14 1790.18 748.563 427.097 329.109 1041.62 321.466 32.4495 225.907 27.2623 337.521 207.825 186.298 97.9884 81.3047 4240.96 104.748 392.99 108.669 3990.32 328.687 1614.54 1241.55 1196.29 814.976 381.315 260.763 1031.86
internal_count=2229657 787235 1442422 1318348 786981 1131473 540761 246220 1131221 94669 340446 151551 74815 790775 515151 34626 480525 474281 190682 27019 25610 76736 313427 310116 48471 20112 690290 387160 23248 238612 46198 37795 303130 6907 283599 55953 22329 15079 10963 33624 7250 688 6244 644 43387 3311 2861 4116 3522 227646 23381 24033 8724 147295 76038 47662 41947 40100 26575 13525 9023 71504
cat_boundaries=0 2 4 6 8 10 12 13 15 17 18 19 21 22 23 25
cat_threshold=33556552 25182208 3896914504 117723173 3249553796 409010402 1342185476 805372160 1356900100 973124642 2165309568 6291650 1073741824 944243746 570993412 1160028437 440502482 66 4 1369198768 812395730 96 68 283123712 33587232
is_linear=0
shrinkage=0.05


Tree=50
num_leaves=63
num_cat=3
split_feature=26 55 23 23 7 28 34 2 59 7 21 55 23 47 27 26 21 7 57 39 57 34 56 26 48 47 47 21 59 39 34 50 6 57 21 31 59 59 41 23 3 23 23 40 3 46 47 22 21 27 44 47 41 39 27 26 45 21 17 27 25 8
split_gain=123.96 72.7023 52.6875 44.0924 42.2028 42.7976 27.864 26.5471 26.3079 26.1636 23.97 22.2429 17.7495 18.7464 17.5871 15.7073 14.6492 12.2114 12.2032 11.8656 29.2363 11.5861 10.9157 10.2704 10.8362 11.1227 14.0551 10.5441 10.05 12.8629 12.2965 9.57878 9.47491 9.45666 9.03623 8.75683 8.66587 8.59956 11.4779 9.57872 8.34292 8.28792 14.5576 9.68575 8.03887 8.3326 7.95201 8.69675 7.89787 7.82598 7.82529 7.81673 7.74868 7.73715 7.71939 7.66984 7.54864 7.46247 7.41772 9.14635 10.4956 7.37773
threshold=0.25495098531246191 237.50000000000003 0.06471655517816545 0.39410315454006201 96.500000000000014 15207.500000000002 80.000000000000014 3.1369999647140507 0.45804196596145635 4.5000000000000009 2.5000000000000004 294.50000000000006 0.74077317118644725 27.500000000000004 16.500000000000004 0.32816506922245031 34.500000000000007 35.500000000000007 1.0000000180025095e-35 8.5000000000000018 1.0000000180025095e-35 27.500000000000004 4.5000000000000009 0.477826938033104 2.5000000000000004 66.500000000000014 205.50000000000003 8.5000000000000018 0.2788888961076737 1.5000000000000002 32.500000000000007 1.0000000180025095e-35 0.20089550316333774 1.0000000180025095e-35 12.500000000000002 19.500000000000004 0.34698997437953955 0.30384616553783422 0 0.6760680377483369 0.055034499615430839 0.69169431924819957 0.6063213348388673 1 0.018779500387609008 28.086530685424808 58.500000000000007 30.023809432983402 83.500000000000014 14.500000000000002 4.5000000000000009 40.500000000000007 2 2.5000000000000004 3.5000000000000004 0.055646630004048354 1.5000000000000002 50.500000000000007 26.500000000000004 4.5000000000000009 4.5000000000000009 0.99493908882141124
decision_type=2 8 8 10 8 2 2 10 2 8 8 8 10 2 8 2 10 8 2 2 2 2 2 2 10 2 2 10 2 2 2 2 10 2 10 2 2 2 1 10 10 10 10 1 10 10 2 10 10 10 2 2 1 2 10 2 10 10 2 10 10 8
left_child=1 -1 -3 10 7 6 8 19 12 31 35 -11 13 32 21 -12 23 34 -14 22 -21 -15 28 27 25 41 -27 -13 29 -4 48 58 40 37 56 -2 -9 52 39 53 -6 42 43 46 45 -18 47 -25 -30 -31 -7 -44 -26 -39 -33 -52 -17 -23 -5 -60 -61 -40
right_child=3 2 4 9 5 50 -8 36 -10 11 15 16 18 14 -16 17 44 -19 -20 20 -22 57 -24 24 33 26 -28 -29 30 49 -32 54 -34 -35 -36 -37 -38 38 61 -41 -42 -43 51 -45 -46 -47 -48 -49 -50 -51 55 -53 -54 -55 -56 -57 -58 -59 59 60 -62 -63
leaf_value=0.059960887573795488 -0.0080435526426652672 -0.041606214512496444 -0.0016812930662097811 0.0062953611625287641 -0.010177575638003396 0.0026503919647523225 -0.031798759435580595 0.0074789516257088798 0.0028246730463909082 0.050017795458314744 -0.0092929320573126861 -0.0053308514021121901 -0.0061039218757754539 -0.008079820370428847 -0.026321615421594214 0.019163582402238373 0.0045318326356609323 -0.0026381143504909006 -0.040422451780332207 0.012739387713276993 -0.050950917608981156 -0.034680868304003527 -0.018437054246272049 -0.052930771158455972 0.009648653264216378 0.022055697269186186 -0.011953116833396983 0.0045163947021489379 0.0056723685885512907 -0.0070795500459805601 0.021745513339878807 0.024627554318626912 0.016263600789243795 -0.020319899784518994 0.013609175393056217 -0.025317244433264149 0.025909059400083458 -0.091733627218144001 0.0032628281398088183 0.0034441773758861443 0.038861283717046953 0.01208228548436519 -0.088524124383920544 0.021499376221173004 0.015928534421307341 -0.00064375604757338706 -0.074626405242161617 0.0099611859671280955 -0.0061681045089133609 -0.02261581641189455 -0.015588313474320624 -0.0046321866763449479 0.00033240445696804442 -0.015176437654926571 -0.0076552783705459773 -0.0019774809338592987 0.00057522907232098071 -0.011412889325322396 0.015607525621111451 -0.034988131857568966 0.0066126196714951825 0.021117224887794925
leaf_weight=43.076257043678197 164.75385604669282 93.261927520667086 3197.8877987671221 1053.4254185813479 449.14094395702705 838.11063346755691 149.90188133837364 183.49847687791771 364.36171737868426 24.710195809137076 437.0607653501429 309.36421916412655 1140.5046391612414 369.3985606858696 458.243237446688 59.331233362085186 1090.2461894650478 969.34495252216584 25.546953864643001 255.38364394271048 18.399958887894172 81.662077456323459 102.80335904758249 6.4804561953060391 350.25899719324661 338.4680517144734 32.743514460686129 2196.5285235216652 362.32085169732454 592.03324731955217 81.017784201256291 161.42377176962327 38.627722470628214 33.032809985932545 245.83109829675232 133.35748436184804 97.822506684125983 4.4670864886138579 77.219484185741749 36.035832343157381 7.8804642504619542 120.98527853877749 6.9163549796212447 28.553170639555901 89.426610154332593 2705.7407469997561 4.2428565134759983 19.892386957770213 229.0080699298851 93.361495234516042 127.46373292768112 4.4547711848281324 598.12549902446335 9.6189635531045479 20.436708505265415 534.77586000241718 577.39717690067482 61.500188350968529 558.44827528158203 17.218041968531907 89.376444136258215 234.76742534065852
leaf_count=397 10335 57521 298855 9332 95310 29708 161705 6736 70519 138 43249 16681 285160 114475 303027 741 29931 58688 8376 14193 2911 39678 11269 248 8612 5656 839 98950 22346 54190 5576 888 5080 3872 3681 24902 2215 176 1410 750 410 2726 323 447 2160 123024 151 432 13995 19343 32615 75 15988 219 146 69077 10401 20142 3639 186 900 4298
internal_value=0 -0.00411661 -0.0043999 0.00331218 -0.00404382 -0.00750796 -0.0108203 -0.000955194 -0.00976072 0.00478782 -0.00251829 0.00357828 -0.0115031 -0.0151641 -0.0192023 -0.000778487 0.00343397 0.0012349 -0.0068898 -0.00180838 0.00828916 -0.0127986 -0.00240348 0.00540516 0.00817056 0.0139923 0.0190318 0.00329906 -0.0020377 -0.0030149 0.00360245 0.0100802 -0.00723196 0.00572354 0.00548694 -0.0158296 0.0139566 0.006395 0.0129406 -0.0087549 -0.00924899 0.00417655 -0.00936218 0.000935464 0.00119473 0.000843528 -0.0183165 -0.00686203 0.00108415 -0.0092257 -0.000558196 -0.0586896 0.00388477 -0.0439263 0.0209777 -0.00461676 0.00233465 -0.0248338 0.00891543 0.0130499 -0.000369816 0.0162049
internal_weight=0 9996.99 9953.92 12809.7 9860.66 4647.12 3146.77 5213.54 2996.87 10222.6 2587.08 8322.28 2632.5 1466.45 970.804 2288.97 8297.57 1851.9 1166.05 4932.22 273.784 512.561 4658.43 4412.16 1906.26 562.737 371.212 2505.89 4555.63 3883.28 672.347 1900.33 495.649 1343.53 882.56 298.111 281.321 1310.49 362.109 50.1219 457.021 191.525 70.54 59.1689 3885.41 3795.99 30.6157 26.3728 591.329 685.395 1500.35 11.3711 948.384 14.0861 181.86 662.24 636.728 143.162 1718.47 665.043 106.594 311.987
internal_count=2229023 1744829 1744432 484194 1686911 1235282 1103882 451629 942177 332197 151997 317106 871658 578122 477322 116760 316968 73511 293536 442678 17104 174295 425574 161853 46222 10897 6495 115631 414305 372388 41917 15091 100800 35325 14823 35237 8951 31453 6853 1145 95720 4402 1676 1278 155115 152955 831 680 36341 73533 131400 398 24600 395 1034 101692 11142 59820 14057 4725 1086 5708
cat_boundaries=0 1 2 3
cat_threshold=6 512 50
is_linear=0
shrinkage=0.05


Tree=51
num_leaves=63
num_cat=13
split_feature=55 15 38 51 38 26 6 6 59 57 24 59 38 57 38 57 58 1 39 38 38 57 38 7 6 39 7 39 39 38 41 1 44 46 38 39 38 57 44 46 47 27 46 47 46 46 26 22 59 22 58 8 2 59 47 41 57 38 7 30 5 6
split_gain=108.539 106.534 52.1537 44.4114 41.5422 25.4214 25.4344 22.675 17.3302 20.4294 17.2957 15.3869 20.3782 18.3184 14.9325 12.6596 11.7106 11.606 11.5723 11.1333 11.0904 12.1587 10.5823 10.056 9.80683 9.30746 9.28485 10.1956 9.28145 19.9942 9.35352 10.1644 9.99506 9.34583 9.1755 9.68838 23.2345 13.5681 12.5993 12.0344 23.329 9.62046 11.2509 13.7891 10.2196 13.4434 22.8314 9.9963 9.459 8.72825 8.39145 8.34371 8.24469 8.20067 8.03684 8.01217 7.95848 7.88451 7.57559 7.49796 7.4838 7.3205
threshold=193.50000000000003 1.5000000000000002 0 0.13499999791383746 1 0.52183446288108837 0.53170400857925426 0.13876049965620044 0.48529411852359777 1.0000000180025095e-35 1.0000000180025095e-35 0.45227272808551794 2 1.0000000180025095e-35 3 1.0000000180025095e-35 1.5000000000000002 262.50000000000006 1.5000000000000002 4 5 1.0000000180025095e-35 6 7.5000000000000009 0.48072201013565069 5.5000000000000009 81.500000000000014 12.500000000000002 1.0000000180025095e-35 7 8 42.500000000000007 31.500000000000004 25.237755775451664 9 1.5000000000000002 10 1.0000000180025095e-35 40.500000000000007 24.687916755676273 27.500000000000004 1.5000000000000002 61.505565643310554 79.500000000000014 39.148105621337898 23.889999389648441 0.35493414103984838 43.035715103149421 0.84523808956146251 63.354166030883796 2.5000000000000004 0.91387611627578746 2.9942500591278081 0.29705883562564855 86.500000000000014 11 1.0000000180025095e-35 12 5.5000000000000009 0.95335000753402721 1.6403499841690066 0.26277600228786474
decision_type=8 2 9 2 9 2 10 8 2 2 2 2 9 2 9 2 2 10 2 9 9 2 9 8 10 2 8 2 2 9 1 10 2 10 9 2 9 2 2 8 2 10 10 2 10 10 2 10 2 10 2 10 10 2 2 1 2 9 8 2 8 10
left_child=-1 2 8 4 7 6 11 -3 9 17 22 13 61 14 -6 23 18 19 58 -2 -10 -22 -4 -7 -9 -15 27 28 30 52 57 32 -32 -34 -14 36 38 48 41 40 -38 -36 43 44 45 55 -47 -45 -37 -41 51 -17 -30 -31 -51 -43 -8 -16 -5 -57 -42 -13
right_child=1 3 10 16 5 15 56 24 20 -11 -12 12 34 25 26 50 -18 -19 -20 -21 21 -23 -24 -25 -26 -27 -28 -29 29 53 31 -33 33 -35 35 37 39 -39 -40 49 60 42 -44 47 -46 46 -48 -49 -50 54 -52 -53 -54 -55 -56 59 -58 -59 -60 -61 -62 -63
leaf_value=0.058090107373549076 -0.0013663299216552763 -0.034283750490316948 -0.033145943373306307 0.020336676669304665 -0.0020644254985225908 0.012288430316518745 0.022088744099366845 -0.0042817681850632347 -0.0073986417956479122 -0.037410942214066087 -0.0078929125126877154 0.038685985006646877 -0.017172259581866283 -0.004130282011527593 0.012194139677056511 -0.024392239344650582 0.024101875708764823 -0.035864210317386049 -0.0027805205710222341 -0.0067820689175347691 0.0091092578317287266 -0.02080918831159595 -0.015659226227039899 0.0053232111077593661 0.014931036840061135 -0.046610254478696413 -0.00270912302117432 0.023331567340865583 0.0036075929558925242 -0.013459772108474913 0.014457596805197637 -0.0038610677795565505 -0.024292251184142112 0.0035113717334344322 -0.031524120985280277 0.0047589286800237916 0.0190029204952109 -0.012321853312117589 0.015346154187398493 -0.0041011761182975738 0.0036411062411974937 0.025732018828160636 0.044264795068478607 -0.072071285669272997 0.031878724434786142 0.00064073422534060946 -0.082071253725891316 -0.011766379274784924 0.014423773246730576 -0.05669515364602689 -0.040689670030927126 0.016391256225055256 0.025883343481979543 0.0034167753430701339 0.0039715396932655687 0.020782437908766722 -0.033601717324031687 0.0036768884904882977 0.0089714017448423496 -0.058593562971139004 -0.070315155479963948 0.013311741964275776
leaf_weight=78.949018908155267 2052.7031247709601 61.412671651803976 117.71754480662094 202.16569766774774 4002.7734715379665 715.34991315571824 168.74038317910163 2567.6946520836646 162.72593503914686 45.727465397438209 662.82225450984333 58.357835267299379 42.177752171606699 22.109761626677937 561.54638366715517 22.690697916172212 161.17276324113482 27.638907684144215 158.41140875895508 1783.40995415219 531.69751437085506 35.336823305086 739.45432143141261 1886.5662194181059 67.222061882494017 30.661140205949778 740.58373499533991 62.661272139113862 439.89388325100299 307.78727113788045 212.74812934210058 485.50005974771921 33.544019528257195 240.69434968347196 24.479346359672491 745.4835359682038 12.287475207820533 87.200890907406574 194.02774759597378 155.26121650799178 3.8031495010945946 29.294273013772909 13.078101682825944 9.263108816812748 27.192685783666093 28.338910401827889 10.815500597585922 22.354955048620468 383.66567739131278 15.198980701185066 20.128627162077464 25.668277605582261 44.939169860299444 93.403759884604369 8.0466705862345389 4.2126900263829139 5.8065483554964876 576.73986042040633 540.69216935481381 6.6155738061061129 26.21143452660181 57.607004593141028
leaf_count=550 178668 64678 124656 1510 228741 5464 3425 327711 25368 13240 167237 2335 3506 2946 11541 1355 2959 24453 8243 365263 29654 6615 322674 37760 2655 6753 102071 1308 16621 11465 3494 16239 979 5569 1226 22135 246 8248 5067 4796 83 574 287 471 598 1036 399 1017 7900 648 2221 1198 555 1585 600 116 819 17449 19325 401 1182 1624
internal_value=0 -0.000270905 -0.00587822 0.00183211 0.00114797 0.00234732 0.00119101 -0.00447661 -0.00321569 -0.00454286 -0.0138848 0.00085372 0.00480971 -0.000136306 6.41071e-05 0.00668198 0.0117137 -0.00414428 0.00947412 -0.00390646 0.00384668 0.00708667 -0.0186653 0.00724216 -0.00378613 -0.02922 0.00230552 0.0035274 0.00310566 -0.00118827 0.0049078 0.00124191 0.00635225 3.46126e-05 0.00342971 0.00401163 -0.00121986 0.00658315 0.00642334 -0.0136609 -0.0379517 -0.00310076 0.00167896 -0.00264354 0.00601839 -0.00313854 -0.0236814 -0.0311017 0.00805274 -0.00848619 -0.0143977 -0.00285141 0.00560597 -0.00930066 -0.0363972 0.016997 0.0200553 0.00795517 0.0120876 -0.0154795 -0.0611289 0.0242309
internal_weight=0 22583.5 6159.23 16424.3 15361.8 12665.5 9995.11 2696.33 4639.24 3909.48 1519.99 9820.56 1964.97 7855.59 7802.82 2670.4 1062.44 3863.75 901.269 3836.11 729.76 567.034 857.172 2601.92 2634.92 52.7709 3800.04 3059.46 2996.8 886.024 2110.77 972.487 486.986 274.238 1849.01 1806.83 590.482 1216.35 369.673 220.809 42.3021 175.645 151.166 138.088 106.47 79.2769 39.1544 31.6181 1129.15 178.507 68.4876 48.359 484.833 401.191 23.2457 40.1225 174.547 1138.29 742.858 10.8283 30.0146 115.965
internal_count=2229512 2228962 1257828 971134 939097 544053 496055 395044 643261 581624 614567 491811 64495 427316 417617 47998 32037 568384 29078 543931 61637 36269 447330 43224 330366 9699 188876 86805 85497 30226 55271 26281 10042 6548 60536 57030 18747 38283 11192 7555 1511 6125 4899 4612 3124 2526 1435 1488 30035 6044 4774 2553 17176 13050 1248 1091 4244 28990 20835 517 1265 3959
cat_boundaries=0 2 4 6 8 10 12 14 16 17 19 21 22 24
cat_threshold=4058272644 845785314 646500185 261542429 2299789314 4204738 140775458 2631136 4028645380 306184288 10752516 541622272 34211912 25182208 2147491972 536938496 208 8196 536936704 1346371712 268959744 224 1360003072 541065216
is_linear=0
shrinkage=0.05


Tree=52
num_leaves=63
num_cat=2
split_feature=26 53 21 21 34 59 37 53 7 28 17 27 44 0 56 22 0 45 28 27 25 26 46 44 47 39 57 39 34 21 0 39 8 34 21 39 20 16 26 41 26 20 22 58 46 57 46 18 5 21 46 28 46 57 44 44 45 34 46 59 31 7
split_gain=106.262 59.8768 51.3524 45.3399 38.5242 34.4355 53.9194 28.7512 25.0209 26.6574 24.8187 14.9575 16.5668 14.6513 12.7125 12.7049 12.6499 11.5763 11.1846 11.0565 10.4127 9.18203 9.57215 9.52312 9.08678 9.04955 11.3577 11.0328 15.0497 8.92971 8.91493 8.7379 8.71255 8.59042 23.2768 10.4075 9.16729 9.7866 8.39505 8.34905 8.53917 8.0351 9.05395 7.92761 12.2061 11.2531 7.88143 7.73567 7.71367 7.5655 7.54549 10.4172 7.4823 7.47766 7.65762 10.1528 9.53002 7.37245 7.3681 7.19314 7.13398 7.10672
threshold=0.25495098531246191 1.0000000180025095e-35 7.5000000000000009 5.5000000000000009 105.00000000000001 0.26201373338699346 0 1.0000000180025095e-35 96.500000000000014 14246.500000000002 16.500000000000004 14.500000000000002 7.5000000000000009 3408.679809570313 4.5000000000000009 35.485294342041023 6875.5512695312509 3.5000000000000004 27713.500000000004 3.5000000000000004 1.5000000000000002 0.58544605970382702 39.766286849975593 33.500000000000007 89.500000000000014 6.5000000000000009 1.0000000180025095e-35 1.5000000000000002 13.000000000000002 136.50000000000003 1025.6507568359377 6.5000000000000009 0.86149209737777721 5.5000000000000009 14.500000000000002 4.5000000000000009 15.500000000000002 1.5000000000000002 0.15397226065397265 1 0.56698718667030346 10.500000000000002 15.779513835906984 1.5000000000000002 36.31062316894532 1.0000000180025095e-35 37.464618682861335 37.500000000000007 2.4057000875473027 2.5000000000000004 27.487921714782718 36545.500000000007 38.084623336791999 1.0000000180025095e-35 24.500000000000004 26.500000000000004 18.500000000000004 27.500000000000004 47.652744293212898 0.70714285969734203 338.50000000000006 5.5000000000000009
decision_type=2 2 8 10 2 2 1 2 8 2 2 8 2 10 2 10 10 10 2 10 10 2 10 2 2 2 2 2 2 10 8 2 8 2 10 2 2 2 2 1 2 2 10 2 8 2 10 10 10 10 10 2 10 2 2 2 10 2 10 2 2 8
left_child=1 2 15 13 5 8 31 10 25 11 16 -10 -13 49 18 -1 17 29 38 46 -12 33 23 53 -18 27 -27 -4 -29 -5 -14 47 -24 35 41 39 37 -36 43 -19 -41 61 -43 44 -8 -45 -15 -7 -11 -2 51 -39 -30 54 -23 -56 -57 -46 -42 -26 -52 -35
right_child=3 -3 4 7 -6 6 14 -9 9 48 20 12 30 19 -16 -17 24 21 -20 -21 -22 22 32 -25 59 26 -28 28 52 -31 -32 -33 -34 34 36 -37 -38 50 -40 40 58 42 -44 45 57 -47 -48 -49 -50 -51 60 -53 -54 -55 55 56 -58 -59 -60 -61 -62 -63
leaf_value=-0.016003413436983405 -0.022595328171963289 0.055187045154987194 -0.00162754442100851 0.007133979904242015 -0.038255320159806212 0.014368860562918813 -0.023269217771989852 0.051046221220282899 -0.0072956758894688048 -0.0027071414269869247 0.0146075958542757 -0.007702359600192144 -0.040566853308072734 -0.0070436999887454228 -0.02151534273375634 -0.038374000816015136 0.010466096466158472 0.0014146307293736462 0.0077429543900835833 -0.011694088035549249 0.006537322991067753 0.010151085996155941 -0.016754820022307045 0.024617089208067374 -9.858344983622876e-05 0.0077963588558132308 -0.040815164052670022 0.001071266691237874 -0.020868552526998603 -0.022497144449735343 -0.018645601737796304 -0.017529345275128297 0.0028857422064713536 -0.062471481176995469 -0.00089409044953240788 -0.012482021950366235 0.0096974561160275904 0.018177780640072277 0.0018780485200122019 -0.003783811283981719 -0.013684360404162953 0.0090820585007248388 -0.0088906482099951525 0.0023119947143303479 0.0018921306644280507 -0.029517275539968874 0.0060552934636194516 0.029448203547923674 0.023773757126954724 -0.0089057291846871035 0.0027395008195241579 -0.015606196575559467 -0.0078923558131299785 -0.034371261000775713 -0.058408272632360349 0.016807834953420538 -0.038015214475842531 -0.030293724212865716 -0.069075279031630035 0.015355550244362543 0.029087264780615157 -0.015121504178553206
leaf_weight=143.00072042473585 139.09230315917375 41.505578730255365 3137.6352081455952 1152.5960205700976 78.958716906667178 175.01656425730471 141.8487610704542 31.199635048746131 1189.524845558426 1234.6418980293238 558.8513982630102 426.05886195063431 50.189629881198925 164.34634322281636 74.703970015383675 116.92419685153436 814.15913973769057 1503.1491372292803 317.81532470765524 199.30046169630077 1410.8999401559267 399.24714063951978 61.431518753088312 91.584149578979122 491.20147463737521 303.93773841405346 11.524540150494429 258.39270992288948 212.26352173175837 25.049263904162217 611.51868742007355 13.932567824667784 590.09499624933233 7.6039789760252452 1064.9471139068919 209.206960394833 548.55285938375891 192.38962522661313 488.58907494827145 889.42237356738769 20.054252028698105 96.142956864583539 251.07076797817717 255.74821979025364 125.37825162032095 30.138238609812106 375.15602484386181 171.62674286415131 27.132833933428628 371.16592455461068 731.39192572231696 25.096943611744791 236.05002550165227 9.7084993574826495 8.2247383394278568 25.481223893119022 10.313737271353601 19.71625872441291 8.016732812044209 87.924367545521818 25.64598926094186 129.26877310121199
leaf_count=42394 24700 539 282224 46941 105410 16941 34077 198 319078 136497 4160 99933 61322 5702 12526 69273 7778 44844 6870 12583 18480 6976 2012 1442 7023 16307 1988 13187 27836 1080 331703 1899 16790 177 93176 8944 36691 2369 43177 28104 432 7089 23541 48788 16813 6793 8245 5918 1968 34797 21060 416 31235 838 231 390 257 10677 315 960 633 14952
internal_value=0 -0.00403292 -0.00428797 0.00287598 -0.00369223 -0.00340137 0.00279384 0.0038612 -0.00486167 -0.00795145 0.00372805 -0.0111805 -0.0154181 -0.00616697 -0.00155549 -0.0261751 0.00266524 0.00190564 -0.000470861 -0.00166159 0.00883324 0.00112299 0.00510402 0.00999016 0.00706347 -0.00223167 0.00589711 -0.00290007 -0.00853957 0.00648515 -0.020367 0.0197832 0.00101102 0.000287152 0.00208245 -0.00181006 0.00396511 0.0024193 -0.00293526 -0.000882944 -0.00460977 -0.00797008 -0.00390224 -0.00703683 -0.0128929 -0.00113465 0.00205935 0.021898 -0.00211933 -0.0126743 0.00603733 0.0142257 -0.014069 0.00698513 0.00796625 -0.011635 0.000407607 -0.00265888 -0.0313353 0.00227013 0.00366927 -0.0181861
internal_weight=0 9893.77 9852.27 12719 9592.34 9513.38 1814.51 11469.9 7698.87 3539.07 11438.7 2277.29 1087.77 1249.06 1453.94 259.925 9468.98 8075.69 1379.23 738.803 1969.75 6898.05 1196.09 544.559 1393.28 4159.8 315.462 3844.34 706.706 1177.65 661.708 360.576 651.527 5701.96 3072.11 2629.85 2588.02 2039.47 1061.42 2420.64 917.493 484.086 347.214 572.83 286.943 285.886 539.502 346.643 1261.77 510.258 974.524 217.487 448.314 452.975 443.267 44.0197 35.795 145.095 28.071 579.126 757.038 136.873
internal_count=2229699 1745373 1744834 484326 1633167 1527757 204479 398299 1323278 950501 398101 812036 492958 86027 179721 111667 375461 359700 167195 26530 22640 311679 28936 10134 15761 372777 18295 354482 72258 48021 393025 24758 18802 282743 200104 82639 154345 117654 160325 73695 28851 45759 30630 117148 61567 55581 13947 22859 138465 59497 24478 2785 59071 8692 7854 878 647 27490 747 7983 21693 15129
cat_boundaries=0 1 2
cat_threshold=85 172
is_linear=0
shrinkage=0.05


Tree=53
num_leaves=63
num_cat=10
split_feature=15 55 38 23 23 23 28 38 2 38 55 21 38 45 57 21 57 34 38 0 38 23 18 38 21 46 0 38 38 34 34 21 21 46 47 13 20 22 46 22 25 22 48 38 25 46 48 23 46 20 21 57 21 39 47 27 44 45 21 59 46 20
split_gain=95.9527 61.0469 47.1571 43.4245 30.7848 29.3353 26.5102 25.5838 20.1692 19.8187 18.0284 17.3368 17.3327 16.4315 16.2192 12.7556 12.3256 11.9096 10.8278 10.549 10.8723 10.5344 15.517 14.9079 19.7717 10.8167 10.4529 10.3958 10.387 9.78759 9.69875 12.3763 9.618 10.8678 9.43649 9.10653 9.08354 9.07704 8.90922 10.6418 8.90846 8.70924 8.64521 8.47816 8.26532 8.11834 8.38677 8.08295 8.45851 8.01911 8.00791 7.91063 7.80775 7.72537 7.74421 8.11915 7.62863 7.44005 7.35667 7.20916 7.1885 7.18661
threshold=1.5000000000000002 193.50000000000003 0 0.22837934643030169 0.62164562940597545 0.3877734243869782 47582.500000000007 1 2.9942500591278081 2 237.50000000000003 77.500000000000014 3 354.50000000000006 1.0000000180025095e-35 3.5000000000000004 1.0000000180025095e-35 19.000000000000004 4 618.66470336914074 5 0.68335232138633739 35.500000000000007 6 16.500000000000004 12.078076839447023 1025.6507568359377 7 8 27.500000000000004 19.000000000000004 9.5000000000000018 5.5000000000000009 32.991552352905281 3.5000000000000004 1.0000000180025095e-35 6.5000000000000009 320.50000000000006 28.891563415527347 84.071430206298842 8.5000000000000018 10.617914676666262 2.5000000000000004 9 1.5000000000000002 29.169257164001468 3.5000000000000004 0.074544228613376631 79.587276458740249 2.5000000000000004 38.500000000000007 1.0000000180025095e-35 19.500000000000004 7.5000000000000009 109.50000000000001 3.5000000000000004 33.500000000000007 32.500000000000007 8.5000000000000018 0.92857143282890331 22.718889236450199 15.500000000000002
decision_type=2 8 9 10 10 8 2 9 10 9 8 10 9 8 2 10 2 2 9 8 9 10 8 9 10 10 8 9 9 2 2 10 10 10 2 2 2 10 10 10 10 10 10 9 10 10 10 8 10 2 10 2 10 2 2 10 2 10 8 2 10 2
left_child=2 -2 5 9 26 30 7 36 11 13 -7 12 -9 15 19 47 35 58 61 -12 59 23 51 25 45 -14 -4 -24 -16 38 31 -1 33 -27 -28 -10 -5 40 39 -17 41 -20 60 57 -8 46 -25 48 -3 -6 -36 -23 -29 54 -46 -56 -40 -44 -11 -21 -26 -13
right_child=1 3 4 6 49 10 44 8 16 17 14 18 21 -15 28 29 -18 -19 37 20 -22 22 27 24 42 32 34 52 -30 -31 -32 -33 -34 -35 50 -37 -38 -39 56 -41 -42 -43 43 -45 53 -47 -48 -49 -50 -51 -52 -53 -54 -55 55 -57 -58 -59 -60 -61 -62 -63
leaf_value=-0.017676585581523626 0.054827735688777836 -0.032773715074583883 -0.04159125420861523 -0.0090228897876083024 -0.011984729727175944 0.057457198421239801 0.011804716974038258 -0.018732326523479875 0.0045431015995328686 -0.018548542821069294 -0.037403407191842972 0.0041533553447315602 -0.066260450996350542 0.025963263603693238 0.0037142376784363527 -0.016190885340104086 -0.034769214218300176 -0.030079815329278687 0.012946249643122399 0.0019216072957777776 -0.0024564128915443538 0.010954305964114539 0.010047437135247281 -0.038059318562330177 0.0091689257932912466 -0.02719601898446147 -0.0055479606284677286 0.008077013960210034 -0.036304173925330273 -0.031670391829525905 -0.029095693601224583 -0.00070437232196467767 0.005532323144364905 -0.00019899205418254535 -0.022472489634779783 0.019103408326361759 -0.0010661787862064796 0.03273950557916646 0.0099129563123097758 0.0080973391715699321 -0.0098137587662183272 -0.0023129034399611242 0.017643711501099734 -0.0018655430638490709 0.0081893603108143323 -0.0094606214326022411 0.030477260600022933 -0.0075626314751101797 0.019631277569454653 -0.0034371866902000916 -0.0092250130197752758 -0.022440994164642694 0.0012012278724828148 0.021167532097818659 0.0054750991529054745 -0.0052144898566141556 -0.0046181646738986471 -0.016314744591279934 -0.0039728958926997264 0.01247788499473286 -0.00829706094282847 0.040784128206753076
leaf_weight=244.32699860991124 53.520647371362429 61.228448449179268 46.123697304881716 627.41901308690285 412.09627659734178 12.377243369584901 766.24462873383891 77.282304079242749 168.04911876517872 160.74953182622266 17.959929434466176 562.38029164276668 4.4780132428277275 47.698427566559985 28.488656001645722 121.76147013640002 12.449989040294893 102.96810448583346 97.458331273315707 1276.1272858830926 1934.7821726122929 1054.0641038495087 509.07119005816639 42.858381632097007 77.123911093032802 43.349918086256366 144.17201429506531 495.13497816697054 40.230090770848619 21.856475983950077 80.555586778926227 191.22166177858162 1690.3677788057394 233.86498844642483 541.48638561192274 300.34398099100508 836.44235417710661 16.984300082491245 304.52655611744558 70.511808095674496 390.13669339710032 1863.7828961474006 176.96536498969363 148.66036606021225 761.12468893139157 361.83440400735708 4.2256457836774635 299.58302835896029 8.1158732020121516 821.11113772956378 146.99639824082078 17.136296626267722 2463.5257751616591 73.615038926363923 420.70968811004423 305.94074014265789 127.52954655247595 16.959813627996482 187.77381078805774 184.31172521406552 239.41277667805844 12.735490748949813
leaf_count=48624 354 14527 60633 113727 117053 65 6501 12111 6972 27690 15961 40826 160 1462 4588 6090 1921 82039 3113 65486 256138 20113 33451 4080 4350 1432 30768 16607 11641 10229 35098 28234 54148 6425 331059 4388 71720 1391 13543 4901 46516 77387 12047 14534 8735 28895 263 42901 467 184995 60810 1286 93852 963 4525 5323 15592 1460 31738 7278 20093 288
internal_value=0 0.00200698 -0.00532551 0.00183112 -0.0113511 -0.00211664 0.00265254 0.00174289 0.00256305 -0.00623255 -0.000476915 0.00211034 0.00336402 -0.00239024 -0.000699294 -0.00377028 0.0125706 -0.0148706 -0.00115063 -0.000211581 -3.8893e-06 0.00361172 0.00514184 0.00133815 -0.00340293 0.00390373 -0.018552 0.00351515 -0.024573 0.000467664 -0.0132369 -0.0102439 0.00411683 -0.00450327 -0.0172274 0.0139003 -0.00444992 -0.00264278 0.0016416 -0.00728793 -0.00292339 -0.00154843 0.00192495 0.00741913 0.00755215 -0.0120575 -0.0314025 -0.0111744 -0.0264485 -0.00630088 -0.0196615 0.0103996 0.00234631 0.005459 0.00466805 0.000973494 0.00562306 0.0138927 -0.0107295 0.0032393 -0.00402601 0.00494801
internal_weight=0 16440 6122.37 16386.4 2111.99 4010.38 14872.1 12544.5 11080.6 1514.3 3494.28 10599.8 7656.32 1062.81 3481.9 1015.11 480.843 451.491 2943.48 3413.18 3395.22 7579.03 4538.93 3040.1 1068.04 1972.06 878.778 3467.73 68.7187 646.186 516.104 435.549 1967.58 277.215 832.655 468.393 1463.86 2368.36 624.329 192.273 2351.38 1961.24 659.122 342.586 2327.63 408.918 47.084 368.927 69.3443 1233.21 688.483 1071.2 2958.66 1561.39 1487.78 726.65 432.056 193.925 348.523 1460.44 316.537 575.116
internal_count=2229567 971136 1258431 970782 785318 473113 719603 693556 508109 251179 361157 494828 325307 109712 361092 108250 13281 141467 169521 344863 328902 313196 165309 147887 85722 62165 483270 143910 16229 50355 111956 76858 62005 7857 422637 11360 185447 128407 40126 10991 127016 80500 52484 28041 26047 33238 4343 57895 14994 302048 391869 21399 110459 19546 18583 9848 29135 13507 59428 72764 24443 41114
cat_boundaries=0 2 4 6 8 10 12 14 16 18 20
cat_threshold=1365262596 843686370 772327505 127026697 3984487712 744854578 34 2097158 2165309614 140509318 1342177280 272629856 1086591488 402657312 286658688 4237760 2097152 34119680 268443652 4761600
is_linear=0
shrinkage=0.05


Tree=54
num_leaves=63
num_cat=9
split_feature=55 23 38 26 15 47 6 23 51 38 38 57 57 39 46 44 6 18 27 17 38 51 57 47 59 46 59 41 57 38 38 38 22 44 34 26 2 39 3 5 44 48 26 6 22 23 46 26 59 39 23 44 47 42 23 23 22 23 47 16 45 34
split_gain=98.1629 96.008 62.8496 60.8181 29.716 23.5664 23.3558 20.5475 18.0869 17.2243 16.9294 16.5278 15.3052 14.9577 14.5926 14.5121 13.9281 13.5947 13.2867 12.6713 11.9144 11.3826 11.4476 10.9151 10.9144 10.8439 10.7428 10.6127 10.107 9.56297 9.44328 8.80651 8.68314 8.66438 13.7157 8.50264 8.45052 8.2447 8.12969 8.0528 8.00908 8.005 7.87569 8.29404 7.82466 7.78397 7.72881 7.63876 7.6189 11.0972 9.92181 9.13289 29.8702 19.035 18.7254 19.6769 9.10562 10.3465 9.04529 10.0385 8.37785 7.95637
threshold=193.50000000000003 0.22837934643030169 0 0.33398950099945074 1.5000000000000002 32.500000000000007 0.53170400857925426 0.050039123743772514 0.16499999910593036 1 2 1.0000000180025095e-35 1.0000000180025095e-35 2.5000000000000004 28.891563415527347 55.500000000000007 0.17291700094938281 15.500000000000002 14.500000000000002 16.500000000000004 3 0.17500000447034839 1.0000000180025095e-35 9.5000000000000018 0.20416666567325595 12.078076839447023 0.29705883562564855 4 1.0000000180025095e-35 5 6 7 55.045454025268562 153.50000000000003 7.0000000000000009 0.1482266187667847 2.9942500591278081 9.5000000000000018 0.031383499503135688 11.948750019073488 12.500000000000002 1.5000000000000002 0.25495098531246191 0.16818899661302569 149.29166412353518 0.13231377303600314 36.976501464843757 0.63188141584396373 0.48529411852359777 1.5000000000000002 5.0012919902801523 15.500000000000002 100.50000000000001 8 0.6604212522506715 2.8766678571701054 89.071430206298842 0.4989559948444367 88.500000000000014 2.5000000000000004 3.5000000000000004 5.5000000000000009
decision_type=8 10 9 2 2 2 10 8 2 9 9 2 2 2 10 2 8 10 10 2 9 2 2 2 2 10 2 1 2 9 9 9 8 2 2 2 10 2 10 8 2 10 2 8 10 10 10 2 2 2 8 2 2 1 10 10 10 10 2 2 10 2
left_child=-1 2 7 4 12 38 9 40 10 17 11 19 18 27 -12 21 -11 -6 -3 25 37 22 26 -16 -18 -5 31 -13 -8 -28 -26 32 46 35 -35 -32 42 -14 -4 -27 -2 -17 43 -19 -33 -7 -9 -21 58 50 51 56 53 -53 -55 60 -50 -58 59 -41 -56 -62
right_child=1 3 5 8 6 45 28 15 -10 16 14 13 20 -15 23 41 24 36 -20 47 -22 -23 -24 -25 30 39 29 -29 -30 -31 33 44 -34 34 -36 -37 -38 -39 -40 48 -42 -43 -44 -45 -46 -47 -48 -49 49 -51 -52 52 -54 54 55 -57 57 -59 -60 -61 61 -63
leaf_value=0.056555950224770071 -0.00057497094259233064 -0.0034964729592502591 -0.012420299617180912 -0.024681114141619838 -0.0042698798217822046 -0.031054289026642579 0.019543622309850017 -0.020997464150666743 0.013363015142439413 -0.030547887826142692 0.0076839739721723688 0.022172171608222442 0.023425511327633264 -0.037120009142496697 -0.065154303759476048 -0.035496877026729511 -0.0040516752762753813 0.048600553914359849 -0.01214025942060927 0.0086076009993421004 -0.040806143376102888 0.011197708708360831 -0.02733864978650935 -0.0010156813971194296 0.0093585571211975121 0.042231767153641742 -0.0051713999124801818 -0.015455238944280015 -0.044303521569828017 0.0094655570621277781 -0.011705155440804034 -0.011454697889358437 0.0011690756278044461 -0.073909919314541953 -0.0014418401111460722 0.002679327001054623 0.014846476869962641 -0.038094240480281871 0.014918588403505054 0.0031787322816786891 -0.036908196364141853 -0.010406514957699948 0.0071183457637626416 0.0010906927077682853 0.014838039215763432 -0.016516046080167452 -0.0018118192717335741 0.020065929354106275 0.02092278278022203 0.012958460424226879 -0.057472187977673318 -0.093804035715331982 0.010202836731293505 0.010113616269782478 -0.0049568948596954042 0.028301722403231023 0.022219894635980248 -0.077337475849000553 0.00067168164058605635 0.011972685309465395 -0.11385464508055568 -0.041789021031341883
leaf_weight=75.269372675888008 19.87694329918304 2515.0330786463001 310.83875961068043 30.900131246307865 650.5624211112081 358.40083128407059 185.52030178788118 93.327829147252487 507.76321868615923 43.180029712209944 576.14634254432167 23.625156899506692 18.261091186665002 41.969943155119836 5.6526718944078302 35.422308119475929 2521.1912063374002 8.2308779358863813 539.49483878507999 1024.1745936869411 40.706123695075803 155.9017975189854 45.412605747085763 2315.2506233179301 299.75146177684655 13.178663075261282 166.61435968561273 30.142057469987776 5.4913500190596087 302.45668583477527 125.11584102239431 464.55425749788992 724.33929570753025 9.3956690569175425 17.66534084448358 553.06178678133438 160.17722677107668 6.6122580632072632 28.952393530060363 965.51734996770392 63.455122644634685 267.79790846089963 836.80246107540734 1932.9312924158439 29.287187956892012 129.1972071164746 118.83005373053311 169.58797837956809 79.492716681503225 537.43444038380403 6.1222113831900051 9.256219485308975 129.43527431425173 27.751203933963552 4.4903276700060877 6.2899540066719046 4.3827338826376927 4.3952858340926468 1574.942774388066 488.66578715573996 9.1453293478116411 9.0934316857019422
leaf_count=530 2537 437624 97435 695 72974 310089 3787 4899 4710 32888 14851 947 3714 7770 302 9455 222660 1089 201756 8755 15210 8903 5513 94799 15435 383 17375 2179 1077 13117 18239 90057 63407 499 2993 24554 3409 1705 3207 27525 26497 51883 25743 126951 7823 61021 6576 1278 1029 10219 174 304 2996 410 84 66 79 176 52185 4053 246 289
internal_value=0 -0.000264864 -0.00811758 0.00110085 -0.00145794 -0.019964 0.000277924 -0.00407385 0.00421747 -0.000183673 0.00364166 0.00534613 -0.00554537 -0.0151254 0.000566962 -0.00323778 -0.00263869 0.00225922 -0.00502662 0.00574424 -0.0292689 -0.00175882 -0.00280267 -0.00119989 -0.00229585 0.0043627 -0.00220196 0.00240755 0.0174869 0.00435791 0.00210861 -0.00435478 -0.00142457 -0.00109872 -0.0283402 1.22312e-05 0.00371354 0.00449408 -0.0100539 0.00460095 -0.0283513 -0.0134446 0.00306651 0.00131706 -0.0096731 -0.0272438 -0.0103105 0.0102508 0.00446143 0.00871213 0.000821297 0.00227655 -0.00375783 -0.0308696 -0.0191622 -0.0465633 0.0155312 -0.0304411 0.00329803 0.00614006 -0.0676007 -0.0819641
internal_weight=0 22378.7 3314.67 19064 10469.2 827.389 7349.08 2487.28 8594.81 7158.07 8087.04 5189.99 3120.11 95.7372 2897.05 2403.94 3569.36 3588.7 3054.53 5094.26 65.5795 2100.72 1944.82 2320.9 3526.18 3900.49 1899.41 53.7672 191.012 469.071 1004.99 1430.34 936.497 705.239 27.061 678.178 2938.14 24.8733 339.791 3869.59 83.3321 303.22 2777.96 1941.16 493.841 487.598 212.158 1193.76 3856.42 827.289 289.855 283.732 195.462 66.0265 56.7702 29.019 88.2707 8.77802 3029.13 1454.18 22.7291 18.2388
internal_count=2229135 2228605 779794 1448811 1212307 471752 552298 308042 236504 547434 231794 121842 660009 10896 109952 279008 317268 230166 639380 110946 20629 217670 208767 95101 284380 100913 203254 3126 4864 30492 61720 172762 74882 46285 3492 42793 157192 5419 100642 100218 29034 61338 153783 128040 97880 371110 11475 10033 99835 16072 5853 5679 4395 1399 1095 685 1284 255 83763 31578 619 535
cat_boundaries=0 2 4 6 8 9 11 13 15 16
cat_threshold=1500533024 841322030 3499241902 944257748 1351373700 268765666 2223146056 252242984 20 272650240 570786826 757597200 2097410 1346375680 65582 1
is_linear=0
shrinkage=0.05


Tree=55
num_leaves=63
num_cat=13
split_feature=55 26 21 38 23 59 38 16 28 38 57 21 21 38 16 38 38 23 38 59 57 23 48 47 38 20 41 47 25 38 45 44 21 21 26 20 23 2 45 44 46 22 21 23 21 23 26 20 58 22 21 7 39 38 22 47 41 44 23 47 38 7
split_gain=89.6464 85.0754 43.2177 41.361 38.8317 30.8208 47.3421 21.0577 22.6014 20.9376 31.4968 20.9533 20.3358 17.5097 17.4035 15.3063 14.8097 14.6195 22.6173 14.5146 13.8119 13.0871 12.1766 12.1111 11.658 11.2636 10.5874 10.8798 11.9964 10.521 10.4393 10.2579 10.17 10.3533 10.1583 18.2503 10.9033 9.75264 10.3999 11.0909 10.5785 9.74715 9.72178 9.60605 12.0964 9.69777 10.7036 9.54692 9.47029 9.41182 9.17782 9.03778 8.72701 9.93247 8.6155 8.46238 8.382 8.67796 9.67508 8.35866 10.7284 8.22731
threshold=237.50000000000003 0.25495098531246191 7.5000000000000009 0 0.39410315454006201 0.26201373338699346 1 1.5000000000000002 15207.500000000002 2 1.0000000180025095e-35 34.500000000000007 2.5000000000000004 3 3.5000000000000004 4 5 0.75019380450248729 6 0.62019231915473949 1.0000000180025095e-35 0.16198525577783587 2.5000000000000004 121.50000000000001 7 15.500000000000002 8 202.50000000000003 2.5000000000000004 9 4.5000000000000009 6.5000000000000009 15.500000000000002 22.500000000000004 0.47304561734199529 15.500000000000002 0.52636545896530162 5.6937999725341806 4.5000000000000009 113.50000000000001 34.025722503662116 31.97500038146973 34.500000000000007 0.69169431924819957 11.500000000000002 0.40662689507007604 0.59743010997772228 65.500000000000014 1.5000000000000002 6.0046730041503915 34.500000000000007 41.500000000000007 2.5000000000000004 10 22.425824165344242 77.500000000000014 11 43.500000000000007 0.96412628889083873 110.50000000000001 12 16.500000000000004
decision_type=8 2 8 9 10 2 9 2 2 9 2 10 10 9 2 9 9 10 9 2 2 10 10 2 9 2 1 2 10 9 10 2 10 10 2 2 10 8 10 2 10 10 8 10 10 10 2 2 2 10 10 8 2 9 10 2 1 2 10 2 9 8
left_child=-1 2 21 -4 12 7 20 8 17 10 14 22 -3 30 25 -9 23 18 -5 -18 -7 -2 26 51 61 32 -11 34 -29 -23 -8 -20 49 -34 36 43 41 -13 40 59 -39 -28 55 44 -36 -46 -47 -30 -16 -6 -33 -14 53 -44 -42 -32 -56 58 -58 -40 -61 -19
right_child=1 4 3 5 9 6 13 15 -10 11 -12 37 16 -15 48 -17 19 24 31 -21 -22 29 -24 -25 -26 -27 27 28 47 -31 42 50 33 -35 35 -37 -38 38 39 -41 54 -43 52 -45 45 46 -48 -49 -50 -51 -52 -53 -54 -55 56 -57 57 -59 -60 60 -62 -63
leaf_value=0.054574102990716161 -0.034273883091381296 -0.015507827546465819 -0.027474200711644699 -0.0060084866681739723 0.018751214032985491 0.021780979897177626 0.0098966149041552869 -0.0050754417160580644 -0.00095337725280230821 0.016356449188179852 -0.044456003181842396 0.01773706338058818 0.010946412176344032 -0.0077150586217697679 0.0093227699632744774 0.0020498682874837068 -0.0082834180371657417 0.011335175444898335 -0.0092791069452014437 0.0070175575104391933 -0.036985536124996471 0.011467979249422354 0.002501326614207074 -0.0050329280852198935 -0.0088135125323194497 0.0088221403237582104 -0.027363641199669109 -0.031127888070443827 -0.0099471288740149485 -0.019807596885858151 0.028594448396381658 -0.028830969236902648 0.016365586919241042 0.00069996400663145284 -0.078072581489690498 0.023323827956346604 0.0070578063835332275 0.014591774314320389 -0.00080960908287070637 -0.053503479469052512 0.01307146451359883 0.0022219425788711947 0.0017092491131490387 0.010325326538986596 0.04507977505276084 -0.046446261010170652 0.0053404558974510371 0.031451009109941107 0.019771960739372898 -0.020494028199219319 -0.014204769182329924 0.00036643016573661324 0.0019951371447568165 -0.022129394748413647 0.0071611780266554311 0.0016709234766869403 -0.052057297240281325 -0.039858034362951995 0.00020731873917278283 0.0043448268032683464 -0.011446893293707218 -0.0029700260611878922
leaf_weight=74.14382225042209 139.85922131953703 285.0184757436582 160.14914243526255 702.42429433808502 17.638133504835423 337.39479416656832 375.2956985709352 1267.6521768084785 1386.5215644724158 327.81048535584705 28.645022890435939 66.705578625726048 426.91108234386775 551.86059017843945 1622.2972901501344 1826.7417915385522 886.13325751182856 122.39976653509075 179.13129993242546 186.99988283622224 9.4265664441627433 32.985415537419613 2129.5531836286682 362.30748957737524 1049.5944701850167 736.54290346850757 48.015356127172709 38.712101995013654 39.874291603919119 74.586257228766044 42.869001225160901 293.258421485285 117.32568801609159 971.64119238377316 6.0138644735561675 212.45257650862914 388.88960709865205 187.19846991781378 1754.986917118993 9.7216421634075214 69.108947336615529 64.120963257562835 76.516701096879842 83.260448361630552 6.4997195167234159 16.431907830643468 22.910217728815041 20.147359401802532 250.67546423099702 87.626835741859395 174.19429356521869 382.22286554749007 203.44022611909895 102.34972190934786 56.452805316075683 87.602388920655358 9.4021458767820132 29.229178616136778 59.474605100636836 139.18294675080688 436.27357410313562 540.87104254275619
leaf_count=572 84943 35080 191245 205966 507 16158 27002 134139 118078 7140 9498 1534 5002 73168 19271 127610 73429 6155 51020 8230 3315 6308 71656 13938 242923 39120 1768 1024 1788 20499 2346 204345 5116 53431 247 2859 10512 3681 56675 593 1878 2078 8715 1579 75 501 418 471 2326 4761 64065 15903 25561 14508 1825 11436 560 1420 1937 8773 17279 105520
internal_value=0 -0.000129952 -0.00363897 -0.00309968 0.00258521 -0.00264609 0.00325439 -0.00404757 -0.00625061 0.00397825 0.00688168 0.00217466 -0.00295137 -0.000804225 0.00729796 -0.000879564 -0.00135074 -0.00864828 -0.012541 -0.00556131 0.0195207 -0.0242266 0.00481712 0.00253375 -0.00557697 0.00396379 0.00867963 0.00577535 -0.0098024 -0.0109682 0.00353211 -0.0192277 0.000962533 0.00240125 0.0076652 0.0142213 0.00309789 -0.0010111 -0.00147197 -0.00276046 0.00585572 -0.0105761 -0.00106744 -0.000157539 -0.0168659 -0.00734108 -0.0169043 0.00423659 0.0107311 -0.0138035 -0.0234225 0.00595521 -0.00508962 -0.013114 -0.00148832 0.0106674 -0.00804072 -0.0158914 -0.00757004 -0.00252592 -0.00774972 -0.000312357
internal_weight=0 22321.5 9737.12 9489.69 12584.4 9329.54 1786.76 7542.79 4448.4 10054.8 3832.39 6222.43 2529.59 1439.93 3803.75 3094.39 2244.57 3061.87 1349.01 1073.13 346.821 247.431 3404.69 1171.44 1712.87 1930.77 1275.14 947.328 98.7338 107.572 888.074 646.584 1194.23 1088.97 848.595 347.569 501.026 2817.74 2751.03 2340.17 410.866 112.136 512.778 135.116 51.8557 45.8418 39.3421 60.0217 1872.97 105.265 467.453 809.134 382.307 178.866 223.668 130.471 154.559 98.1059 68.8768 2330.44 575.457 663.271
internal_count=2229480 2228908 1745025 1633275 483883 1442030 182209 1259821 998072 332301 134030 198271 151582 162736 124532 261749 116502 879994 525396 81659 19473 111750 102116 34843 354598 102935 30460 23320 3283 26807 89568 319430 63815 58547 20037 5679 14358 96155 94621 83320 11301 3846 62566 2820 1241 994 919 2259 21597 5268 268410 20905 48784 23223 7620 13782 5742 3917 2497 82727 26052 111675
cat_boundaries=0 2 4 6 8 10 12 14 16 17 19 21 22 24
cat_threshold=33556552 25182208 2836938882 6304454 1954829188 943795264 1411811088 436603136 754747010 436875390 3758105218 1576993 1371837988 973710386 3769786497 4733155 130 1146093730 672144419 1141113872 168036352 38 136315921 3936640
is_linear=0
shrinkage=0.05


Tree=56
num_leaves=63
num_cat=15
split_feature=23 53 38 26 15 21 46 16 6 38 0 38 6 38 21 57 59 6 17 57 38 26 21 50 38 57 46 41 23 38 21 38 59 7 41 41 47 38 45 21 45 21 8 59 26 38 46 1 59 38 45 57 59 39 15 39 20 30 45 23 47 38
split_gain=77.7303 65.6597 55.8718 51.2761 25.2858 24.1214 21.7188 18.012 16.5749 15.0503 14.8636 14.2755 14.5915 12.0132 11.7862 11.3004 10.0779 10.2622 10.6998 9.85986 9.84766 9.64239 9.61858 9.61202 11.5515 10.7944 8.62393 10.906 8.35977 8.75742 8.55599 10.6488 8.19899 8.43797 8.12878 8.08997 22.6255 9.86822 10.6707 10.1968 8.30548 7.75348 7.71678 10.114 10.1205 9.84744 9.13036 7.66065 7.59138 13.7355 7.58859 7.5554 7.53017 7.2759 8.57483 9.41989 18.9404 8.84465 7.25949 7.23541 7.19047 7.17477
threshold=0.22837934643030169 1.0000000180025095e-35 0 0.33398950099945074 1.5000000000000002 8.5000000000000018 17.571107864379886 10.500000000000002 0.53170400857925426 1 2510.0134277343755 2 0.17291700094938281 3 15.500000000000002 1.0000000180025095e-35 0.45804196596145635 0.28768849372863775 9.5000000000000018 1.0000000180025095e-35 4 0.29425509274005895 5.5000000000000009 1.0000000180025095e-35 5 1.0000000180025095e-35 24.054657936096195 6 0.62164562940597545 7 303.50000000000006 8 0.59166666865348827 4.5000000000000009 9 10 5.5000000000000009 11 103.50000000000001 96.500000000000014 66.500000000000014 78.500000000000014 0.97166091203689586 0.92857143282890331 0.61556267738342296 12 37.464618682861335 14.500000000000002 0.17519181966781619 13 20.500000000000004 1.0000000180025095e-35 0.57738095521926891 1.0000000180025095e-35 2.5000000000000004 1.5000000000000002 31.500000000000004 1.0120499730110171 57.500000000000007 0.69169431924819957 130.50000000000003 14
decision_type=10 2 9 2 2 8 10 2 10 9 10 9 8 9 10 2 2 8 2 2 9 2 10 2 9 2 10 1 10 9 10 9 2 8 1 1 2 9 10 10 10 10 8 2 2 9 10 10 2 9 10 2 2 2 2 2 2 2 10 10 2 9
left_child=2 3 5 4 9 10 -4 22 11 -2 -1 14 -13 26 59 28 17 -16 -19 -10 -17 -8 -5 24 -9 52 27 -7 29 -11 -30 -32 33 -12 -18 36 -24 51 39 41 -41 -39 61 44 46 -46 -44 48 49 -14 -29 -38 53 -26 55 56 -55 -58 -50 60 -6 -37
right_child=1 -3 6 7 8 13 21 23 19 15 32 12 47 -15 16 20 34 18 -20 -21 -22 -23 35 -25 25 -27 -28 50 30 -31 31 -33 -34 -35 -36 42 37 38 -40 40 -42 -43 43 -45 45 -47 -48 -49 58 -51 -52 -53 -54 54 -56 -57 57 -59 -60 -61 -62 -63
leaf_value=-0.020445630206422941 -0.013302321935082538 0.050230351188988734 -0.0068209819162272298 -0.0054968863148803556 -0.032352064570829099 -0.023260410513334332 -0.026382187136890951 -0.0036585837236830622 0.01689598067159178 -0.00036183368539280825 0.0089009173052678296 -0.030283472483221302 -0.011401614904140876 -0.0018878599346270186 0.024920915071481711 0.0063650587969511108 -0.009248906459217018 -0.00058568651966409212 0.0073488788919100854 -0.048225218340952974 -0.037111929166174638 -0.0047056711374037167 -0.094350575840652387 0.018996401089302482 0.010469443627106896 -0.02856558341356696 0.022869926966932998 0.010204775208713388 -0.00062180254942977822 -0.013093816558157651 0.0024337913104742399 -0.02364286494359108 0.0068037604684447949 -0.011426739356745938 0.013915499927633116 0.011658476240538271 0.0057386242941337715 -0.0044390627822962336 0.027922458672501663 -0.015037927536283462 -0.061522811912007924 0.017622015005708046 0.0063596908783393885 0.011847419483812674 0.013602086576509357 -0.0053720625398592176 0.00061601009389258593 -0.0031145659261997806 0.0041439415701804167 0.0017408721418273915 -0.038192008658808826 -0.043030049975505483 0.018808453994947155 -0.085817926610706127 0.014494999677915475 0.00091408135552779662 -0.041735442521145284 0.01496232375752294 0.024804774455148643 0.0074035807771354288 -0.0075263526739502888 -0.00037637527131313117
leaf_weight=252.02191877046425 464.28901100318944 67.127624094544444 270.07194116862593 333.85612790606683 35.748490627272986 21.87617543945089 496.94191291561947 212.41698491794523 183.3422668967396 226.06024964659446 58.103982367669232 43.477963429868396 246.1745945033399 1369.0041739134576 48.999737271718914 20.874828210886335 38.10189575116965 1315.5551628646645 626.47458465096133 5.0573400188586666 32.948260602031951 57.739115349395433 5.3725241831270969 192.4184226928046 798.16915964201326 17.998812199337408 82.795524265558925 195.07458701368887 1845.3371803546834 354.76920120222894 71.670528239468695 81.52833386947168 104.14324334620323 383.84677751684649 325.51589550492645 126.68535272763984 559.77342898276402 574.62928733770968 24.511926141101867 61.452851968177129 10.685567234992048 41.808154117316008 1204.7541071157902 500.51837975421222 423.00519228709163 79.470230002101744 1624.137146713023 2781.8968972088805 530.23875502776355 868.62011999434617 7.4800728649133807 7.066861060797236 184.19339580071392 8.8848571407143009 91.459285661578178 197.18680452863919 9.6292117668781447 18.557250343030319 45.307741584634641 59.704097584355623 146.55266454690718 1230.6773625935748
leaf_count=74297 174937 580 66220 15535 3359 509 379954 5085 3836 47956 936 33748 21839 209435 5053 3948 2087 114328 13169 1087 13105 13461 277 1336 7798 843 1669 2502 296888 94687 12908 16274 4348 27081 12527 3841 17599 17836 527 2039 515 1078 30306 12167 7454 3296 71001 267159 22032 36003 307 1651 1349 177 701 2223 166 161 1166 2548 12386 31359
internal_value=0 0.00123221 -0.007081 0.00105588 -0.00130183 -0.00326145 -0.0182616 0.00392666 0.000304321 -0.00508642 -0.0104231 -8.44113e-05 -0.00178171 0.000133229 0.00286267 -0.00356922 0.00395426 0.00255327 0.00197637 0.0149025 -0.0260496 -0.0241383 0.00276803 0.00847979 0.00715301 0.00884721 0.00888899 0.00404697 -0.00310405 -0.0083789 -0.00156761 -0.0128823 -0.00576883 -0.00874017 0.0115975 0.00319499 -0.000367912 9.70603e-05 -0.00379322 -0.0050161 -0.0226706 -0.00291671 0.00407024 0.00522541 0.00422723 0.0107599 0.00306348 -0.0015019 0.00115244 -0.00125552 0.00785291 0.00496842 0.00945101 0.00790206 0.00159791 -0.00347759 -0.0262479 -0.00517339 0.00581059 -0.00761298 -0.0125445 0.000837674
internal_weight=0 19004.7 3299.1 18937.6 10398.2 2474.35 824.753 8539.32 7300.77 3097.48 798.116 7112.37 4515.72 1676.23 2596.65 2633.19 2354.65 1991.03 1942.03 188.4 53.8231 554.681 6808.4 1730.91 1538.5 1326.08 307.226 224.431 2579.37 580.829 1998.54 153.199 546.094 441.951 363.618 6474.55 1285.3 1279.93 713.088 688.576 72.1384 616.437 5189.25 3831.89 3331.37 502.475 2828.89 4472.24 1690.34 1114.79 202.555 566.84 1308.08 1123.89 325.717 234.258 37.0713 28.1865 575.546 242.005 182.301 1357.36
internal_count=2230649 1449930 780719 1449350 1213030 321084 459635 236320 552327 660703 106662 547404 381947 214422 165457 485766 147164 132550 127497 4923 17053 393415 216481 19839 18503 13418 4987 3318 468713 142643 326070 29182 32365 28017 14614 200946 41522 41245 21995 21468 2554 18914 159424 124224 112057 10750 101307 348199 81040 57842 2809 19250 12575 11226 3428 2727 504 327 23198 18293 15745 35200
cat_boundaries=0 2 4 6 7 9 11 12 14 16 17 18 20 22 24 26
cat_threshold=1500796192 841295406 38800498 26625036 2417112206 407384148 1073741824 75530240 168339488 2097408 34115584 4 4035084812 574664992 3760853260 503362385 4 64 1367626112 843423936 1344274688 272629792 748716544 2492424 75506180 402655360
is_linear=0
shrinkage=0.05


Tree=57
num_leaves=63
num_cat=12
split_feature=55 23 38 26 21 26 57 38 2 39 38 38 39 44 38 3 38 59 23 38 39 38 38 26 39 21 48 6 39 48 21 47 16 59 21 47 47 38 26 21 38 21 32 25 23 23 59 21 44 34 39 48 56 15 6 43 20 59 2 44 38 23
split_gain=82.7212 74.771 68.2431 48.5161 27.0122 18.0606 18.3446 30.1923 18.505 16.4543 20.3131 16.4522 16.1686 15.7296 15.5534 15.3655 14.7862 14.6206 14.5789 14.4746 13.6023 12.9258 12.6092 15.9553 15.1466 12.4386 12.355 12.1007 12.0007 21.1108 11.601 11.515 11.1683 11.1212 15.8421 10.7812 15.195 10.6348 10.5423 10.5793 11.992 10.5131 10.4391 10.3373 13.8683 10.2823 9.8262 12.999 9.64431 9.35682 9.11195 9.07936 9.0292 8.76998 9.58566 8.71231 8.6762 11.7733 8.65961 8.48805 8.34217 12.7502
threshold=189.00000000000003 0.39410315454006201 0 0.313496083021164 2.5000000000000004 0.036297759041190154 1.0000000180025095e-35 1 2.9942500591278081 8.5000000000000018 2 3 9.5000000000000018 24.500000000000004 4 0.1702775061130524 5 0.70714285969734203 0.11825205385684968 6 1.5000000000000002 7 8 0.61556267738342296 1.0000000180025095e-35 67.500000000000014 2.5000000000000004 0.55894300341606151 1.5000000000000002 2.5000000000000004 25.500000000000004 121.50000000000001 4.5000000000000009 0.55050507187843334 16.500000000000004 43.500000000000007 27.500000000000004 9 0.10845415666699411 57.500000000000007 10 19.500000000000004 1.235000014305115 4.5000000000000009 1.6769848465919497 0.4377655982971192 0.84523808956146251 39.500000000000007 12.500000000000002 20.500000000000004 1.5000000000000002 2.5000000000000004 4.5000000000000009 2.5000000000000004 0.44780549407005316 1.0000000180025095e-35 23.500000000000004 0.23303167521953586 3.0831999778747563 38.500000000000007 11 0.7000810205936433
decision_type=8 10 9 2 8 2 2 9 10 2 9 9 2 2 9 8 9 2 10 9 2 9 9 2 2 10 10 10 2 10 10 2 2 2 8 2 2 9 2 10 9 8 2 10 10 10 2 10 2 2 2 10 2 2 10 2 2 2 10 2 9 10
left_child=-1 2 4 5 -2 16 8 12 9 14 -11 31 -8 37 46 -13 -3 22 -15 -19 35 -10 23 58 26 -23 30 38 29 -26 55 32 -6 34 -17 36 -21 41 39 49 -41 -4 -33 -37 -45 -30 52 48 -48 -16 -50 -52 -7 54 -36 -24 57 -44 60 -27 -5 -62
right_child=1 3 13 17 11 6 7 -9 21 10 -12 15 -14 18 27 33 -18 19 -20 20 -22 25 24 -25 28 59 -28 -29 45 -31 -32 42 -34 -35 53 43 -38 -39 -40 40 -42 -43 56 44 -46 -47 47 -49 50 -51 51 -53 -54 -55 -56 -57 -58 -59 -60 -61 61 -63
leaf_value=0.053852211488806215 -0.017271515407838479 0.0032381895829560977 -0.031418344611085287 0.0019585860999137791 0.0021429509029385549 0.00094195579832924295 0.016369116798478221 -0.039197804932181737 0.016366459533682372 0.01838294239531392 -0.0053215458052363563 0.015361504908399024 -0.039399773056707395 -0.036142937862635879 -0.0056849940369897434 -0.011528199425020879 -0.022298979587387226 0.011588195717734225 -0.017427483958052215 -0.058096425692356679 0.0085483697771784935 -0.016359680822801852 -0.030542956817510528 0.010513682486352829 -0.055861763079526977 -0.0025075320643216121 -0.0011758790391634051 0.050960264321392092 -0.038749807952850324 -0.005136505811407184 0.0029638472474039605 -0.016771331099230565 0.014026390137398865 0.0032696909660116405 -0.005092925832848429 -0.045421274001582204 0.03478448060540737 -0.02170406418091754 -0.0023243517690411503 -0.00025301363009466764 -0.012505062536758038 -0.0026445285039259701 -0.028016043838445932 -0.047103271501667848 0.04368413645199562 -0.0023570323435643066 -0.042138212374566643 0.00084023721080871681 0.044038911857018193 -0.02955489519485914 -0.042765266406799771 0.026890675804488562 -0.01936936075627553 0.0069953420447858867 0.04344655085568859 0.020195614281427958 0.0079333940947124877 0.013033494031116422 0.028174536573302628 0.018437985310397555 -0.0038652825867248591 0.010926269619539339
leaf_weight=69.939075693138875 297.683190449221 86.1887141610041 34.659247546076585 3399.2884216374077 1037.6688938957668 2595.0554387279408 63.878940703027183 69.017407885257853 253.30958751514845 218.01338592809043 146.66837372546433 94.861133815618814 15.26589472661726 168.28376748474329 71.413830191137095 877.32283896296212 166.65191320648773 983.47677802370163 280.87992468971606 5.0472566342214149 87.426524825044908 76.163178566908755 7.977234326361212 929.7060068964347 31.181003239704296 102.11889697401057 756.91891729884082 9.1853847186139301 19.154849096375983 57.201911050651688 333.82557031756733 133.12239306229458 243.41222369775642 342.52246066360385 958.67959260230418 38.585523503221339 15.35477818030631 158.89698088726436 3485.0678612591655 451.98984263074817 354.69415904798007 291.58494967854494 46.501721133714454 6.6346762762696008 8.373110661399549 530.9273532772786 3.6994496495462945 96.603602792412858 50.11843492166372 97.438967733149184 6.1283149198279743 12.626844614278523 54.894570446020225 195.84303322061896 9.2892451515945123 196.45211833255598 146.64541453169659 26.874088920230861 33.683446414535865 90.539316428315942 187.16942840277625 649.58787419028522
leaf_count=526 47374 20167 13292 84655 51883 258642 8207 20308 8114 15134 14170 7006 3410 182026 13864 122272 65911 18986 128246 274 3075 8079 333 16700 1895 9443 27630 258 900 2900 9276 4388 2017 22437 157672 2217 393 115594 335285 80370 92683 101793 10620 707 281 20527 199 5497 1739 28536 332 461 6956 9446 236 4291 4688 3598 707 9288 11370 30649
internal_value=0 -0.000226772 -0.00537924 0.00140733 -0.00274652 -0.00122807 -0.000827312 -0.0182041 -0.000510218 -0.00113195 0.00921813 -0.00169792 0.0046718 -0.0175736 -0.00165098 -0.00425514 -0.0143663 0.00413766 -0.0245041 0.00938083 -0.00449314 0.00858805 0.0032949 0.00457214 -0.0001629 0.000596315 0.00294299 -0.00348041 -0.00646073 -0.0234569 0.00872657 0.00219328 0.00441005 -0.00505978 -0.00645846 -0.0204095 0.0101658 -0.0114814 -0.00361172 -0.00820368 -0.00580694 -0.00561642 -0.00577617 -0.032022 0.00311336 -0.00369231 0.00125772 0.0129088 0.0287437 -0.0195524 0.0330996 0.00311771 0.000514052 -0.00263009 -0.00458275 0.0180767 0.000922155 -0.0130084 0.00328696 0.00738015 0.00308246 0.00752712
internal_weight=0 22199.4 5344.73 16854.7 4410.43 8576.73 8323.89 148.162 8175.73 7653.6 364.682 4112.74 79.1448 934.305 7288.92 2478.52 252.841 8277.97 449.164 1144.9 161.422 522.131 7133.07 5199.44 1933.64 268.821 1295.17 4469.79 638.465 88.3829 538.255 1634.22 1281.08 2383.66 2041.13 73.9953 20.402 485.141 4460.6 975.537 806.684 326.244 353.144 53.5933 15.0078 550.082 2819.13 169.177 72.573 168.853 68.8736 18.7552 2649.95 1163.81 967.969 204.429 220.021 73.3758 4269.73 192.658 4236.05 836.757
internal_count=2229933 2229407 984588 1244819 443637 1007053 920975 31925 889050 854126 29304 396263 11617 540951 824822 319069 86078 237766 310272 25933 6947 34924 211833 144081 67752 26810 41530 550996 26222 4795 13900 77194 53900 312063 289626 3872 667 230679 550738 215453 173053 115085 23294 3205 988 21427 273826 8228 2731 42400 2532 793 265598 167354 157908 4624 18906 14218 127381 18731 126674 42019
cat_boundaries=0 2 4 6 8 10 12 14 16 18 20 22 24
cat_threshold=1499748132 841592864 2258800200 235416620 3291788089 377454977 1073743360 4128 2962366620 406862544 1138491403 574890053 1077952512 302514272 2148017160 141297872 3567539076 810915298 546840579 135660495 1332482337 2818336 1075855616 4526114
is_linear=0
shrinkage=0.05


Tree=58
num_leaves=63
num_cat=14
split_feature=55 26 21 21 38 38 26 21 17 59 38 57 6 26 38 21 38 21 38 22 45 21 21 38 22 48 26 38 26 57 59 39 38 22 44 22 59 38 45 22 22 8 45 38 45 44 46 47 38 38 57 44 58 39 47 5 39 22 59 38 22 47
split_gain=79.6073 72.6118 41.8683 38.9993 31.4223 27.6606 22.4893 27.362 19.6555 18.3774 31.4966 14.7451 14.5583 13.5538 21.9766 16.3156 13.2228 12.3243 12.1737 11.1932 10.3783 10.2374 13.94 9.99596 9.86984 9.76654 9.30061 10.596 10.4977 9.27539 9.3595 9.82162 9.35963 16.0189 22.7342 10.5868 9.26748 16.1604 11.8621 14.6807 12.0165 9.207 9.15471 10.6388 9.139 9.04614 9.03767 9.01748 9.12242 8.91609 8.78456 8.75155 8.69765 8.62409 8.51177 8.48383 8.93152 8.44367 8.37579 9.64758 8.3088 12.2013
threshold=193.50000000000003 0.17402119934558871 3.5000000000000004 23.500000000000004 0 1 0.41196343302726751 8.5000000000000018 10.500000000000002 0.34698997437953955 2 1.0000000180025095e-35 0.53170400857925426 0.078753639012575163 3 61.500000000000007 4 7.5000000000000009 5 14.902380943298342 1.5000000000000002 56.500000000000007 14.500000000000002 6 137.12500000000003 4.5000000000000009 0.28305354714393621 7 0.18559787422418597 1.0000000180025095e-35 0.59166666865348827 1.5000000000000002 8 22.425824165344242 13.500000000000002 83.071430206298842 0.92857143282890331 9 8.5000000000000018 40.148351669311531 65.732143402099624 0.98990738391876232 8.5000000000000018 10 26.500000000000004 69.500000000000014 26.183667182922367 208.50000000000003 11 12 1.0000000180025095e-35 142.50000000000003 1.5000000000000002 5.5000000000000009 142.50000000000003 2.224449992179871 1.5000000000000002 354.87500000000006 0.074175827205181136 13 16.686607360839847 20.500000000000004
decision_type=8 2 10 8 9 9 2 10 2 2 9 2 10 2 9 8 9 10 9 10 10 10 10 9 8 8 2 9 2 2 2 2 9 10 2 10 2 9 10 10 10 8 10 9 10 2 10 2 9 9 2 2 2 2 2 10 2 10 2 9 10 2
left_child=-1 3 19 5 24 17 7 47 20 11 25 13 18 14 15 -6 -15 -2 21 -3 -8 22 -9 29 -5 -11 28 45 49 30 -22 32 35 -34 44 -32 -24 38 39 50 -40 -29 43 -12 -35 -28 -36 -4 -49 -23 -38 54 -16 -13 -18 56 -17 -44 -58 -60 61 -20
right_child=1 2 6 4 9 -7 8 12 -10 10 42 53 -14 16 52 55 51 -19 60 -21 23 26 36 -25 -26 -27 27 41 -30 -31 31 -33 33 34 46 -37 37 -39 40 -41 -42 -43 57 -45 -46 -47 -48 48 -50 -51 -52 -53 -54 -55 -56 -57 58 -59 59 -61 -62 -63
leaf_value=0.052971656871550532 -0.029523869561475957 -0.0061134266032299312 -0.012758108755794043 -0.011333325678931734 -0.022841475069988786 -0.027863324832636732 0.014170900787973157 -0.0022689058228095886 0.0089007440817571361 0.022970501312855923 0.0070447075527077302 0.0010076851462169727 0.020102102908135785 -0.0060461433625422492 -0.013856491631116602 -0.00057701764434616224 0.0027346533661497781 0.0019468515111990719 0.037378523713713252 -0.020187214326896685 0.0019885010050714846 0.022606769089207623 0.004273795981132803 -0.0095905771840950026 -0.036987630743281104 -0.0018057580286024344 0.0064573609213945341 0.0041684341824991056 -0.0054060312413228527 -0.012159363769836428 0.012748561636996475 0.01444977689494269 0.013200731061098148 -0.031043478190809416 -0.096593577374472425 -0.036790986847296848 -0.093066290843713262 0.017164166728022009 0.011430086885784117 0.007878192257050139 -0.071808254925553178 -0.0085688875745647246 -0.012552476642039274 -0.011857260411439925 0.022291641093180596 0.036521037334489741 -0.034396271457124754 0.0072363041421044027 -0.012908896516679104 -0.0025855113630814681 0.019041891378263398 0.017054375808244808 0.011704615189247662 -0.047003194133262538 -0.0055934463662846616 0.013348003414314892 -0.017664634555957102 0.048064837529007705 0.016521769563579994 -0.01141019755986992 -0.0035472337122256074 0.0020456878946872822
leaf_weight=69.543074102461105 36.782966371913062 403.39931589266052 482.5714100776604 65.043417942233646 95.031660761087551 284.21159661050478 187.54328713944415 754.58940190231806 1776.6156307633792 216.79861991142388 267.67206710376195 13.281244186196998 101.18644169173785 917.009629982771 847.85256193559144 1133.2587651521826 1175.7722438979399 175.540828020341 28.097622191649862 217.59607949607016 3381.883598547749 55.203837111155735 2614.5649056939728 162.99458649622102 91.600084787636661 48.491263247837196 500.49175515444949 292.41101531329332 999.82220683558262 101.8238702933013 173.92666870483663 337.07291863695718 52.848023532889783 10.332440200494601 6.6058021993376306 10.536709858221 9.8189875439275056 309.24659095090465 43.428496153355809 8.5820450285682437 3.8066937241237602 273.79203666374087 209.55567419390718 91.030405245888687 26.776036071532872 25.413692845613696 38.005362072959542 136.62394324933848 79.765051444999699 76.72353596011817 1.7218744279816753 83.747424251836492 33.911963930506317 30.298481886537047 414.01935521679843 88.525975798125728 165.16330321267742 4.9402478995252741 42.277879413581104 62.665020264517807 1669.4305153082387 153.29475640063902
leaf_count=539 19404 24935 51945 33289 26430 148502 4645 51898 20588 11779 17920 3362 2235 142065 320898 166527 148115 40051 616 46870 91840 3916 151673 15504 139214 1960 18019 9505 67344 11349 3143 5703 1057 271 201 225 621 10072 1290 267 282 12755 41391 19107 360 579 1192 13919 10050 6572 87 10874 7735 8684 69943 11034 39456 558 5319 8649 137291 8262
internal_value=0 -0.000228285 0.00164048 -0.00462272 -0.00352384 -0.0180839 0.00217134 0.000514264 0.00445031 -0.00290949 0.00394223 -0.00404161 0.0013514 -0.00378853 -0.00643887 -0.00284651 -0.00126137 -0.00345597 0.00110625 -0.0110694 0.0026879 0.00220289 0.00380166 0.00218422 -0.0248954 0.0177841 -0.000480597 0.00280976 -0.00365538 0.00266675 0.00305014 0.00851097 0.00221077 -0.00754359 -0.0218683 0.00923762 0.00533334 0.0126584 -0.00914906 -0.0416403 0.00337225 -0.00196048 -0.00274584 0.0020944 0.00701616 0.00782814 -0.045522 -0.00896177 -0.00047576 0.00955292 -0.0761553 0.00139029 -0.0127172 -0.0326771 0.000563666 -0.00157747 -0.00252783 -0.0109398 -0.0106803 0.000374847 -0.00242888 0.00769366
internal_weight=0 22103 15508.5 6594.48 6097.95 496.535 14887.6 8620.59 6266.96 5941.3 838.488 5102.82 7921.63 5059.24 2468.69 1586.92 2590.55 212.324 7820.44 620.995 4490.35 5969.62 3745.76 4302.81 156.644 265.29 2223.86 1092.11 1131.75 4139.81 4037.99 656.104 319.031 134.568 81.7196 184.463 2991.17 376.605 67.3581 20.1229 47.2352 566.203 573.198 358.702 37.1085 525.905 44.6112 698.96 216.389 131.927 11.5409 1673.54 881.765 43.5797 1589.79 1491.89 1403.36 214.496 270.106 104.943 1850.82 181.392
internal_count=2229886 2229347 787081 1442266 1234309 207957 715276 559198 156078 1061806 92715 969091 483284 957045 586048 257415 370997 59455 481049 71805 135490 334880 216190 130845 172503 13739 118690 40858 77832 115341 103992 12152 6449 3081 2024 3368 164292 12619 2547 975 1572 22260 78976 37027 631 18598 1393 75914 23969 10488 708 228932 328633 12046 218058 230985 219951 41949 53424 13968 146169 8878
cat_boundaries=0 2 4 6 8 10 12 14 16 18 20 22 24 26 28
cat_threshold=2120 25183232 1078111756 868867104 3357032578 136328134 1633424805 573145783 256783618 570952252 3567531524 907851888 1222915333 306722018 3559133188 537927744 1077936128 33554496 9216 295008 836796708 303499296 2496696356 878222434 75501572 33564768 554172577 2130596
is_linear=0
shrinkage=0.05


Tree=59
num_leaves=63
num_cat=11
split_feature=55 26 23 38 21 59 38 51 38 23 23 38 51 21 38 38 57 47 7 38 21 38 22 59 47 26 6 45 21 26 26 21 25 26 58 1 59 22 39 21 18 38 41 25 16 32 17 26 17 39 6 23 25 56 26 21 26 38 23 47 25 23
split_gain=70.8279 64.1813 36.5251 33.2725 31.9328 27.7211 43.7797 19.6348 17.8172 28.4969 15.9894 14.8426 14.3774 14.2707 21.1704 17.4086 19.6158 16.0266 13.5733 13.403 12.6337 12.9576 11.9623 11.5159 11.3064 10.2328 10.196 10.5667 16.1316 10.3125 10.0454 16.6131 11.1798 9.76084 9.63486 9.36816 9.18274 9.1484 9.06524 8.88379 8.85241 8.69309 8.57527 8.81595 8.36578 8.11721 8.07638 7.92996 7.88198 7.71172 7.68757 7.60696 7.41147 7.24557 7.25268 7.23697 8.95387 8.40364 8.85395 7.85172 7.74333 8.80245
threshold=189.00000000000003 0.25495098531246191 0.06471655517816545 0 2.5000000000000004 0.26201373338699346 1 0.16499999910593036 2 0.68335232138633739 0.39410315454006201 3 0.17500000447034839 32.500000000000007 4 5 1.0000000180025095e-35 63.500000000000007 1.5000000000000002 6 34.500000000000007 7 206.58333587646487 0.68333333730697643 157.50000000000003 0.55578610301017772 0.55140700936317455 5.5000000000000009 17.500000000000004 0.089587438851594939 0.477826938033104 8.5000000000000018 1.5000000000000002 0.45109994709491735 3.5000000000000004 171.50000000000003 0.92857143282890331 39.031250000000007 6.5000000000000009 11.500000000000002 37.500000000000007 8 9 1.5000000000000002 24.500000000000004 1.1950000524520876 34.500000000000007 0.26680791378021246 8.5000000000000018 2.5000000000000004 0.46979299187660223 0.15154705196619037 3.5000000000000004 4.5000000000000009 0.2504295557737351 27.500000000000004 0.41687604784965521 10 1.3699244260787966 124.50000000000001 2.5000000000000004 1.9048647284507754
decision_type=8 2 8 9 8 2 9 2 9 10 8 9 2 10 9 9 2 2 8 9 8 9 10 2 2 2 10 10 10 2 2 10 10 2 2 10 2 10 2 10 10 9 1 10 2 2 2 2 2 2 10 8 8 2 2 10 2 9 10 2 10 10
left_child=-1 2 -2 -4 25 8 38 10 12 20 19 23 22 15 37 16 18 -17 44 39 21 -10 26 -8 50 -3 27 51 -29 -30 31 32 33 -20 -9 -22 -21 -15 40 45 -7 -24 -32 -44 -12 -6 -27 -33 -11 -18 -16 -5 -53 54 -13 -49 57 58 59 -57 61 -58
right_child=1 4 3 5 7 6 11 34 9 48 13 53 -14 14 24 17 49 -19 30 36 35 -23 41 -25 -26 46 -28 28 29 -31 42 47 -34 -35 -36 -37 -38 -39 -40 -41 -42 -43 43 -45 -46 -47 -48 55 -50 -51 -52 52 -54 -55 -56 56 60 -59 -60 -61 -62 -63
leaf_value=0.051145175611819617 -0.037161428713099902 -0.021336456592934434 -0.025793530755721279 -0.023601059303611213 -0.0094601338756841388 0.01272835896706947 -0.0059802035865144688 0.0095063763063266415 -0.00079970335992328142 -0.0049504580388763297 0.0072384190693021242 0.0026922166932887483 0.0088364736672029171 0.018896418902099862 0.00043039244687394663 -0.02610624366757068 -0.001704500679227656 -0.00024418022613782638 -0.018266586518120874 -0.0080841415495859249 -0.0085306638046603756 -0.027160869415056434 -0.010181736606467205 -0.031271582377241799 -0.0087128198767288199 -0.011583333555133361 0.021715401326403427 -0.015198832411524539 -0.012770937209504047 -0.0023032230798648379 0.013694660816898317 0.019044975134694053 -0.0049290862503803918 -0.085501583238511009 0.039498647751456985 -0.034559354628240967 0.0060019057243752665 0.0052664975754653856 -0.022061051412902832 0.0087352502962597424 0.029327712994891356 0.020351419272003478 0.0089377219202423069 -0.00032460467448964647 0.024120602842781721 0.0021478743001572113 0.014392828517840765 0.0027717870097224359 0.0035804398406275723 -0.031350575896805809 0.02748915215183453 -0.020479094593776091 3.463601388576193e-06 -0.015565236665455943 -0.043902316562377329 -0.012667242788519953 -0.026542963227681904 0.020271478121183628 -0.037369483368141831 0.027514551602378087 0.015545919384167948 0.038649659006751116
leaf_weight=66.571040258742869 77.523342653579675 178.37756422088569 145.59787281450735 35.043022693072999 206.26516913762316 162.90366612454091 179.61981396975898 684.73253189791285 68.620963608082093 1442.9207689619652 131.59676708141342 1162.4324754154113 285.72877747792518 203.28513251706318 3703.9788233451109 67.12242288669222 41.862961361315683 496.70626413403079 18.871988967992369 836.6476492149086 609.50203986734778 244.26245622702118 26.872411112359259 59.369285417531501 354.2490909989865 89.574527190998197 39.997757294622716 374.01628254210664 274.80982401034271 1606.7246575792524 553.10062062169891 95.098437552835094 229.81791710681864 7.037676924141123 27.003027348226169 35.810689139598253 133.49812865009881 312.72546913998667 11.86235399697034 335.78449210485269 162.81033578804636 81.093198491354997 811.42521053302335 375.60837457072921 168.33024714421481 549.98531518640812 43.71595256368164 1434.5295245447051 332.48519093687355 45.365808899812691 25.43685370820458 44.13076356658712 2063.3772022942467 58.23622903758951 7.4145658071502103 22.946373087004758 37.039508350135293 185.64336029670085 12.910145480011122 23.85448784934124 27.811920242907945 5.0931492508389047
leaf_count=541 57246 29809 190726 16685 8482 13929 38006 8736 29212 273749 944 108278 25005 10864 118849 3670 2768 27315 428 73141 218035 100646 6146 14776 16254 5731 849 123184 57857 181044 10492 5018 11496 233 262 43014 6051 20795 1595 9472 4423 12366 13360 10343 924 17194 648 52202 19698 7974 410 2390 197030 8119 635 1039 1002 5667 723 1068 836 75
internal_value=0 -0.000123903 -0.00319873 -0.00291816 0.00224029 -0.00252977 0.00303461 0.00264559 -0.00386066 -0.00707972 0.00214432 -0.000762628 -0.00201955 0.00301968 0.00102998 0.004929 0.0060212 -0.00330525 0.00653116 -0.00184173 -0.0140503 -0.0222912 -0.00270811 -0.0118725 -0.000189002 -0.0135378 -0.00310932 -0.00333997 -0.00572782 -0.00383807 0.00572808 0.00339823 -0.00852245 -0.0390279 0.0106981 -0.0100263 -0.00607903 0.0104599 0.0189532 0.00196239 0.02109 0.0136614 0.00853705 0.00595892 0.016762 -0.00102649 -0.00302006 0.0050543 -0.00335174 -0.0173034 0.000622269 -0.000824679 -0.000434946 0.00148559 0.00235965 0.0042835 0.0111309 0.0156156 -0.00196984 0.00796064 -0.00459902 -0.0179489
internal_weight=0 22070.2 9593.17 9515.64 12477 9370.04 1804.65 12165.4 7565.4 2733.6 11453.6 1467.07 4831.79 9391.45 4599.68 4791.77 4227.94 563.829 4140.72 2062.18 958.196 312.883 4546.07 238.989 4083.66 311.668 4438.1 4398.1 2255.55 1881.53 3840.79 2100.65 255.728 25.9097 711.736 645.313 970.146 516.011 337.576 1092.03 325.714 107.966 1740.13 1187.03 299.927 756.25 133.29 1844.93 1775.41 87.2288 3729.42 2142.55 2107.51 1228.08 1169.85 1749.83 315.299 245.354 59.711 46.8009 69.9446 42.1327
internal_count=2229459 2228918 1744643 1687397 484275 1496671 189761 448087 1306910 684354 439089 169814 622556 324749 167172 157577 126592 30985 115850 114340 390907 129858 597551 52782 135513 36188 579039 578190 362085 238901 113982 79787 12157 661 8998 261049 79192 31659 19947 35148 18352 18512 34195 23703 1868 25676 6379 67630 293447 10742 119259 216105 199420 117032 108913 62612 10410 8497 2830 2107 1913 1077
cat_boundaries=0 2 4 6 8 10 12 14 16 18 19 21
cat_threshold=33556552 25182208 2367176834 6300358 1371549989 1045268530 12293 605127705 605311876 542911554 1356902916 939633056 3792183939 1593377 134383104 1053696 25174272 167774224 48 4231684 67712
is_linear=0
shrinkage=0.05


Tree=60
num_leaves=63
num_cat=15
split_feature=55 26 21 38 59 38 57 39 21 38 23 34 34 38 21 39 38 59 6 38 45 6 26 23 38 26 26 2 38 22 59 38 39 38 45 51 27 22 57 6 38 7 0 21 7 7 39 39 38 21 9 38 38 1 23 39 21 17 16 21 39 38
split_gain=66.6976 60.9168 42.8076 40.931 26.5676 33.7122 27.9924 39.9429 26.4595 23.7955 23.5534 23.4973 17.6669 16.691 14.4151 14.0404 13.0048 12.8416 17.6893 13.6384 14.8537 12.7627 12.6191 12.5341 18.3349 12.2603 12.2156 12.1668 11.6595 11.3244 11.1478 22.5617 14.1899 16.7594 10.8559 9.935 9.61422 9.44268 9.00288 8.83988 8.72459 8.37262 8.28453 8.21276 8.20542 8.18735 12.843 14.0879 12.9108 12.8325 9.62052 11.8343 10.0849 8.31162 8.17664 8.11518 10.2569 9.41151 8.09327 7.98806 7.97597 8.48084
threshold=326.00000000000006 0.11129326000809671 2.5000000000000004 0 0.65151515603065502 1 1.0000000180025095e-35 7.5000000000000009 25.500000000000004 2 0.39410315454006201 24.500000000000004 11.500000000000002 3 9.5000000000000018 1.0000000180025095e-35 4 1.0000000180025095e-35 0.15716149657964709 5 15.500000000000002 0.1455820053815842 0.53871130943298351 0.95318961143493663 6 0.61556267738342296 0.60038760304451 2.2527999877929692 7 100.54999923706056 0.38278388977050787 8 1.5000000000000002 9 56.500000000000007 0.13499999791383746 3.5000000000000004 6.0046730041503915 1.0000000180025095e-35 0.51191249489784252 10 24.500000000000004 6875.5512695312509 532.50000000000011 13.500000000000002 16.500000000000004 7.5000000000000009 1.0000000180025095e-35 11 8.5000000000000018 27.500000000000004 12 13 10.500000000000002 0.47845858335495001 2.5000000000000004 64.500000000000014 13.500000000000002 5.5000000000000009 11.500000000000002 5.5000000000000009 14
decision_type=8 2 10 9 2 9 2 2 8 9 10 2 2 9 10 2 9 2 10 9 10 8 2 10 9 2 2 10 9 10 2 9 2 9 10 2 10 10 2 10 9 8 10 8 8 8 2 2 9 10 10 9 9 10 10 2 10 2 2 10 2 9
left_child=-1 3 26 21 6 41 10 9 -5 36 11 14 -7 15 16 23 -4 18 44 -19 22 -2 42 24 34 27 -3 39 -16 37 32 38 35 -34 -12 40 -8 -27 -32 43 -10 -6 -21 45 -17 46 47 48 -15 53 52 59 55 -49 -31 56 57 -51 -39 -52 -23 -62
right_child=1 2 4 8 5 12 7 -9 30 -11 13 -13 -14 25 28 17 -18 19 -20 20 -22 60 -24 -25 -26 29 -28 -29 -30 54 31 -33 33 -35 -36 -37 -38 58 -40 -41 -42 -43 -44 -45 -46 -47 -48 49 -50 50 51 -53 -54 -55 -56 -57 -58 -59 -60 -61 61 -63
leaf_value=0.04907840215663873 -0.033804520994228426 -0.022123951528769253 0.0020451553234027359 -0.025106661261913205 -0.045017286758237338 0.0066970911895920977 -0.0006383338390138258 -0.047249232320939145 0.00090886691218040124 -0.032239812068577171 0.0096654084068547239 -0.021929251449143827 0.027605874191989462 -0.0023333526451249299 0.010340947604803542 -0.027462626883681132 -0.0096863482977272292 0.010364970686296163 0.020676008976031779 -0.0064059523016141281 -0.01688228540449898 -0.014769337984691811 0.025493885737403157 -0.0019020881704077842 -0.01205014555145514 0.024736517414892335 -0.00047202760891938261 0.013346519117721105 -0.0012141305388675822 0.027188271296997853 0.019775188254648201 -0.004366509874577088 0.0007467602478202531 -0.015278900610522509 -0.02708705619406861 0.012610189664621805 0.032096910167683776 0.0041831779362166222 -0.040973170977786619 0.035722262822443805 -0.0058967881495992115 -0.013191533273719441 0.019564763905011613 -0.051572073086218022 -0.010959020145915935 0.00051308099184075543 0.016649948954261345 -0.011414688414636468 0.0069605642271141771 0.0087131704323041154 0.039351909883408254 0.011630085996450719 0.00044137444466814098 -0.06165496790075338 -0.047433660592692509 -0.0035432579332497906 -0.044683419102954543 -0.027201954920218343 0.015265745609723991 -0.020968737330582247 0.011037709753960002 -0.014127181293215316
leaf_weight=67.813183631689753 79.647164174710269 250.40640962135876 334.64955549463048 128.00712369557004 28.734741639404092 2132.7886964696227 49.470014633814571 72.582258281559916 1094.7830232007345 30.490246280060092 740.50942965576542 161.86780955741415 105.19832529734413 467.17777041590307 278.25388148922502 94.885331220924854 797.73376446624025 178.36842998303473 38.099848226440372 233.09874670423596 180.10739264937001 773.89763440484421 44.400914143770933 1347.8690007665136 116.56392414279981 88.269338782294653 87.984008631057804 240.81377640335995 885.99380726540403 4.1438549959566471 197.96686981634411 278.08525213816756 265.27199999694494 431.97781387277792 19.710807127761655 122.5012979138628 39.977053755894303 545.82863133749925 5.3845279135275623 18.340970936289523 814.80830180991688 72.425906096548715 34.360931473318487 6.182344932050909 367.21521865620161 4441.7137336348533 182.37804596917704 21.116443556500599 1838.2823010962748 30.906514384492766 5.2105787000618866 217.73521398936282 364.87797602871433 13.136149316676891 13.871393218869342 102.07034990278771 35.964714336907491 42.204770131735131 235.70474880561233 50.95678193110507 62.306341799674556 50.653761832074451
leaf_count=639 117153 53681 14594 60901 1619 63062 3606 18782 153753 9880 35568 67562 6092 10014 17434 4128 92124 16106 3729 10722 8081 365238 760 85691 24940 1164 4095 8292 79621 66 9337 27760 46738 84486 1307 14177 5267 11652 1496 562 166695 13239 273 657 55943 368937 2086 278 22676 495 35 2966 5987 269 398 1644 1112 870 1931 1185 24083 16081
internal_value=0 -0.000223932 0.0010742 -0.00555703 0.00141809 0.0063734 0.000645645 -0.0182479 -0.00289492 -0.000451619 0.000892287 -0.00357644 0.00765761 0.00178122 -0.00227394 -0.00120428 -0.00628805 -0.00563804 -0.0116922 -0.00110982 -0.00538376 -0.0145604 0.00111759 0.00112469 0.00577458 0.00290974 -0.0165123 0.00229945 0.00163235 0.00848725 -0.00201085 0.00499697 -0.00324836 -0.00939765 0.00856564 -0.00113484 0.0127731 0.00931229 0.0171355 0.0019584 -0.00202273 -0.0205703 -0.00300901 0.00187465 -0.0143998 0.00192353 0.00378071 0.00303988 0.00509711 -0.00232397 -0.00109659 0.00660285 -0.00476281 -0.0318846 -0.029742 -0.0131182 -0.0231563 -0.0121068 0.00754084 -0.0125816 -0.0129599 -0.000542819
internal_weight=0 21995.9 17690.6 4305.29 17352.2 2339.15 15013.1 192.52 3338.79 119.937 14820.6 2458.5 2237.99 12362.1 2296.63 3395.19 1132.38 1170.54 500.2 670.336 491.968 966.505 311.861 2224.65 876.784 8966.89 338.39 8079.07 1164.25 887.818 3210.78 481.437 2729.34 697.25 760.22 2032.09 89.4471 869.803 203.351 7838.25 1909.59 101.161 267.46 7819.91 462.101 7813.73 3372.02 3189.64 2305.46 884.179 849.927 273.903 576.024 34.2526 18.0152 211.146 109.076 73.1113 781.533 56.1674 886.858 112.96
internal_count=2229719 2229080 1141182 1087898 1083406 84012 999394 37535 565343 18753 961859 271335 69154 690524 203773 247248 106718 99742 63800 35942 19836 522555 11755 147506 61815 443276 57776 428065 97055 15211 504442 38593 465849 131224 36875 334625 8873 14747 10833 419773 320448 14858 10995 419211 60071 418554 49617 47531 32690 14841 14294 4186 10108 547 464 4121 2477 1365 13583 1220 405402 40164
cat_boundaries=0 2 4 6 8 10 12 14 16 18 20 22 24 26 28 30
cat_threshold=100821593 630608921 2818585633 538936321 77628928 168340528 794725602 178417544 67109376 4198432 68453408 136446856 574783616 169872512 1073746944 1118208 3909616002 270606784 2686485536 273255328 3915125152 33554914 2149580816 537493506 8401153 541065312 2415927552 273485889 33686041 67502089
is_linear=0
shrinkage=0.05


Tree=61
num_leaves=63
num_cat=15
split_feature=55 16 38 23 21 26 2 21 38 59 59 57 21 5 21 23 16 21 39 38 59 39 47 27 38 21 38 46 48 30 26 39 38 21 26 51 21 38 38 41 52 38 44 26 38 38 38 59 21 47 23 46 57 18 21 58 38 38 45 21 47 16
split_gain=64.8896 64.9946 49.8992 24.3867 22.747 22.3603 21.8189 19.8533 19.7167 18.117 13.0831 16.3667 13.6316 13.1543 12.5377 12.059 14.6234 11.5191 10.7915 23.0333 10.6781 12.1039 10.6725 10.3827 9.85929 9.72389 12.1505 9.26881 9.21764 8.99536 8.96913 8.86666 8.68991 8.63422 8.56339 8.17532 10.6783 13.8621 9.16827 10.284 10.4386 8.00494 7.88686 21.0979 9.56656 9.29664 8.5759 7.95724 7.8619 8.58988 7.7717 7.34387 7.31175 7.14085 7.00998 6.73481 7.83755 6.68691 6.63 6.62254 6.60414 6.51926
threshold=216.00000000000003 1.5000000000000002 0 0.77786782383918773 2.5000000000000004 0.53871130943298351 2.9942500591278081 5.5000000000000009 1 0.17914438992738727 0.48529411852359777 1.0000000180025095e-35 319.50000000000006 3.116899967193604 15.500000000000002 0.95318961143493663 18.500000000000004 8.5000000000000018 1.0000000180025095e-35 2 0.73214286565780651 1.0000000180025095e-35 69.500000000000014 2.5000000000000004 3 29.500000000000004 4 41.409009933471687 1.5000000000000002 0.88615000247955333 0.70057469606399547 7.5000000000000009 5 1.5000000000000002 0.33398950099945074 0.17500000447034839 19.500000000000004 6 7 8 1.0000000180025095e-35 9 9.5000000000000018 0.036297759041190154 10 11 12 0.12249999865889551 20.500000000000004 9.5000000000000018 4.1922760009765634 19.017667770385746 1.0000000180025095e-35 124.50000000000001 8.5000000000000018 1.5000000000000002 13 14 2.5000000000000004 16.500000000000004 133.50000000000003 8.5000000000000018
decision_type=8 2 9 10 10 2 10 8 9 2 2 2 10 8 10 10 2 10 2 9 2 2 2 10 9 8 9 10 10 2 2 2 9 10 2 2 10 9 9 1 2 9 2 2 9 9 9 2 10 2 10 10 2 10 10 2 9 9 8 10 2 2
left_child=-1 2 7 25 30 6 8 33 14 17 11 12 13 -9 20 -16 22 28 50 -20 21 -6 29 -23 -8 -4 -27 51 -10 -17 -3 -13 -24 -2 42 36 37 54 39 -38 -41 -14 45 44 -44 47 -45 58 -47 -50 -19 -25 55 -21 -7 -5 -57 -12 -15 -48 -28 -56
right_child=1 4 3 52 5 35 24 10 9 -11 57 31 41 34 15 16 -18 18 19 53 -22 23 32 27 -26 26 60 -29 -30 -31 -32 -33 -34 -35 -36 -37 38 -39 -40 40 -42 -43 43 46 -46 48 59 -49 49 -51 -52 -53 -54 -55 61 56 -58 -59 -60 -61 -62 -63
leaf_value=0.049588826437821268 -0.035089437341012476 -0.015655871043807376 -0.028238812644968775 -0.0062924730012568616 0.00094614415688202723 0.0088438883030419642 -0.0086425241192732479 0.025875799714404887 -0.033299094309970932 0.0039698440429138202 0.016126400588531712 -0.0070284393261590711 0.0044445728771465567 0.015575502238197526 0.0088343376258588138 -0.028306507191194416 0.013738557145072104 0.00025638314212559325 0.008224249040883631 -0.018721929317317986 0.010953192197367914 0.0049221958397699661 -0.0037289856048774669 0.029795056360488598 0.018646888533833041 -0.031993156876767098 -0.0086217633670003721 -0.0078040547562345424 -0.0084644522990543862 0.010065915160838317 0.013946857612219392 -0.04368181966357821 0.0033378945135501244 -0.010532873662814593 0.00090662478373577818 0.020589551811204563 0.0081597056057186711 -0.0018665419768700742 0.008293283867996562 -0.0062760822767888181 -0.044205971241687528 -0.020809290306644648 -0.0021414458535175033 -0.0074078794572683447 -0.027919778837310949 -2.2270273639659999e-05 -0.010569900369588754 0.013592144186565701 0.049991921704968009 0.007878705681158003 -0.015582111240997388 -0.030716524955725379 -0.034248779182725918 -0.0060572113618880263 0.012367610301768403 0.016085256806315212 -0.011505635230397987 0.0021831361122618474 -0.011960656932096683 -3.0359310637795325e-05 -0.024631651114967807 0.025850080471979522
leaf_weight=64.898274295352167 40.651237160214805 225.95724518541101 168.07278434669934 803.04163249344492 714.59953355400285 380.03981181164272 35.586105219663295 43.019573352969019 41.676237673500509 1319.9232159933163 81.025082618623856 31.605608732184919 42.013146801647963 22.829912517787307 1337.5456963281977 14.922929693013428 275.40531591678155 2166.3138882004496 163.27780148395686 272.57409231764541 164.88968471255794 80.313862083945423 867.70024236493919 4.5274794816505155 245.53748055211327 80.279158792627641 428.21392021147039 149.58124361884984 313.39663711402318 406.01160435221391 28.05897437769454 34.590652764891274 850.59948979677574 270.54889716834987 2261.9241788113868 118.93142995680682 123.42137067194562 187.29017394359107 320.88138317706762 222.00242172193248 18.81796473893337 129.88074452613364 64.33818475346925 826.0498835615108 122.6536015224865 806.35430408724642 165.49449232800544 40.096944200413418 11.793499872321261 246.42986042748089 79.321976067643845 92.996320636651944 20.61040413682349 189.90813770850582 199.62814990934567 65.250503364375618 30.961710613250034 1562.9749736379017 283.42992536348538 1422.2815683442022 75.448412557463598 167.3955640734639
leaf_count=576 13509 31376 113293 241575 31683 5370 3510 3222 3829 59818 5205 8543 3917 2489 54364 243 2764 148131 18541 28193 3581 1505 26165 163 4889 131741 224084 11508 33978 6052 610 10683 27994 48268 97993 862 1589 4778 4165 3189 389 17570 23988 117773 70613 51263 44736 3409 136 11740 4144 7006 7714 18665 2930 11558 11022 92547 43426 218856 45055 1164
internal_value=0 -0.000101413 -0.00302692 -0.0108945 0.00242746 0.00275407 0.00182542 -0.00146562 0.00141855 -0.000960909 -0.000995983 -0.00199626 -0.00174175 -0.0013624 0.00359444 0.00502721 0.00291554 -0.00298162 -0.00192899 -0.00773007 -0.000830666 -0.00270407 0.00151642 -0.0106494 0.0155287 -0.0176336 -0.0145381 -0.0157099 -0.0114647 0.00864168 -0.012344 -0.0265466 -0.000233079 -0.0138428 -0.00155327 0.007978 0.00703969 0.0105138 0.00229342 -0.00314148 -0.00903681 -0.0155934 -0.0029401 -0.00457246 -0.0207079 6.99809e-05 -0.00331444 -0.00691805 0.00239036 0.00998752 -0.000309762 -0.0276334 -0.00549031 -0.0132596 0.0134609 -0.00479387 0.0076504 0.00299102 -0.00986398 -0.00112776 -0.0108491 0.0185704
internal_weight=0 21960.9 10181.9 1671.88 11779 11525 9786.61 8509.99 9505.49 4546.39 8198.79 6554.79 6488.59 6316.7 4959.09 3752.19 2414.64 3226.47 2871.4 625.76 1206.91 1042.02 2139.23 327.419 281.124 752.014 583.941 247.105 355.073 420.935 254.016 66.1963 1718.3 311.2 6273.68 1738.41 1619.48 934.354 685.123 364.242 240.82 171.894 4011.75 2600.82 186.992 1410.93 2413.83 346.357 1064.58 258.223 2245.64 97.5238 919.864 462.482 747.064 899.254 96.2122 1644 306.26 1587.78 503.662 367.024
internal_count=2229652 2229076 1675928 786042 553148 521162 496726 889886 488327 315299 828109 730357 711131 689644 173028 117582 63218 255481 217674 65399 55446 51865 60454 20182 8399 514173 400880 18677 37807 6295 31986 19226 54159 61777 686422 24436 23574 14242 9332 5167 3578 21487 588429 475966 94601 112463 381365 49324 63139 11876 152275 7169 271869 46858 9464 264155 22580 97752 45915 263592 269139 4094
cat_boundaries=0 2 4 6 8 10 12 14 16 17 19 21 23 25 27 29
cat_threshold=3589300996 443132066 1363554445 876950208 67109392 558353 34472128 181004 133192 25182272 21372932 268443712 1073741824 269025312 268435456 33652768 26 268443648 402685954 17842432 35659778 2225095428 134258816 1095762176 2162722 34343091 1442629 2164261120 6299776
is_linear=0
shrinkage=0.05


Tree=62
num_leaves=63
num_cat=15
split_feature=55 16 38 21 2 26 21 21 5 38 21 59 57 50 26 47 21 38 47 21 36 27 39 2 39 9 38 3 47 5 38 47 20 38 20 21 59 39 38 22 39 38 18 5 16 26 22 38 47 38 21 41 56 22 38 38 21 57 38 9 41 26
split_gain=59.7567 53.4556 45.6317 22.5885 21.1887 22.2442 29.296 17.3206 16.8419 15.592 15.1464 14.7392 15.4368 14.3884 13.8775 14.2725 15.0479 13.2131 10.5241 10.3811 10.035 9.81336 9.45047 9.18846 8.67711 8.45805 8.29891 7.69773 7.50669 7.06941 6.87584 6.8127 13.3162 10.6357 6.75041 10.2134 6.71416 14.9804 19.2535 8.6001 11.0183 8.49097 7.48109 7.47073 7.61814 6.70993 6.67434 11.8575 6.49598 6.45602 6.39238 6.35639 6.31877 6.25872 6.51692 6.21827 6.18925 6.18292 6.16292 6.15579 6.12037 10.2244
threshold=216.00000000000003 1.5000000000000002 0 6.5000000000000009 2.3457499742507939 0.41196343302726751 8.5000000000000018 32.500000000000007 4.4583499431610116 1 5.5000000000000009 0.45804196596145635 1.0000000180025095e-35 1.0000000180025095e-35 0.078753639012575163 27.500000000000004 51.500000000000007 2 70.500000000000014 25.500000000000004 1.0000000180025095e-35 3.5000000000000004 11.500000000000002 3.98229992389679 5.5000000000000009 1.5000000000000002 3 0.1702775061130524 223.50000000000003 14.912499427795412 4 178.50000000000003 35.500000000000007 5 14.500000000000002 33.500000000000007 0.078461539000272765 1.0000000180025095e-35 6 15.276388645172121 4.5000000000000009 7 90.500000000000014 2.4272500276565556 8.5000000000000018 0.11088342592120172 20.135632514953617 8 52.500000000000007 9 380.50000000000006 10 2.5000000000000004 320.50000000000006 11 12 216.50000000000003 1.0000000180025095e-35 13 11.500000000000002 14 0.58544605970382702
decision_type=8 2 9 8 10 2 10 8 8 9 10 2 2 2 2 2 10 9 2 10 2 10 2 10 2 10 9 8 2 8 9 2 2 9 2 10 2 2 9 10 2 9 10 10 2 2 8 9 2 9 10 1 2 10 9 9 10 2 9 8 1 2
left_child=-1 2 3 20 5 6 31 55 27 -9 21 12 14 19 15 -10 -17 18 25 28 -2 -7 51 -11 -14 45 -18 -5 60 34 -13 32 -3 -33 35 -6 37 50 39 -39 43 -38 -40 44 -41 -8 47 48 -16 -22 58 56 -53 54 -48 -4 -20 -24 -19 -43 -12 -62
right_child=1 4 7 8 29 10 17 9 11 23 13 30 24 -15 46 16 26 36 22 -21 49 -23 57 -25 -26 -27 -28 -29 -30 -31 -32 33 -34 -35 -36 -37 41 38 42 40 -42 59 -44 -45 -46 -47 53 -49 -50 -51 -52 52 -54 -55 -56 -57 -58 -59 -60 -61 61 -63
leaf_value=0.048235887425965018 -0.031956303101055059 -0.013842747668216358 -0.0043329203454060923 0.0029702717984751853 -0.032879423749239217 0.00091459643000046465 -0.015295755665287639 -0.02675541990749853 -0.0022917968422349797 -0.0084484389252844211 0.011200167549834807 -0.011125654606622163 -0.002356786875096582 0.016879287686006376 -0.021806919997641259 -0.021809063219496761 -0.014315030747465429 -0.0076406055150065521 -0.0028482665945223197 0.0017597416072870323 0.001721910902143786 -0.01398274089936662 0.022770754253636689 0.0062578784515925183 -0.040582440961651374 0.0048097551690631972 0.0011072702539051541 0.024216729860312231 -0.00013234825520974718 0.024587347405358839 0.0038521102740387428 0.0044546619760839406 -0.071721534053627148 -0.012960755486013076 0.025253010498131997 0.0083554032370454709 0.0071463584701960837 0.040631738089270633 -0.024060972780932419 -0.0019051144655453925 0.027100222730931212 0.013550087068162533 -0.009825752343109749 0.043204039751854752 -0.031760397289091941 0.020166311933421669 -0.0052044168635304346 0.0048987694397762014 0.0015214864900685639 -0.013353393229081859 -0.038194048058462111 0.0033456945083985578 -0.013039034462806832 0.023700343384584471 -0.00051931309222848676 -0.02918759620758804 -0.034567193962716361 -0.042589981256393843 0.00091936334746395851 -0.0039138415651282154 0.00039835413097974676 0.014311103181081492
leaf_weight=63.081945343437837 57.291876896520989 268.36497947859971 49.658391828710592 78.038992320209218 16.230254601774504 557.40035726656788 13.598607203952268 102.01478751361901 948.33101972274744 1069.7483053469077 1002.004108315683 70.616199632917414 23.586695299221901 280.81528546847403 70.37268373410916 240.10832760096855 141.4134960717638 226.19544420917009 382.76154093789592 1359.2231800746231 99.794012018988724 136.86054346588935 71.300123307155445 117.18653720366274 39.66272692970233 312.69428954468458 207.52477872711461 93.804872375440027 276.29300520280958 120.96877932916686 1541.0492800643769 151.22148010858655 9.400948607537428 189.29789967733086 45.583672863918764 116.24331575403266 496.11820302631531 13.794521543983135 164.9783593055181 109.43194242116442 31.663986842686427 55.714983132362249 213.47045036775671 6.6042865844101462 25.596357726695715 195.69403022935148 1000.8129831313709 906.16318513001897 51.070794397994177 264.01225120730669 10.043984692296361 1914.256875937157 59.740102852025302 23.288610088537098 2817.0636966597012 147.67529730130627 15.039898913295472 2.9081178861670187 1841.5867427117555 457.53554827064363 429.35910012028762 189.74843479975243
leaf_count=579 32718 33467 23748 2638 1448 14550 1166 157809 79189 422857 16133 11422 5709 2150 3982 135759 30329 35447 20626 21466 4694 8796 2449 25914 13473 5778 34666 11381 7585 3884 84431 14887 593 36708 1065 3397 20083 645 20170 10595 1560 1068 21452 377 851 4367 150234 45493 5553 37904 1022 98984 3883 3541 252981 99913 1214 596 99608 24302 8256 2268
internal_value=0 -0.000117751 -0.00277452 -0.00137803 0.00217576 0.0018325 0.000148901 -0.010836 -0.000802511 -0.00878353 0.00471186 -0.00113269 -0.00219849 0.00603679 -0.0019536 -0.00609334 -0.0121993 0.00112148 0.00359193 0.00509696 -0.0126614 -0.00203802 0.00222649 -0.00693406 -0.026586 0.0100425 -0.00554337 0.0146411 0.00748543 0.0152932 0.00314425 -0.0102507 -0.0160519 -0.0054854 0.00887689 0.00309495 -0.000893676 -0.00222061 -0.0094277 0.00383545 0.000910178 0.00257125 -0.0156656 -0.00509393 -0.00775645 0.0178004 -0.000645435 0.00293191 -0.0111534 -0.00954361 -0.000255399 0.00167244 0.00282916 -0.00160298 -0.00176349 -0.0246765 -0.0040301 0.0196771 -5.27443e-05 -0.00195735 0.00878304 0.00460438
internal_weight=0 21930 10160.3 8674.01 11769.7 11470.7 7239.01 1486.28 8252.91 1288.95 4231.7 8081.06 6469.4 3537.44 6406.15 1537.38 589.047 6620.73 2967.99 3256.63 421.098 694.261 2446.01 1186.93 63.2494 521.987 348.938 171.844 1897.4 299.026 1611.67 618.285 277.766 340.519 178.057 132.474 3652.73 2643.37 565.54 187.091 173.297 1009.37 378.449 141.633 135.028 209.293 4868.77 1027.61 121.443 363.806 2077.83 2371.8 1974 3841.17 3817.88 197.334 397.801 74.2082 2067.78 513.251 1621.11 619.108
internal_count=2229813 2229234 1676338 946097 552896 543102 461898 730241 870781 606580 81204 856762 760909 57858 741727 279943 200754 376243 139063 55708 75316 23346 127752 448771 19182 11311 64995 14019 34242 9794 95853 85655 34060 51595 5910 4845 237180 191727 55650 14028 13383 45453 41622 11823 11446 5533 461784 55028 9535 42598 136077 124707 102867 406756 403215 123661 21840 3045 135055 25370 26657 10524
cat_boundaries=0 2 4 6 8 10 12 14 16 18 20 21 23 25 27 28
cat_threshold=3589825412 441039090 133192 25182208 4043453349 876880709 289948160 302100528 8452 32784 2353565828 704647270 67108872 623632 138183682 3803298 1064964 167780418 0 32 10 89653632 4262018 166912 562037760 201329728 541720 184
is_linear=0
shrinkage=0.05


Tree=63
num_leaves=63
num_cat=14
split_feature=55 16 38 21 21 26 38 34 21 38 59 34 59 57 5 57 59 38 21 38 26 59 30 2 5 21 57 59 51 44 38 17 38 7 59 38 0 38 38 16 30 7 22 24 45 38 21 24 3 0 9 56 38 57 58 21 38 38 32 21 34 21
split_gain=54.2396 50.8432 41.3762 22.4735 21.7608 19.6865 17.9315 16.3285 16.2718 13.6415 17.0411 12.7135 12.5093 11.3995 10.9036 10.5708 13.6502 11.7976 9.64366 10.5852 9.32534 8.9603 8.91959 8.87917 8.81987 8.38768 7.9132 8.43192 7.90759 7.81122 8.54616 8.3847 7.39524 10.6489 7.2102 11.3738 6.9984 6.81728 6.78068 6.75027 6.69398 6.53718 7.28325 6.47248 6.45042 6.38392 6.3279 6.24384 6.23901 6.40462 6.13567 6.1032 5.94934 15.8774 5.9412 5.84614 7.92536 5.83289 5.79551 5.74541 5.70965 9.56254
threshold=189.00000000000003 1.5000000000000002 0 29.500000000000004 2.5000000000000004 0.53871130943298351 1 24.500000000000004 6.5000000000000009 2 0.73214286565780651 7.0000000000000009 0.48529411852359777 1.0000000180025095e-35 3.116899967193604 1.0000000180025095e-35 0.13484849035739901 3 79.500000000000014 4 0.70057469606399547 0.17914438992738727 0.83034998178482067 1.9856500029563906 2.3978500366210942 29.500000000000004 1.0000000180025095e-35 0.55050507187843334 0.2650000005960465 13.500000000000002 5 9.5000000000000018 6 23.500000000000004 0.78888890147209179 7 3152.789916992188 8 9 5.5000000000000009 1.0054999589920046 1.5000000000000002 21.016666412353519 1.0000000180025095e-35 27.500000000000004 10 8.5000000000000018 1.0000000180025095e-35 0.10205899924039842 2613.1469726562505 32.500000000000007 6.5000000000000009 11 1.0000000180025095e-35 2.5000000000000004 77.500000000000014 12 13 1.1250000000000002 225.50000000000003 16.500000000000004 49.500000000000007
decision_type=8 2 9 8 8 2 9 2 8 9 2 2 2 2 8 2 2 9 8 9 2 2 2 10 10 10 2 2 2 2 9 2 9 8 2 9 10 9 9 2 2 8 10 2 10 9 10 2 10 10 10 2 9 2 2 10 9 9 2 8 2 10
left_child=-1 2 8 7 20 9 43 46 11 21 13 47 14 23 -10 16 24 -18 19 25 -3 28 -17 29 -8 -16 27 38 44 30 -11 51 33 -12 -23 -36 57 -26 -7 -33 60 42 58 -5 -6 -46 -4 -2 49 59 -32 -31 -14 55 -28 -54 -57 -20 -41 -37 61 -34
right_child=1 4 3 6 5 26 15 -9 12 10 32 -13 52 -15 18 22 17 -19 36 -21 -22 34 -24 -25 37 -27 54 -29 -30 31 50 39 40 -35 35 48 -38 -39 -40 41 -42 -43 -44 -45 45 -47 -48 -49 -50 -51 -52 -53 53 -55 -56 56 -58 -59 -60 -61 -62 -63
leaf_value=0.047747180627961877 -0.0073120069352288338 -0.015746431905698893 -0.03114099505677223 -0.038495689402761116 -0.0041946735467948831 0.0080945669434811726 -0.0086460289409338118 -0.036990066179924529 0.023245445687274557 0.014594955250251085 -0.070267106698886264 -0.025442975014624176 0.00090286975680038326 -0.02437574994866475 -0.028096509848641562 0.027580164478146249 -0.0086235380670846035 0.0087270705410232852 -0.0024188273020371454 0.00079790359584327943 0.01458201022229428 0.0058306965902131273 -0.042122924947814624 0.014087094264393602 0.018899852766152445 -0.0048360350398968799 -0.0020715957482454277 0.016576447587815232 0.011920850186906161 -0.00036146962914950382 0.0037928252924928382 0.015029261783833056 0.01896248736014685 0.0069069317030112758 -0.028664219483803918 0.014525148013156384 -0.00063848234783089701 -0.0047669436009970846 -0.00067820851576900999 -0.0001688928440701325 0.0060753514729833587 0.0017710882020527262 0.0022719088941346296 -0.011286763261965108 0.0068276745520243036 -0.0097382329892188382 -0.0064447736119884209 0.021747154843332658 0.027058445668138021 -0.0061513078430583349 -0.024127206389222944 -0.019458691892705073 0.011502354855716025 -0.035689652063810293 -0.042969993307139298 -0.0069167646310165495 0.016149863389594583 -0.0085584111081251565 0.021240385905269308 -0.061391027113920207 0.036449977074527698 -0.0014140659246063255
leaf_weight=58.34543013619259 279.16462483484065 224.73815276412643 32.231564218815038 64.969006544644799 2030.498987937086 1163.6987541758572 1297.0668543514948 110.75014760489285 43.024096452951198 221.61282987939194 6.6859217130404458 107.25525344474408 958.50318036538374 39.502186249148508 54.382307609062991 4.6583856714278218 139.96178577990577 272.49073820413832 702.7704782783112 3073.4938295629981 27.761806718423031 697.28208260045722 30.649982378614368 153.03527534199384 43.614941660845943 130.97418593041948 31.954120490932837 240.04917508992366 89.39856438264178 2387.3441451025792 82.819455731776543 117.56406244580285 240.31144224053423 10.302430421099414 27.713369758886984 63.681320561132452 973.61909030532843 64.176892760933697 277.2890099256183 41.138265000656247 310.65673042697017 2175.8930266177013 195.67821886739694 34.32245190451431 258.28492347514839 64.537380561105238 122.02059722110789 18.830678490689024 19.199877755600028 202.24880449588818 24.731073982722592 41.583997185858607 461.99234747290029 19.850060659548035 11.356265471433288 109.83817535219714 42.829137448381516 933.83179764649321 135.25606400705874 1.6176585668144969 31.058283525795559 75.446629531390499
leaf_count=527 20914 31579 20984 129536 175784 14102 467646 84206 2615 3012 505 46245 54303 5557 22169 1104 47972 49121 99973 245855 587 34093 12452 4248 14352 28414 1247 2341 5518 148517 2722 4259 4352 1765 2582 4074 39963 21994 5514 284 6455 60816 1526 28928 9105 9696 44557 408 128 3977 936 3492 22428 6792 1185 6185 1781 155673 829 180 691 1282
internal_value=0 -0.000118427 -0.00271319 -0.00873182 0.00212339 0.00244345 -0.00690886 -0.0224109 -0.00101324 0.00157169 0.00295507 -0.0107609 -0.000486882 0.00205691 -0.00154654 -0.00566327 -0.00515701 0.0028352 -0.00173221 8.18588e-05 -0.0123675 -0.00095339 -0.0324204 0.00224849 -0.00750379 -0.011175 0.00736645 0.00791237 -0.00259476 0.00191191 0.00936527 0.00142859 0.0104635 -0.016507 0.00299871 -0.00327949 -0.00399622 0.00619394 0.00645856 0.00336439 0.011264 0.00282048 0.0089362 -0.0266403 -0.00315101 0.00340616 -0.0117725 -0.00540913 0.000252349 -0.00175552 -0.00255508 -0.000696293 0.00344428 0.00714923 -0.0135232 0.00870453 0.00021816 -0.00599214 0.0162746 0.0117469 0.0162048 0.0141047
internal_weight=0 21849.2 10127.3 2216.91 11721.9 11469.4 1951.91 265.002 7910.36 9745.08 6290.62 405.251 7505.11 5616.16 5912.1 1852.62 1817.31 412.453 5869.07 3258.85 252.5 3454.46 35.3084 5576.66 1404.86 185.356 1724.35 1681.04 2442.72 5423.62 329.163 5094.46 674.461 16.9884 1011.74 314.461 2610.22 107.792 1440.99 2665.53 657.473 2547.97 372.073 99.2915 2353.32 322.822 154.252 297.995 286.748 267.548 107.551 2428.93 1593.01 634.51 43.3104 614.66 152.667 1636.6 176.394 65.299 346.816 315.758
internal_count=2230037 2229510 1676570 922852 552940 520774 773105 149747 753718 496385 251248 67567 686151 236198 594662 614641 601085 97093 592047 296438 32166 245137 13556 230641 503992 50583 24389 21957 200103 226393 6670 219723 15050 2270 45034 10941 295609 36346 19616 67714 12780 63455 2639 158464 194585 18801 65541 21322 8359 8231 3658 152009 91489 37186 2432 30394 7966 255646 1113 4254 6325 5634
cat_boundaries=0 2 4 6 8 10 12 14 16 18 20 22 24 26 28
cat_threshold=3505390340 306817250 133192 25182208 649628002 161019707 570479616 739247129 2148532480 8322 1342185601 268763328 8709 327680 256 37120 202114208 671088665 1084235780 268959778 539492640 524578 6291972 34179104 1342177536 268435456 3499098112 524418
is_linear=0
shrinkage=0.05


Tree=64
num_leaves=63
num_cat=11
split_feature=55 23 38 26 21 17 46 59 38 6 51 3 38 21 22 22 38 45 46 23 21 59 21 38 34 58 41 38 57 26 20 48 46 28 21 41 46 34 21 38 47 26 45 27 23 22 22 48 57 38 21 46 47 45 21 39 41 23 20 20 2 27
split_gain=55.0519 51.545 52.1631 30.3774 21.3594 15.7783 14.0224 13.9474 38.9101 13.4479 11.6147 10.9665 12.4181 10.315 10.2854 10.9236 10.1829 9.43731 9.50274 10.1303 9.3627 8.53167 8.29491 11.5909 7.57694 7.53006 7.78293 7.46365 9.43009 8.33862 10.2546 10.8899 9.70215 9.54763 8.59107 8.14745 7.52488 10.5283 7.42738 7.42524 7.29503 7.61741 9.8263 7.23289 9.14039 7.74139 9.31659 8.94884 7.18551 7.1847 12.0041 11.9404 9.11567 7.71845 7.24705 7.06873 9.78125 7.06023 7.03038 8.60882 6.96169 7.72143
threshold=189.00000000000003 0.39410315454006201 0 0.25495098531246191 2.5000000000000004 19.500000000000004 21.627532958984379 0.26201373338699346 1 0.54139900207519542 0.17500000447034839 0.040276000276207931 2 8.5000000000000018 54.585714340209968 52.041666030883796 3 1.5000000000000002 24.687916755676273 0.35222586989402777 38.500000000000007 0.63068181276321422 335.50000000000006 4 65.000000000000014 2.5000000000000004 5 6 1.0000000180025095e-35 0.41196343302726751 12.500000000000002 2.5000000000000004 18.332023620605472 32832.000000000007 122.50000000000001 7 19.383268356323246 19.000000000000004 300.50000000000006 8 94.500000000000014 0.59743010997772228 30.500000000000004 1.5000000000000002 0.69169431924819957 11.03901529312134 20.135632514953617 3.5000000000000004 1.0000000180025095e-35 9 15.500000000000002 20.167246818542484 154.50000000000003 13.500000000000002 297.50000000000006 3.5000000000000004 10 0.035005846992135055 14.500000000000002 20.500000000000004 15.133749961853029 1.5000000000000002
decision_type=8 10 9 2 8 2 10 2 9 8 2 10 9 8 10 10 9 8 8 10 10 2 10 9 2 2 1 9 2 2 2 10 10 2 10 1 10 2 10 9 2 2 10 10 10 10 10 10 2 9 10 10 2 10 10 2 1 10 2 2 8 10
left_child=-1 2 4 7 57 27 -4 16 21 -10 11 12 14 -14 15 17 -3 -6 19 -19 -8 38 48 -24 -22 26 -15 28 36 32 33 -32 34 -31 -29 -33 37 -5 -9 -11 41 -37 -43 44 -38 -46 -47 -48 -18 50 -34 -51 54 58 -53 56 -52 -2 -54 -60 -7 -62
right_child=1 3 6 5 10 60 20 8 9 39 -12 -13 13 25 -16 -17 22 18 -20 -21 24 -23 23 -25 -26 -27 -28 29 -30 30 31 35 49 -35 -36 40 43 -39 -40 -41 -42 42 -44 -45 45 46 47 -49 -50 51 55 52 53 -55 -56 -57 -58 -59 59 -61 61 -63
leaf_value=0.048273136938443567 -0.037407537387765061 -0.0071085149660556849 -0.0061010137622297322 -0.019881114997071486 0.012638583824798095 0.037317828111077742 -0.023492857157705729 0.012721013817779304 -0.022598260616137109 0.0042160141564914133 0.008547232887312517 0.014999261530295294 -0.01362944233207769 -0.0019083244418721243 0.0062492039828680786 -0.031477791186195314 -0.00084272798180557546 -0.0098673177463759476 -0.00092860628465548257 -0.057704381923221415 0.0037157633436527421 0.02532978952435206 0.0044319119322620169 -0.0188510706195716 -0.03804113324123222 0.010864471598399279 -0.010341682320860968 0.016394709913935625 -0.034002069272287709 -0.0031491572122179777 0.0097827414596359102 -0.0026862636946077059 -0.011859963500451003 0.0044755101477270045 -0.017377048789122537 0.001779689153566326 -0.05153764175356447 0.035794541809028343 -0.023795655437586827 -0.0050618372779143144 0.0063171430714086671 -0.0070389944700514117 -0.072335413680488542 0.0051457280229836606 -0.01431005435564689 0.040431276495628291 0.021329703994241663 -0.0077857850607535835 -0.028811577644129699 -0.029157089259863614 -0.0063862999519886596 -0.00029905966510997215 0.029021527837088175 -0.026422083943080404 -0.038552558916529998 0.012793675993832894 0.0049004768295387692 -0.012762605686489199 -0.033272114660547802 -0.0050402565535576146 0.012676274255311232 0.0048922927594924684
leaf_weight=57.797986530116759 32.424407366612286 977.90557957678357 224.82847163344559 51.933268381282687 110.20315956135164 18.486048218270298 475.23688533512359 188.25077871225585 74.305608193073567 410.73175376468862 268.1560409965914 89.569687158917077 339.43765415475718 821.95897610450629 494.45469061122276 29.797356483148178 4215.0881390716513 177.778787605057 1290.5745711302261 10.879787846584803 58.604133818334958 169.79139983712957 82.328452689413098 139.80343691071903 12.298322837283193 80.567326050673728 411.56495200804784 131.58879854736733 13.964247881522168 1005.4827821939107 801.89617677195929 493.07564837070822 144.65154124452965 692.46148896051454 21.109204125357792 44.459878112073056 4.0146327784168525 9.1689339475415164 14.119098937771922 430.61972334596794 936.61219862244616 14.980341889779085 8.6200748212286253 1088.5008617066487 17.06903180066729 42.678855623933487 98.215732339129318 35.359662520873826 22.091104889521375 43.067613765131682 259.22956355803763 1187.4760452747723 12.33065395534504 57.955369583054562 11.511762192880267 168.93638554495556 657.17077669905848 247.86481481276496 29.475302660022862 242.60951693775132 452.123110414861 1081.8067831614171
leaf_count=524 15272 239102 87143 1976 4678 120 355500 13209 22216 40367 18632 6411 74319 165776 24704 1386 503294 13356 58363 499 18373 6949 13724 19333 15044 7810 82885 2610 6028 30988 16013 15000 9502 9224 621 930 266 241 1392 45466 26598 263 248 78813 816 1435 3018 1552 6985 1356 12338 41015 727 3865 667 7625 27650 34946 1699 10417 3691 14870
internal_value=0 -0.000173147 -0.00452908 0.00118506 -0.00239969 0.00294961 -0.0164334 -0.00140685 0.00327016 -0.00233005 -0.00149568 -0.00219598 -0.00260869 -0.00583551 -5.49408e-05 -0.001983 -0.002515 -0.00141062 -0.00246512 -0.0129158 -0.0209683 0.0166348 -0.00148703 -0.0108868 -0.00395548 -0.00385783 -0.00482744 0.00208617 0.00546045 0.00141628 0.00290854 0.0050838 -0.000589772 -3.8835e-05 0.0116434 0.00256314 0.005935 -0.0110846 0.0100688 -0.00054298 0.00511541 -0.0105336 -0.0328595 0.00675175 0.0155398 0.0171908 0.020305 0.0136218 -0.000995311 -0.00125739 0.00160781 -0.00346951 -0.00275582 -0.00993876 -0.000698162 0.00342684 0.00168802 -0.0157364 -0.00649914 -0.00820929 0.00757588 0.00719337
internal_weight=0 21779.3 5176.2 16603.1 4405.23 9878.02 770.968 6725.04 1287.82 915.657 4124.94 3856.79 3767.22 1653.53 2113.69 1619.23 5437.22 1589.44 1479.23 188.659 546.139 372.161 4459.31 222.132 70.9025 1314.09 1233.52 8325.61 1360.91 6964.7 3997.59 2299.64 2967.11 1697.94 152.698 1497.75 1346.94 61.1022 202.37 841.351 1004.67 68.0603 23.6004 1285.84 197.338 193.323 176.254 133.575 4237.18 2814.41 1229.99 1584.43 1541.36 342.371 1198.99 1085.34 916.4 280.289 284.415 272.085 1552.42 1533.93
internal_count=2229840 2229316 985097 1244219 509037 332182 476060 912037 129599 108049 458819 440187 433776 330790 102986 78282 782438 76896 72218 13855 388917 21550 543336 33057 33417 256471 248661 313501 94145 219356 99264 59052 120092 40212 3231 43039 88117 2217 14601 85833 28039 1441 511 85900 7087 6821 6005 4570 510279 116861 57115 59746 58390 16708 41682 47613 39988 50218 12843 12116 18681 18561
cat_boundaries=0 2 4 6 8 10 11 13 14 16 18 19
cat_threshold=1566856740 841850410 2836922514 39985862 1346372096 4128 1311278658 28460044 2688948520 134492755 212 881873796 810888514 68 335859744 404495625 3358229504 134774784 136
is_linear=0
shrinkage=0.05


Tree=65
num_leaves=63
num_cat=15
split_feature=55 23 38 26 23 44 16 38 38 59 38 38 44 23 59 57 6 57 39 7 38 47 44 38 39 38 39 26 38 22 46 47 42 47 26 45 38 8 59 38 59 39 22 41 44 39 38 7 22 47 58 57 39 47 23 41 23 2 17 48 59 32
split_gain=47.151 47.102 43.5408 31.0995 18.3486 16.3188 13.9657 13.101 12.6513 18.169 20.4805 11.1544 10.9343 13.3448 9.50574 12.1457 10.6402 9.2434 9.59122 9.86674 8.71525 8.49626 9.86664 8.26421 10.8298 21.9844 13.6231 9.06914 11.3805 13.3018 9.20523 8.54837 8.04415 17.3274 7.7785 7.73472 8.8353 8.46737 7.78503 10.1231 7.56826 7.49333 7.43002 7.27393 7.1327 7.11363 9.99076 8.95405 7.10754 7.09098 7.08146 8.09931 7.50289 9.81074 10.4596 7.07602 7.78556 7.52876 7.03578 6.62533 6.62141 6.55917
threshold=189.00000000000003 0.39410315454006201 0 0.25495098531246191 0.050039123743772514 46.500000000000007 10.500000000000002 1 2 0.41421568393707281 3 4 27.500000000000004 0.14182437956333163 0.46410256624221807 1.0000000180025095e-35 0.24225699901580813 1.0000000180025095e-35 14.500000000000002 39.500000000000007 5 177.50000000000003 48.500000000000007 6 1.0000000180025095e-35 7 2.5000000000000004 0.33398950099945074 8 72.062500000000014 30.074732780456547 33.500000000000007 9 123.50000000000001 0.477826938033104 8.5000000000000018 10 1.007364094257355 0.73214286565780651 11 0.68333333730697643 8.5000000000000018 21.016666412353519 12 13.500000000000002 2.5000000000000004 13 11.500000000000002 206.58333587646487 9.5000000000000018 1.5000000000000002 1.0000000180025095e-35 1.0000000180025095e-35 186.50000000000003 0.72417420148849498 14 0.093599900603294386 3.1369999647140507 5.5000000000000009 3.5000000000000004 0.48529411852359777 1.9249999523162844
decision_type=8 10 9 2 8 2 2 9 9 2 9 9 2 10 2 2 10 2 2 8 9 2 2 9 2 9 2 2 9 10 10 2 1 2 2 10 9 10 2 9 2 2 10 1 2 2 9 8 10 2 2 2 2 2 10 1 10 10 2 10 2 2
left_child=-1 2 4 8 44 11 14 21 45 17 -11 58 -4 -14 15 16 23 18 -10 -20 40 22 -7 -5 27 26 31 28 -25 -30 -29 49 33 -33 -27 38 37 -37 39 -22 -12 -19 -36 -32 -2 -3 47 -47 -13 -26 52 -52 -8 60 -55 56 -9 -57 -6 -38 61 -54
right_child=1 3 12 6 5 7 50 55 9 10 20 48 13 -15 -16 -17 -18 41 19 -21 35 -23 -24 24 25 34 -28 30 29 -31 43 32 -34 -35 42 36 59 -39 -40 -41 -42 -43 -44 -45 -46 46 -48 -49 -50 -51 51 -53 53 54 -56 57 -58 -59 -60 -61 -62 -63
leaf_value=0.046040226490975132 -0.00056041006496916732 -0.0066825643706689601 -0.01043726526955488 0.0075021410187383524 0.0012223746378899898 -0.04713079166297128 0.0078775109956799507 -0.027321353321639149 -0.0013244734199340958 0.024301943257459897 -0.0012795656062133103 -0.0036232819005150071 -0.036077549415584324 -0.014446845451642307 0.0053516902685420507 -0.025228174138633427 0.021893645224876288 -0.0039597223192283778 0.032112761747766325 -0.0048819398385153319 0.013466133434787163 -0.023240092179713054 -0.0055952720341900623 0.0028709942547218764 0.014163758243709411 -0.010869938042381736 0.014529660540608084 0.0071757516670058171 -0.0046192591966887769 -0.029295434011078786 -0.0023608334533379823 -0.068366256840897227 0.0050214137664469707 0.017726032180410089 0.0046385423900057203 0.0098573207988520619 -0.0078906459625281943 -0.057714081994697589 0.019470668294528828 -0.013562661842945432 -0.035930529337567851 -0.047369835535005449 -0.0082662171390799882 0.0035183798830618058 -0.034272647476472455 0.023338184818540435 -0.0076864347019326628 0.0017439201638003773 0.013441000466131711 -0.072679579366633038 0.016337588376442141 -0.018454267873725307 -0.009610508095772418 -0.027405962815673236 -0.0012623801004977937 -0.0079285692339273201 0.0051697581354232481 0.032501111529741507 0.0095115024858055536 -0.045180789829516274 0.01538657967407444 0.010714387866015224
leaf_weight=54.734385894902516 21.084109486670059 1376.3530835798847 377.01089901106752 469.68217786859896 1256.9906032128274 14.348493991936264 1117.0538996667019 18.743310827667301 4103.1521988509267 133.59970708692708 40.377801207003358 1599.6189016940043 120.79100424376156 177.88481445787693 1808.8354557184794 42.065110822411953 61.807029875621083 20.710918267061061 42.542484042234719 30.353341144509614 68.844060726623866 165.48479619321552 216.82990318299562 523.80148930329597 2.9148014788515848 566.89282270316471 235.77370889147278 1001.0053370786773 421.81395581414108 61.845608850155259 811.58904135844205 11.423410342249555 85.771078139805468 10.412475932826053 214.89506690995768 126.73793153176666 80.471989349414798 3.8238219314371227 136.67759929211752 50.497321767485118 24.925866775185568 18.47891509719193 229.86499335092958 1458.049521183857 60.710328449833469 64.020840621000389 193.34297999878254 184.14362968705245 62.472910911033978 7.0521124105434865 268.14697809546487 17.025020819797646 85.293414660147391 51.007502952532377 145.11178437576746 461.14375240112531 279.77017194035579 10.840077466767978 320.59518083516741 13.130364368094886 117.19603020173963 72.508716266078409
leaf_count=526 3259 252395 216575 38344 78150 2407 13653 7652 514775 4425 5462 225048 156027 88115 56220 10670 1650 5397 765 4381 3907 30023 31958 21757 84 26023 11140 19996 26705 4461 26810 1200 6403 913 4976 7721 6866 327 6134 4611 4141 5712 5716 45366 32432 1710 52684 29129 11550 594 2605 953 803 1415 2316 65034 30152 694 5173 2204 814 776
internal_value=0 -7.59666e-06 -0.00417773 0.00128906 -0.00236812 -0.00193481 0.00307045 -0.00700122 -0.00133812 -9.8828e-06 0.0075738 -0.00010793 -0.0159078 -0.023286 0.00216255 0.00123391 0.00141825 -0.00123317 -0.00100325 0.0168508 0.00294129 -0.0142552 -0.00836514 0.00120767 0.000668061 -0.003207 0.00740813 0.00190649 -0.00223981 -0.00767028 0.00318397 -0.00625017 -0.00194583 -0.0283345 -0.00692307 0.00533663 -0.00133474 0.00692808 0.011368 0.00200366 -0.0129021 -0.0250979 -0.0020346 0.00142104 -0.0256944 -0.00488532 0.000609425 0.00710107 -0.00295642 -0.0483067 0.00695668 0.0142033 0.00564736 0.000354034 -0.00816645 -0.00302909 0.00294688 -0.00678972 0.00289351 -0.0122491 0.00643812 -0.000262734
internal_weight=0 21775.3 5164.32 16611 4488.63 4406.84 9898.84 1167.16 6712.18 4894.32 679.086 3239.68 675.687 298.676 8025.5 6216.66 6174.59 4215.24 4176.05 72.8958 545.487 396.663 231.178 6112.79 5643.11 1365 353.348 4278.1 1007.46 483.66 3270.64 117.574 107.607 21.8359 1011.65 480.183 224.164 130.562 256.019 119.341 65.3037 39.1898 444.76 2269.64 81.7944 1817.86 441.507 248.164 1662.09 9.96691 1873.34 285.172 1588.17 471.117 196.119 770.497 298.513 471.984 1577.59 93.6024 274.998 157.802
internal_count=2229884 2229358 984249 1245109 523532 487841 332363 167920 912746 576828 45798 319921 460717 244142 309028 252808 242138 531030 519921 5146 41373 64388 34365 240488 202144 57049 20334 145095 52923 31166 92172 9194 8516 2113 36715 31770 17118 8048 14652 8518 9603 11109 10692 72176 35691 335918 83523 30839 236598 678 23335 3558 19777 6124 3731 103532 37804 65728 83323 9070 2393 1579
cat_boundaries=0 2 4 6 8 10 12 14 16 18 19 21 23 24 26 27
cat_threshold=1500829478 841856546 1093943586 270598146 1180999232 563168520 2282225666 6299842 1075855392 2363426 8201 32785 612402052 536912194 2110465 135857152 1360670736 105910436 2 1048752 436732420 813711620 134746656 192 1075873280 1114368 138
is_linear=0
shrinkage=0.05


Tree=66
num_leaves=63
num_cat=20
split_feature=55 26 21 21 38 34 26 6 26 38 17 51 21 58 38 21 21 38 38 41 38 38 47 46 27 57 42 22 21 41 6 20 41 18 38 45 38 28 39 38 39 46 46 45 38 38 41 2 41 49 45 45 38 21 26 39 2 46 46 21 21 26
split_gain=45.1097 40.1255 31.8793 28.6141 33.9506 33.7066 21.4906 13.9434 13.4881 13.1819 12.5919 12.0637 10.9668 10.922 10.6283 10.3064 14.3347 12.5113 11.0616 12.7926 10.953 10.7926 10.6925 9.99523 9.64102 9.63976 9.14151 9.90091 10.2652 9.02831 8.89679 8.89583 9.73118 8.80449 8.40467 8.3374 8.28906 8.24128 7.97917 27.5328 8.25488 7.95253 7.89787 7.74557 9.51535 7.92571 9.56847 7.73456 7.69445 7.51924 7.44014 8.64704 7.37947 7.37557 8.5234 7.29423 7.28056 7.2256 12.209 11.0391 7.34227 7.16356
threshold=169.00000000000003 0.10845415666699411 4.5000000000000009 46.500000000000007 0 20.500000000000004 0.52183446288108837 0.53170400857925426 0.32441380620002752 1 10.500000000000002 0.16499999910593036 19.500000000000004 1.0000000180025095e-35 2 15.500000000000002 77.500000000000014 3 4 5 6 7 62.500000000000007 38.650566101074226 5.5000000000000009 1.0000000180025095e-35 8 14.15590286254883 13.500000000000002 9 0.51191249489784252 30.500000000000004 10 195.50000000000003 11 2.5000000000000004 12 20199.000000000004 1.0000000180025095e-35 13 4.5000000000000009 19.383268356323246 40.478851318359382 21.500000000000004 14 15 16 1.7102000117301943 17 18 36.500000000000007 42.500000000000007 19 8.5000000000000018 0.36180344223976141 1.5000000000000002 5.5992999076843271 18.675695419311527 20.167246818542484 40.500000000000007 29.500000000000004 0.11548125371336938
decision_type=8 2 8 8 9 2 2 10 2 9 2 2 10 2 9 10 8 9 9 1 9 9 2 10 10 2 1 10 10 1 8 2 1 8 9 10 9 2 2 9 2 10 10 10 9 9 1 10 1 1 10 10 9 10 2 2 10 10 10 10 10 2
left_child=-1 3 8 5 35 12 7 9 -3 13 14 15 -2 38 -8 18 21 29 22 20 26 57 -11 61 -25 -9 27 -20 -29 -18 -15 32 36 34 42 -5 -23 -19 53 40 41 -40 -6 45 -45 -35 -47 -10 55 -50 -31 -52 -32 54 -4 -43 -37 59 -59 60 -17 -21
right_child=1 2 6 4 33 -7 10 25 47 11 -12 -13 -14 30 -16 16 17 37 19 23 -22 31 -24 24 -26 -27 -28 28 -30 50 52 -33 -34 43 -36 56 -38 -39 39 -41 -42 48 -44 44 -46 46 -48 -49 49 -51 51 -53 -54 -55 -56 -57 -58 58 -60 -61 -62 -63
leaf_value=0.046602605761752042 -0.020630725353485244 -0.022119427236319461 -0.021950545255357556 -0.0054939439897832461 -0.014773842318467043 -0.03056644984049894 0.0039446450169104219 0.017310775299094101 -0.0061144009201443235 -0.018126830402676312 0.010778804629508427 0.010921732725016486 0.0072124848112375163 -0.014273910734057508 -0.015246545804844353 0.0075561757497266714 0.017615154206688157 -0.0052209922213984801 0.016299379064736646 0.051070734159051057 -0.017714940748161583 0.023677597051558863 0.0039227489170771462 0.0044568238764297512 -0.015096375164753215 -0.049555770332170956 0.011716232351307691 -0.045522059395169588 0.013910104495965409 -0.01757843049640637 0.014383640180627395 0.015001323924536939 0.0023805733154841167 0.0016701679455744509 0.0077614603680423045 -0.018680719132921828 0.0071127798837557063 0.0020153064695729557 0.034720502229182208 -0.014355431509262466 0.022581314206909123 -0.034927741084057204 0.011455340833458076 -0.00066192077335293776 -0.015561970117205341 -0.017167082982648383 -0.0023174827452042985 0.035646833793439137 0.015748899988244087 -0.0037535708140494697 0.062137920954204298 -0.0061167001978191856 0.0015923935425865858 -0.0010283266154760082 -0.0028039387188235235 -0.00324459401104565 0.013656243687034112 -0.047352065711682274 -0.00090744782220389137 0.036132153770712085 -0.054067096641821202 -0.020734612028511554
leaf_weight=50.715330773848109 48.783792275511587 144.29624825858627 92.134396707913766 219.19012655349798 91.99465022336517 217.04703519094801 2109.4915456899616 157.08889502301463 778.00199923367472 58.992020444362424 764.13248011487303 342.78388340243691 121.12345226644538 82.140513546517468 64.351285634620581 17.532201593538051 131.32271899441548 1102.3794592244085 19.159538871404948 2.6070497286800665 47.837070315734309 78.130109207573696 658.66444945705007 129.74897756028804 120.98205092093849 4.6346105894772327 186.80384453522856 23.297857910598395 9.8098922126227972 42.134199016007187 110.34309632452641 229.68730905871053 1673.5968398265832 1167.6294227557737 445.96671211819557 434.71158559400283 910.23292819960625 610.85193518498272 15.298120479710631 504.43121155328845 50.631571738573257 28.356664818260469 40.647006070452335 220.50011424328659 211.43430838789027 120.56795062430865 683.86979477865862 10.265457295114173 73.02590441533539 115.11181576212402 6.4325967849581529 11.932928527879993 1748.4995783167869 3034.83934536991 155.56638310302515 48.267160892264656 17.44444974675207 13.378973099723224 891.59315716530546 30.866186975763412 5.5763985629891968 215.4668975382956
leaf_count=499 22094 63660 16342 70364 9529 119568 47918 3460 52232 4041 7706 10042 26423 10768 5079 489 11044 105393 661 661 12402 7223 50509 5527 24379 1015 9884 2271 524 4323 12988 9608 123353 170611 46801 276558 61670 19209 931 64707 4542 4580 4338 61910 75965 29085 135730 415 7996 14762 225 1283 83156 214160 6186 5614 7694 716 61626 629 290 16851
internal_value=0 -0.000150686 0.000877684 -0.00464477 -0.00327296 -0.0175567 0.00137938 0.00055213 -0.00811452 0.000378405 0.00526134 0.00176791 -0.000855799 -0.00135881 0.00331782 0.00133485 0.00229 -0.00125711 -0.00239543 -0.00656305 0.00178217 0.00404478 0.0020589 -0.0115941 -0.00500042 0.0151018 0.00629109 -0.0117733 -0.0280207 0.0105094 0.00173041 0.00555832 0.00475907 -0.000957141 0.00457192 -0.0133323 0.00866844 -0.0026259 -0.00281837 -0.00717923 0.00408708 0.000820505 -0.00624337 -0.00229323 -0.00834942 -0.00096321 -0.00474467 -0.00552608 -0.00126154 0.00426813 -0.00525166 0.0197639 0.00244492 -0.00170706 -0.00998531 -0.0135262 -0.0174058 -0.000572192 -0.00164559 0.0170234 -0.00894014 -0.019647
internal_weight=0 21703.6 17662.7 4040.91 3653.96 386.954 16730.1 13792.2 932.564 13630.4 2937.98 7571.8 169.907 6058.65 2173.84 7229.02 5755.65 1905.05 1473.37 755.713 286.908 3850.59 717.656 468.805 250.731 161.724 239.071 52.2673 33.1078 191.822 1940.98 2891.65 2661.96 2982.61 578.608 671.346 988.363 1713.23 4117.66 835.122 330.691 280.06 132.642 2404 431.934 1972.07 804.438 788.267 264.762 188.138 60.4997 18.3655 1858.84 3282.54 247.701 76.6238 452.156 958.947 904.972 53.9748 23.1086 218.074
internal_count=2230219 2229720 1173050 1056670 888585 168085 1056743 996040 116307 991565 60703 544833 48517 446732 52997 534791 407081 141477 127710 73160 25742 265604 54550 47418 29906 4475 13340 3456 2795 16875 106912 201854 192246 533969 60668 354616 68893 124602 339820 103132 38425 33883 13867 473301 137875 335426 164815 52647 32952 22758 5831 1508 96144 236688 22528 10194 284252 63750 62342 1408 779 17512
cat_boundaries=0 2 4 6 8 10 11 13 15 16 17 18 20 22 24 26 28 29 30 31 33
cat_threshold=335587928 634442760 725110115 61818793 1088422148 843588002 2147483800 71303238 2218930688 806359044 80 1342210064 4227072 2151678104 671100934 2 204 96 1086341124 34210562 294912 4194368 2114 591624 2838102307 405340342 1236815908 302195650 128 136 2 135282690 2360960
is_linear=0
shrinkage=0.05


Tree=67
num_leaves=63
num_cat=12
split_feature=55 27 38 23 26 6 23 21 16 38 57 57 44 6 38 41 21 58 44 27 38 45 38 6 45 38 38 26 38 21 26 38 51 21 21 38 23 34 46 44 23 47 47 47 44 26 58 0 7 47 23 23 18 45 34 46 18 38 47 30 47 47
split_gain=42.4507 38.5877 29.7865 27.0696 20.0092 19.3438 17.9899 17.3264 12.8197 11.966 10.9772 9.81766 9.784 9.63662 9.47574 9.40072 9.28963 9.11879 8.62632 9.37384 8.43678 9.26094 8.45673 8.2013 8.80988 8.10464 7.90561 7.83385 7.81754 8.04085 9.20219 7.8134 7.80983 8.15479 10.6134 14.7662 12.5854 11.0293 9.00805 9.46171 9.82407 7.52002 10.5271 7.32608 8.66993 8.52648 7.21777 7.17749 7.09512 7.46407 10.733 7.03787 7.34956 7.03203 6.97878 6.74786 6.66737 6.57907 7.78653 12.7394 8.48815 7.56005
threshold=193.50000000000003 14.500000000000002 0 0.079399775713682189 0.53871130943298351 0.53170400857925426 0.62164562940597545 8.5000000000000018 1.5000000000000002 1 1.0000000180025095e-35 1.0000000180025095e-35 24.500000000000004 0.16044700145721438 2 3 59.500000000000007 2.5000000000000004 21.500000000000004 1.5000000000000002 4 7.5000000000000009 5 0.22906349599361422 11.500000000000002 6 7 0.088316544890403761 8 5.5000000000000009 0.44467985630035406 9 0.17500000447034839 204.50000000000003 19.500000000000004 10 0.35763147473335272 14.500000000000002 40.333591461181648 14.500000000000002 0.52636545896530162 38.500000000000007 29.500000000000004 76.500000000000014 59.500000000000007 0.56698718667030346 1.5000000000000002 1212.0734863281252 36.500000000000007 62.500000000000007 0.197051577270031 1.0229257941246035 19.500000000000004 60.500000000000007 27.500000000000004 20.981190681457523 351.50000000000006 11 105.50000000000001 0.94550001621246349 67.500000000000014 175.50000000000003
decision_type=8 8 9 8 2 10 8 10 2 9 2 2 2 8 9 1 10 2 2 10 9 10 9 8 10 9 9 2 9 8 2 9 2 10 10 9 10 2 10 2 10 2 2 2 2 2 2 8 10 2 10 10 10 10 2 10 10 9 2 2 2 2
left_child=-1 3 6 12 5 7 -3 15 9 16 14 27 26 -4 32 18 54 43 -5 -20 46 22 -22 -8 -25 51 -2 -7 29 30 55 -26 33 34 35 36 -6 57 39 40 -38 42 -16 -12 45 -45 -10 -24 49 -15 -51 52 -23 -54 -9 -21 -29 58 60 -60 -36 -61
right_child=1 2 13 4 10 11 23 8 20 -11 17 -13 -14 48 41 -17 -18 -19 19 28 21 25 47 24 31 -27 -28 56 -30 -31 -32 -33 -34 -35 37 -37 38 -39 -40 -41 -42 -43 -44 44 -46 -47 -48 -49 -50 50 -52 -53 53 -55 -56 -57 -58 -59 59 61 -62 -63
leaf_value=0.043631990524285381 0.012004021666055997 -0.015331212069241526 -0.033179898382348756 -0.021373502044956402 0.0021473108204226317 -0.012457902239567654 0.027479292182725865 -0.0054045287492816745 0.0039905611283400375 -0.00038856534052653189 -0.032753466173758697 -0.049306748831284462 -0.027358569647533922 -0.0077319878723102579 -0.0067567792152343695 -0.0079105584319599798 -0.0043180414266884475 -0.043418694298565173 0.018833284185332727 0.051526167789045896 -0.0014120753458263524 -0.013825044706865445 0.021258439699803275 0.000738265188774618 0.0039288338357266681 0.0010784770588947563 -0.014241935029405498 0.023288841403916398 -0.0093390392138466508 0.013684338439690186 -0.025562449040757374 -0.012503090875313989 0.017611255443707542 0.026532359194801621 -0.0049993358326662074 -0.0062735279627981052 -0.050134101199973261 0.04761848654185432 0.0096447724608172518 0.024953112761883396 0.010273879080237382 0.0013336525640971703 -0.051778695316123273 -0.057648810122249594 -0.026367064806396723 0.032867625881804211 0.014560149903416468 0.0043300053272872958 -0.00310599730960831 -0.034334418137964499 -0.014215630759003884 -0.0075311816096785824 0.0038614453570859266 -0.028929731581001056 -0.02720532661099246 0.00040330803747157555 -0.026709676175515781 0.0051246523133972799 0.030218921693510037 -0.023093716233043286 0.0097768336524105149 0.0017977428916922625
leaf_weight=54.541847492626403 34.385395257850178 231.93101842061697 57.743758970733325 40.30513017110934 333.50774490617914 18.489075544435764 24.684276322703226 62.633005748677533 1273.8852775999912 5458.8451210130443 14.265464130556209 4.6587857269769293 108.6004239740505 238.58886834830082 61.2895357987436 989.20297930689412 517.49355449893483 18.888476890511811 72.634356404974824 6.0677406568429424 729.77119767234399 78.35888427367172 63.697030276620353 1453.2283326184406 98.561311931334785 2372.7918684997276 74.534876669738878 160.94969816503726 146.49649586363375 126.97059980919585 34.869707573554479 249.92302690891302 141.78956350067165 44.513287499314174 238.42492197384126 150.82805823549279 7.0205623195506623 11.78791575017385 492.6245643478469 235.98543160618283 40.845417485805228 250.97578322747722 15.613544370571615 1.9900715577241523 11.555648674402617 23.910541667733924 184.28655037979479 2027.4934536062137 171.66921153083058 87.788176508762263 275.31280055694697 643.02089060616709 441.54548311729013 15.98384246349451 89.793439568282338 74.606212347131077 6.150556802051141 482.8736781271873 15.402528398553839 109.81689720146824 162.61832359258551 41.901486839633435
leaf_count=557 3543 103776 107531 4546 7955 570 6479 23136 57014 576498 1205 1110 50369 112530 2264 81958 142438 2935 1346 183 36703 4024 2543 161684 22353 76876 19032 3047 15450 6498 1886 90487 1117 669 4316 6233 174 299 8020 2642 571 6328 668 236 804 1102 5897 57468 60409 119915 105010 28867 26314 1076 37947 7684 159 9470 343 2307 2561 812
internal_value=0 -0.000136208 -0.00551405 0.000692036 0.000898091 0.00018984 -0.00223436 -5.78223e-06 0.000541581 -0.00117105 0.00470556 0.015994 -0.0168034 -0.0134359 0.00519184 -0.00512692 -0.00742062 -0.0146377 0.000510804 0.00247458 0.00188194 0.0010893 0.00322921 -0.000575958 -0.000975358 -0.000607703 -0.00612603 0.0178887 -0.000620302 0.00484762 -0.00448117 -0.00810307 0.00622139 0.00555856 0.00514553 0.00824631 0.0101879 0.00146283 0.0137654 0.0208577 0.00056913 -0.00278877 -0.0164448 -0.00350285 0.00819946 0.0240283 0.00529911 0.00483246 -0.0120942 -0.0146492 -0.0191608 -0.00397497 0.000224231 0.00265529 -0.0183409 0.00483222 0.0213006 0.000900398 -0.00273442 -0.0118152 0.00100164 -0.0162525
internal_weight=0 21656.4 2889.43 18767 18549.4 15641 2058.33 15450.8 13959.6 6128.77 2908.43 190.248 217.521 831.103 2837.82 1491.15 669.92 70.6102 501.95 461.645 7830.83 6372.66 2820.96 1826.4 1801.71 3551.7 108.92 185.589 389.011 242.514 115.544 348.484 2509.94 2368.15 2323.64 1260.81 1109.98 1062.83 776.476 283.851 47.866 327.879 76.9031 51.7217 37.4563 25.9006 1458.17 2091.19 773.359 601.69 363.101 1178.91 535.888 457.529 152.426 80.674 167.1 1051.04 568.164 167.121 401.043 151.718
internal_count=2227944 2227387 890174 1337213 1264269 1201238 384779 1196352 1076801 780019 63031 4886 72944 505395 56749 119551 203521 6282 37593 33047 296782 233871 96714 281003 274524 137157 22575 3776 31701 16251 9753 112840 47489 46372 45703 25595 19362 20108 11407 3387 745 9260 2932 3347 2142 1338 62911 60011 397864 337455 224925 60281 31414 27390 61083 7867 3206 19809 10339 3462 6877 3119
cat_boundaries=0 2 4 6 7 9 11 13 15 17 19 21 23
cat_threshold=2046563620 976037556 721721443 27674143 1352663300 306782370 26 1610634803 67506498 2410020872 4751500 503873924 708322320 142606848 21010528 12591620 575443168 1090519040 539033636 1073741824 269025312 0 34144288
is_linear=0
shrinkage=0.05


Tree=68
num_leaves=63
num_cat=1
split_feature=15 55 51 23 0 23 6 26 59 57 21 23 20 57 39 34 45 23 58 59 23 58 26 21 23 47 4 22 47 22 25 23 26 44 47 21 37 21 34 21 34 6 26 39 44 44 17 7 23 34 21 21 22 21 46 21 7 34 39 44 44 39
split_gain=41.6656 24.6901 23.9631 22.7632 20.4166 16.3613 15.9885 12.8149 12.6878 16.3952 11.4435 10.7891 12.4011 10.7799 19.2276 10.3562 10.0888 8.74366 8.71481 16.6881 11.4777 8.63805 8.53112 8.48112 8.33331 8.33012 8.10855 7.34112 6.87956 6.78232 8.55954 6.55767 6.46069 8.22738 6.71886 6.52526 6.3718 7.82336 6.93165 6.22879 6.97898 6.20616 6.10094 6.09717 6.05131 6.04584 6.42886 6.93806 6.2649 6.17958 9.09117 5.9935 11.6369 9.18844 6.55115 6.1845 5.51 6.2744 5.50013 5.44487 5.2797 5.24581
threshold=1.5000000000000002 193.50000000000003 0.13499999791383746 0.12767721712589267 1100.1980590820315 0.050039123743772514 0.53170400857925426 0.30031646788120275 0.41421568393707281 1.0000000180025095e-35 14.500000000000002 0.63653856515884411 12.500000000000002 1.0000000180025095e-35 5.5000000000000009 11.500000000000002 354.50000000000006 0.86276790499687206 1.5000000000000002 0.73214286565780651 6.4158804416656503 2.5000000000000004 0.033939443528652198 2.5000000000000004 8.1940045356750506 65.500000000000014 1.5000000000000002 397.75000000000006 231.50000000000003 55.612499237060554 6.5000000000000009 2.1066703796386723 0.61556267738342296 27.500000000000004 114.50000000000001 25.500000000000004 0 81.500000000000014 27.500000000000004 34.500000000000007 27.500000000000004 0.39769700169563299 0.70057469606399547 6.5000000000000009 13.500000000000002 8.5000000000000018 8.5000000000000018 42.500000000000007 1.9355449080467226 5.5000000000000009 21.500000000000004 138.50000000000003 53.041666030883796 112.50000000000001 21.233804702758793 106.50000000000001 10.500000000000002 7.0000000000000009 8.5000000000000018 65.500000000000014 48.500000000000007 12.500000000000002
decision_type=2 8 2 8 8 8 10 2 2 2 10 10 2 2 2 2 8 10 2 2 10 2 2 10 10 2 8 10 2 8 10 10 2 2 2 8 1 10 2 8 2 8 2 2 2 2 2 10 10 2 10 10 10 10 10 10 8 2 2 2 2 2
left_child=3 -2 5 -1 -5 44 7 10 9 11 16 15 -13 18 24 -6 17 -7 23 20 56 -4 -12 42 25 -15 29 45 -27 30 -8 -31 -25 34 -34 -36 -10 38 -38 40 -17 -18 -9 -28 -3 48 47 -47 -24 50 -48 53 -53 54 -51 61 -20 -58 -11 -41 -55 -56
right_child=1 2 21 4 8 6 26 13 36 58 22 12 -14 14 -16 39 41 -19 19 -21 -22 -23 27 32 -26 28 43 -29 -30 31 -32 -33 33 -35 35 -37 37 -39 -40 59 -42 -43 -44 -45 -46 46 49 -49 -50 51 -52 52 -54 60 55 -57 57 -59 -60 -61 -62 -63
leaf_value=-0.024503684649144177 0.043330603580133131 0.00010927868698675717 0.0074877529997857128 -0.030959420633604757 -0.0026993573026125469 -0.0092763956249985943 0.034237465192015849 -0.015009639439426448 0.016516687375679902 -0.013061722912616591 -0.015656772868060796 -0.0033828396803577813 0.0044370759971264087 -0.026921675143197394 -0.04180979043680326 -0.010769066515561514 -0.0097446289310779682 0.012624636267285522 0.0088836403375222965 0.013445669383210386 -0.051091021269811569 0.02583694114324174 -0.0065112033025270027 0.001137161944586498 0.052648211578317727 0.004256725746853293 0.041936826671352019 0.031206210552416742 -0.035861077136377512 0.0032824869157125529 0.0011480809429733672 -0.039408986798190687 0.002739845509128837 0.011073529654395299 -0.0057837505010973752 -0.07001334529831138 0.0045963980180068606 -0.0092011170230722975 -0.027909901729570669 -0.0057942093123522047 -0.026949477218725211 0.029758213081541959 0.013240162948846819 0.010688077367002013 -0.034697048495402748 -0.0029177995274780807 0.016570962803690359 0.0021204129034290216 0.011496947406940912 0.020415193985287149 -0.025759018406009655 -0.011135527235529701 0.024924550272863208 -0.036675661526006216 0.0010579231347465604 0.025077371474414429 -0.0039866533052269008 0.0077837628278637459 -0.047733442173593571 -0.022932994895065215 -0.0052548433431954455 0.022259298839473279
leaf_weight=126.06175762133716 33.975318553159013 17.363803059284692 931.24852742580333 64.048107315895322 1087.0860540385984 725.24070142410892 40.55111965983815 119.24283728150476 66.462475581600302 21.52644914600387 87.10797575687684 1936.7628941509865 685.685051129567 32.108312930678949 36.223012291844498 244.21247754867363 14.327367906589641 47.772122979935375 219.63167376827914 473.47677746534464 9.2307765586883743 68.140634441988368 62.537147834009374 5832.6435826214292 5.656213530979584 129.03456188589917 36.754540580586763 17.818105028214632 10.643788339832097 79.829223831402487 37.035869694198482 9.1230154430377279 602.9470190553111 396.27600586728659 11.553186972974801 5.1784065915271631 632.96733744615631 140.84065024822485 15.849499042442401 664.24658530047054 92.196982760384344 28.765878897189396 21.920283543615369 28.133329669159139 43.408130681498733 2611.3766060435864 17.269974419323262 924.55738240747451 203.18211314533255 51.373845597263426 41.538155427435413 30.887836945970776 75.805805282929214 20.942254621942993 1016.9633735656425 28.00376270984998 380.30340500728926 160.04279231830151 26.132646773243323 49.003681105941723 35.265557157224976 29.043328469677363
leaf_count=86699 346 2392 30666 88093 89702 182820 482 10452 8662 8472 31018 355134 74436 2392 7222 79122 4317 2312 2130 7804 209 1309 4281 165108 123 7989 1037 3381 811 2242 1055 241 10369 5818 262 183 56411 24881 17952 273185 52493 518 562 1481 23319 230204 342 153193 8917 803 1086 719 1701 581 40206 657 9940 6453 9628 32665 1306 940
internal_value=0 0.00136667 0.00127374 -0.00356977 -0.00310478 0.000767708 0.00087521 0.000666847 -0.00278433 -0.00378306 -0.00108551 -0.00348705 -0.00133727 0.00192615 -0.00913614 -0.00612363 -0.00659002 -0.00790835 0.00221434 0.00607096 0.00151999 0.00876342 -0.000229342 0.00152791 -0.00226925 -0.00437168 0.0138854 3.37429e-05 0.000966479 0.00795429 0.018658 -0.00148542 0.00177858 0.00545628 0.00185208 -0.0284901 0.00282111 0.00142209 0.0037606 -0.00966405 -0.0152702 0.0167014 -0.0105606 0.0287562 -0.0249114 -8.01735e-05 -0.000480472 -0.00160021 0.0072502 0.00245768 -0.0132589 0.00318485 0.0144787 0.00215367 0.00314478 0.00230045 0.0022253 -0.000492486 -0.0326633 -0.00700218 -0.0173983 0.0016673
internal_weight=0 15841.5 15807.5 5853.08 5727.02 14808.1 14747.3 14515.9 5662.97 4806.85 6069.78 4759.19 2622.45 8446.11 213.666 2136.75 816.106 773.013 8232.45 1242.69 769.209 999.389 5253.67 6989.76 177.443 171.787 231.427 5166.57 139.678 166.539 77.587 88.9522 6848.6 1015.95 619.679 16.7316 856.12 789.657 648.817 1049.66 336.409 43.0932 141.163 64.8879 60.7719 5148.75 4883.03 3535.93 265.719 1347.09 58.8081 1288.29 106.694 1181.59 1125.38 1074.01 759.978 540.346 47.6591 713.25 56.2078 1046.01
internal_count=2229234 971699 971353 1257535 1170836 939378 913667 907129 1082743 974837 669302 956737 429570 237827 18537 527167 189967 185132 219290 26536 18732 31975 479335 192754 11315 11192 6538 448317 8800 4020 1537 2483 181740 16632 10814 445 107906 99244 74363 437465 131615 4835 11014 2518 25711 444936 431738 383397 13198 48341 1428 46913 2420 44493 42606 41803 18523 16393 18100 305850 1887 41146
cat_boundaries=0 1
cat_threshold=84
is_linear=0
shrinkage=0.05


Tree=69
num_leaves=63
num_cat=15
split_feature=55 23 38 26 6 51 21 46 59 38 38 23 41 38 44 38 59 38 46 38 46 23 49 23 41 38 26 26 46 47 38 34 21 44 30 48 59 17 38 21 58 26 26 44 23 58 23 26 47 44 44 44 21 47 27 21 26 23 21 58 38 38
split_gain=38.2891 38.6102 32.3724 25.5866 17.4671 16.5543 14.3312 13.8706 13.5226 24.9484 15.9609 11.9818 10.2193 14.8347 11.6219 9.27422 8.76562 12.5532 12.499 10.9737 15.2545 10.3901 9.38323 8.6984 8.54288 10.2496 8.49538 8.6304 8.3747 9.80226 9.73012 9.32866 8.62351 8.88552 9.3879 8.11392 13.1705 7.74361 14.1044 7.62123 7.74907 7.5646 7.47636 7.63957 7.45448 13.8846 7.56 7.41281 13.6863 12.4326 10.7415 13.4785 12.9916 8.34965 7.8341 11.7365 12.5202 12.2381 7.39724 11.4938 7.7305 7.14107
threshold=216.00000000000003 0.23923829197883609 0 0.33398950099945074 0.53170400857925426 0.16499999910593036 8.5000000000000018 17.571107864379886 0.26201373338699346 1 2 0.75019380450248729 3 4 94.500000000000014 5 0.57738095521926891 6 17.571107864379886 7 13.536827564239504 0.65245473384857189 8 0.050039123743772514 9 10 0.61556267738342296 0.34791304171085363 34.345346450805671 207.50000000000003 11 4.5000000000000009 27.500000000000004 18.500000000000004 0.87354999780654918 1.5000000000000002 0.59166666865348827 7.5000000000000009 12 44.500000000000007 1.5000000000000002 0.46195203065872198 0.35493414103984838 67.500000000000014 0.69169431924819957 1.5000000000000002 1.0694571137428286 0.46816954016685491 52.500000000000007 43.500000000000007 76.500000000000014 57.500000000000007 7.5000000000000009 197.50000000000003 1.5000000000000002 83.500000000000014 0.44467985630035406 1.1191179156303408 35.500000000000007 1.5000000000000002 13 14
decision_type=8 10 9 2 10 2 8 10 2 9 9 10 1 9 2 9 2 9 10 9 10 10 1 10 1 9 2 2 10 2 9 2 10 2 2 10 2 2 9 10 2 2 2 2 10 2 10 2 2 2 2 2 10 2 10 10 2 10 10 2 9 9
left_child=-1 2 6 4 8 16 23 -4 10 -10 11 -3 15 -14 -15 -11 17 18 -5 20 -18 -20 42 -2 28 26 27 -26 29 47 32 -31 -30 -34 -35 36 -25 -12 -39 40 -16 -22 43 -21 45 -44 -46 48 -19 -49 51 54 53 -52 55 56 57 -50 59 61 -60 -17
right_child=1 3 7 5 -6 -7 -8 -9 9 12 37 -13 13 14 39 58 19 24 21 22 41 -23 -24 35 25 -27 -28 -29 30 31 -32 -33 33 34 -36 -37 -38 38 -40 -41 -42 -43 44 -45 46 -47 -48 49 50 -51 52 -53 -54 -55 -56 -57 -58 -59 60 -61 -62 -63
leaf_value=0.042468396795052432 -0.025295168581271805 -0.015778718537685022 -0.0046228553734561587 -0.034476505806945633 0.014130869313822805 0.011953693487386577 -4.7409901917456321e-05 -0.020651418224458928 0.016394685277596761 -0.013757094334627497 -0.0021375829207566136 -0.0043827478636638897 -0.012921980646848824 0.0046663232616370558 -0.056348671500582925 -0.0073237250219408707 -0.061955604372444122 0.014798708838839939 -0.0012272602609097966 -0.0037742390432202542 0.0037737793649979044 0.012986579743601756 -0.017311708534633076 -0.031114876338757227 0.01556952166620898 -0.0057611285073546608 0.008464573836561462 0.0014222143384008202 -0.0040708602153119123 -0.096478783478030364 -0.00020436517042171567 -0.0097042045324415172 -0.0034920259373140681 0.016314604459142148 -0.027933761061528901 -0.004501085546786846 0.011655537746297547 0.0055735890805159467 -0.0029739924641578276 0.012187417694497856 -0.011664026238159427 0.012484059865045982 -0.04717409578943739 -0.079394752355341561 0.032158984125791261 0.0080999857187919466 0.0041915609622291761 0.002104038893268509 -0.041056424623367199 0.021147440567499516 -0.046231888491356371 -0.040161448725739755 0.016596039021532328 0.033842255925436736 -0.00080143009144089381 -0.064548690684502516 -0.079204183248130708 0.022830955388431048 -0.005141117852025848 0.0016265353319437051 0.0060684371825484714 0.021346669496615706
leaf_weight=52.264173635048792 66.280848897167743 312.06348180914938 200.37325067782785 15.798365159018429 191.68365495748003 481.8459431498195 1789.0294845342942 416.99812510978245 269.54462556542421 63.172220843935065 4747.7728462784071 881.26773343028981 283.21290876865896 385.33799617916156 16.244456537002407 24.307771528132434 6.6542874292936167 96.666197719285265 174.34388859473984 9.5684532001614553 420.42544348011143 486.95097036211155 71.451776698930189 69.287467496003956 111.59755380288698 339.15540135049378 633.57942642937996 2540.9637109958421 369.53740624891361 3.6805826635099939 784.52496683628124 9.9404054621409141 84.22370737415622 12.5402593530016 130.7836551652872 649.9919669597657 23.597430900234031 1030.3974910556353 891.08195826422889 13.2098467574433 23.756332368626317 615.53585215623025 15.420764795853755 4.2207499479409298 36.360531825543148 36.15055928460788 69.437141649104888 277.67655043944251 10.019673113478346 123.13943840327556 14.278742762631738 36.054142240434885 75.538329594244715 3.3545850510708979 135.4904189616791 12.162316839792764 4.4721768846502519 22.455508852144703 263.30231124202328 205.08237361301144 340.31986347456404 173.4168541024701
leaf_count=564 31005 107055 60116 611 5375 4710 237398 375761 19175 15730 655978 180758 31761 27642 2181 2541 197 2093 11558 431 9985 21545 3296 9860 3886 17227 11271 68103 10828 144 26852 323 2672 456 4709 79218 1297 36053 38505 1803 1928 11465 1004 372 1144 1213 2281 5378 282 1724 568 1180 1451 55 3851 417 161 399 21619 14338 29559 8836
internal_value=0 2.35714e-05 -0.00503034 0.000907435 -0.000779474 0.00296907 -0.00253612 -0.015219 -0.00106888 0.00253541 -0.00201382 -0.00731236 0.000348617 -0.0042119 0.00159159 0.00343758 0.00241217 0.00166653 0.00805483 0.00618418 0.00836454 0.00924305 -0.00338617 -0.00806305 0.000908204 0.00239872 0.00325729 0.00202306 -0.00154043 0.00243716 -0.00392656 -0.0381469 -0.0086605 -0.0164426 -0.023976 -0.00649363 -0.0202406 -0.00105226 0.0016237 -0.0200566 -0.0307424 0.0089562 0.00312154 -0.0307243 0.00645961 -0.00901091 0.0140145 0.00316464 -0.00155753 0.00799266 -0.00662666 -0.0126209 0.00755256 -0.0299998 -0.0070546 -0.0239464 -0.00923216 0.00248194 0.00465393 0.00993866 0.00119371 0.0185085
internal_weight=0 21606.7 3215.56 18391.2 10115.2 8276 2598.19 617.371 9923.49 2060.91 7862.58 1193.33 1791.36 721.762 438.549 1069.6 7794.15 6508.93 677.093 1285.23 1042.62 661.295 242.61 809.158 5831.84 3625.3 3286.14 2652.56 2206.54 824.929 1381.61 13.621 597.085 227.548 143.324 742.877 92.8849 6669.25 1921.48 53.2106 40.0008 1035.96 171.158 13.7892 157.369 51.5713 105.798 811.308 410.492 400.816 313.826 220.654 93.1717 17.6333 184.6 49.1097 36.9474 32.4752 1006.43 402.807 603.622 197.725
internal_count=2229898 2229334 794655 1434679 1200837 233842 358778 435877 1195462 177113 1018349 287813 157938 65315 33554 92623 229132 197744 33714 31388 21647 33103 9741 121380 164030 100487 83260 71989 63543 18026 45517 467 18665 7837 5165 90375 11157 730536 74558 5912 4109 21450 6445 803 5642 2217 3425 17559 10457 7102 8364 6290 2074 623 5110 1259 842 681 76893 25715 51178 11377
cat_boundaries=0 2 4 6 7 9 11 13 15 16 17 19 21 23 25 27
cat_threshold=2038190116 841330218 2904031362 6433478 170656882 27674124 198 1073747797 177243184 33818628 629473280 277631616 272959874 1077953280 33624160 5 192 1080042517 134780000 2148540672 168296544 1880142220 772814864 272782088 268485632 8400945 1052977
is_linear=0
shrinkage=0.05


Tree=70
num_leaves=63
num_cat=10
split_feature=55 23 38 26 21 34 47 6 17 23 38 3 21 38 59 45 38 50 23 25 22 38 13 9 26 30 39 23 46 46 45 39 34 22 38 42 38 46 25 59 44 44 26 22 47 41 39 32 46 23 46 23 46 3 21 26 46 30 38 20 59 26
split_gain=39.6033 39.6601 34.515 21.2172 15.4209 14.9245 13.1478 11.303 10.3633 9.57813 9.53502 9.06198 9.05887 9.03571 13.9603 19.0341 12.4321 8.99666 8.92332 8.77889 8.74169 7.7984 7.5451 7.42232 7.29678 7.0973 9.30152 6.82618 6.73347 7.45541 9.16879 6.581 6.84628 6.55057 10.6539 6.5341 6.45281 6.42816 9.13983 8.60715 8.12289 13.2547 10.5884 7.73953 7.58041 7.01122 7.21824 7.38154 8.54848 6.9592 6.90668 6.79098 6.38895 6.31308 6.96483 8.14128 7.41741 8.58257 7.12316 8.68202 7.34799 11.2062
threshold=237.50000000000003 0.39410315454006201 0 0.25495098531246191 10.500000000000002 7.0000000000000009 119.50000000000001 0.53170400857925426 16.500000000000004 0.044978827238082893 1 0.044537499547004707 38.500000000000007 2 0.92857143282890331 14.500000000000002 3 1.0000000180025095e-35 0.19203340262174609 1.5000000000000002 13.732051372528078 4 1.0000000180025095e-35 31.500000000000004 0.11088342592120172 0.91705000400543224 5.5000000000000009 0.66781717538833629 17.571107864379886 15.97356700897217 10.500000000000002 3.5000000000000004 7.0000000000000009 90.071430206298842 5 6 7 32.05768013000489 1.5000000000000002 0.32666666805744177 39.500000000000007 14.500000000000002 0.61556267738342296 19.868817329406742 86.500000000000014 8 1.5000000000000002 1.235000014305115 27.324091911315922 0.26688994467258459 31.042355537414554 0.26152238249778753 17.571107864379886 0.11974100023508073 32.500000000000007 0.25720214843750006 28.086530685424808 0.97255000472068798 9 23.500000000000004 0.59166666865348827 0.51435440778732311
decision_type=8 10 9 2 8 2 2 10 2 10 9 10 10 9 2 10 9 2 8 10 10 9 2 10 2 2 2 10 10 10 8 2 2 10 9 1 9 10 10 2 2 2 2 10 2 1 2 2 10 8 8 8 8 10 10 2 10 2 9 2 2 2
left_child=-1 2 4 7 5 25 12 13 36 -7 18 -12 28 17 22 33 -17 20 -6 -10 -3 -21 -15 27 -22 -2 37 -23 29 -4 -31 -26 -33 -16 -35 -9 -5 38 40 43 41 -27 -43 -40 -42 -46 47 -47 -49 -50 -45 -44 -13 54 55 -38 57 -56 59 -58 -60 -62
right_child=1 3 6 8 10 9 -8 35 19 -11 11 52 -14 14 15 16 -18 -19 -20 21 24 23 -24 -25 31 26 -28 -29 -30 30 -32 32 -34 34 -36 -37 53 -39 39 -41 44 42 51 50 45 46 -48 48 49 -51 -52 -53 -54 -55 56 -57 58 -59 60 -61 61 -63
leaf_value=0.042680116258097943 -0.012940831583760108 0.0048603952338748795 -0.0081610646506942996 0.0099722252350419732 0.027989619075946548 -0.039898015890385725 -0.026964056920430485 -0.0055851378831856535 0.011236310897523857 -0.011689780997126904 -0.0020103755062803983 -0.038423083474714383 0.0080852554193443123 -0.0043485297730936276 0.024148212299411137 0.0071992206043208565 -0.030521101257998024 0.010416998929354659 0.0043082990750438806 -0.0015023572058347622 -0.010101669517064692 -0.0053164493112405811 0.00067149283229173834 0.015283425633143589 -0.0050750918152447375 -0.0019333935100785606 -0.018411684061789474 0.0068655180692096572 -0.018318801395054297 0.070179990327061945 -0.014565247908481849 -0.01980317702798233 0.0061585553797282163 0.01731250142261077 -0.030952035592210991 0.018531147991025804 0.036014421590848882 0.0020350582673299227 -0.036452991342031733 0.018109677693175202 0.037883470003854336 -0.064834907629454819 -0.037719480993236722 0.0030091460735622573 0.0095603295184317292 -0.00098009578072830823 0.0076915468485444132 -0.096328990812820564 -0.07743040153202356 0.0067295083227289117 -0.053774336659884285 0.028125039388323444 0.018579515313671139 0.020141430336245804 0.0095313352349946888 0.0028670427797943144 0.0030434301326069408 0.00049667240882694959 -0.0035766157536528537 0.037592002190162815 -0.0015102131074763434 0.016690507216984625
leaf_weight=53.175047015101882 163.04514886128891 229.2363248065376 141.43385985961868 221.9689192170481 43.159775483702106 31.549257238082646 169.70147712986 36.969005127990386 545.65834596421337 443.13889702864981 2172.5281133313438 4.3321715169804511 55.925012335848805 1032.08285692139 152.55273750908964 47.260899041837547 26.872806124665658 105.91468371805968 408.08740842754196 468.96945462445728 595.68777681658867 148.97034586174414 2716.4813855545071 189.67972894878767 1308.9963095521671 28.581359369913116 77.117271553957835 494.12859886375372 249.79427679225591 6.0077522175779423 5.3332131156930709 27.356909365393221 243.66063844542805 18.298043319955468 7.8609086947253699 110.97046564446646 17.631164694947074 721.61244191270089 17.074491727777058 51.391561005846597 8.4614906059578043 25.864968180831056 8.3143748057773301 84.332299993300694 25.297526265960187 7.9149020166369182 10.258252660074502 7.3921293681487468 2.7900215438567075 6.5804278797004381 4.7137416219338766 5.8280167346820244 75.438055466285732 44.214793155901134 379.09776205988601 3494.9551877042941 428.95328025054187 852.66511200430978 2096.7948513293813 18.006117924058344 293.62966416229028 117.70233580033528
leaf_count=573 9658 21838 42279 23318 2097 24747 151001 1272 4745 114010 323044 337 18581 261758 6837 2159 3218 12297 23959 9235 193805 2396 217226 1964 156847 756 4136 5429 216807 3641 4240 1379 28988 610 1138 2817 1041 28673 1354 2105 130 1241 265 4790 765 203 307 483 270 103 414 61 4544 533 8152 132076 28077 23234 78682 1526 9550 2229
internal_value=0 -0.000123602 -0.00399348 0.00106596 -0.00241201 -0.00610042 -0.0148619 -0.00111207 0.00254418 -0.0136445 -5.76134e-05 -0.00139368 -0.010657 -0.00142334 5.66627e-05 0.0114045 -0.00980235 -0.00376625 0.00648676 0.0059173 -0.00441061 0.0036808 -0.000711449 0.00653755 -0.00538921 -0.00324194 -0.00178533 0.00403976 -0.0132743 -0.00496084 0.0323767 -0.00360728 0.00347477 0.0202072 -0.002819 0.0125076 0.00176123 -0.000506991 -0.00671536 0.00151061 -0.0160961 -0.0281407 -0.0463596 -0.00662193 -0.00383887 -0.0102229 -0.0211818 -0.0412655 -0.0591612 -0.023379 -0.00056055 -0.0105198 0.0150464 0.00150978 0.00140215 0.00304363 2.46151e-05 0.00328273 -0.00133411 0.00441745 -0.00236858 0.00372576
internal_weight=0 21536.2 5063 16473.2 4434.8 1731.26 628.196 6660.2 9813.03 474.688 2703.55 2252.3 458.494 6512.26 4001.41 252.845 74.1337 2510.85 451.247 1847.41 2404.94 1301.75 3748.56 832.779 2175.7 1256.57 1093.53 643.099 402.569 152.775 11.341 1580.01 271.018 178.712 26.159 147.939 7965.62 1016.41 294.796 157.512 137.283 68.5887 40.0074 106.121 68.6948 60.2333 34.9357 24.6775 16.7626 9.37045 89.046 14.1424 79.7702 7743.65 7699.44 3512.59 4186.85 1231.76 2955.09 446.959 2508.13 411.332
internal_count=2229950 2229377 985001 1244376 548452 194471 436549 912189 332187 138757 353981 327925 285548 908100 492946 13962 5377 415154 26056 23769 402857 19024 478984 9789 381019 55714 46056 7825 266967 50160 7881 187214 30367 8585 1748 4089 308418 41920 13247 8663 4584 2323 1567 6558 2261 2131 1366 1059 856 373 5204 326 4881 285100 284567 133117 151450 31386 120064 29603 90461 11779
cat_boundaries=0 2 4 6 8 10 12 13 15 16 18
cat_threshold=1566897700 841856554 1074003968 4096 1180962400 566215726 2281701392 440401984 14684417 34345056 17830019 301989888 1 76813056 536880194 146 2416067588 1640448
is_linear=0
shrinkage=0.05


Tree=71
num_leaves=63
num_cat=10
split_feature=55 26 21 38 38 21 51 38 59 57 23 38 38 57 59 23 22 2 5 21 21 20 2 26 20 38 46 47 18 38 27 23 58 38 57 59 38 6 44 20 23 34 21 23 9 1 48 23 25 26 47 47 57 42 46 23 23 26 22 46 23 21
split_gain=38.9581 32.2505 26.915 30.3603 26.3102 24.8859 15.5698 15.81 13.0115 17.5944 11.8671 10.2658 9.65747 10.3548 11.0248 9.49618 8.34338 8.03356 8.94242 7.92316 8.32745 7.83051 8.43574 7.69887 12.4354 10.3546 10.22 8.62844 7.61166 8.07652 7.45829 7.38617 7.17515 12.7756 9.35232 7.12945 9.30661 7.27541 6.93855 6.8123 9.12584 6.78354 7.14499 6.7639 6.63228 7.05631 6.49831 6.39645 8.11857 6.38 6.37865 9.63543 7.03465 13.3191 10.2691 6.35743 6.82091 6.33298 6.88356 8.0818 6.74796 6.15073
threshold=189.00000000000003 0.10941386967897417 47.500000000000007 0 1 5.5000000000000009 0.16499999910593036 2 0.45227272808551794 1.0000000180025095e-35 0.71593117713928234 3 4 1.0000000180025095e-35 0.44097222387790685 0.050039123743772514 206.58333587646487 4.4275000095367441 3.4412499666213994 8.5000000000000018 35.500000000000007 6.5000000000000009 2.4489499330520634 0.477826938033104 14.500000000000002 5 69.896690368652358 87.500000000000014 44.500000000000007 6 3.5000000000000004 0.31749305129051214 1.5000000000000002 7 1.0000000180025095e-35 0.13961039483547213 8 0.27764600515365606 4.5000000000000009 17.500000000000004 0.14679691195487979 80.000000000000014 71.500000000000014 4.7629466056823739 59.500000000000007 96.500000000000014 1.5000000000000002 1.9643346667289736 14.500000000000002 0.61556267738342296 69.500000000000014 82.500000000000014 1.0000000180025095e-35 9 46.861371994018562 0.6760680377483369 0.50499168038368236 0.1805861443281174 154.12500000000003 29.063153266906742 0.5850324034690858 49.500000000000007
decision_type=8 2 8 9 9 10 2 9 2 2 10 9 9 2 2 10 10 8 8 10 10 2 10 2 2 9 10 2 8 9 10 10 2 9 2 2 9 8 2 2 10 2 8 10 10 10 10 10 10 2 2 2 2 1 10 10 8 2 10 10 10 10
left_child=-1 2 4 41 19 10 7 35 9 17 15 -8 13 14 16 -3 44 -9 -19 -2 47 31 30 25 -25 26 55 -28 29 -20 39 -17 -14 34 -34 38 37 -37 61 -23 -41 42 -4 -6 45 -5 -44 48 -21 -33 -26 -52 -53 54 -54 56 -10 60 59 -59 -40 -7
right_child=1 5 3 12 43 6 11 8 23 -11 -12 -13 32 -15 -16 21 -18 18 28 20 -22 22 -24 24 50 -27 27 -29 -30 -31 -32 49 33 -35 -36 36 -38 -39 57 40 -42 -43 46 -45 -46 -47 -48 -49 -50 -51 51 52 53 -55 -56 -57 -58 58 -60 -61 -62 -63
leaf_value=0.042776412392193153 -0.036977205411710116 -0.025257830357474139 0.0077534297751730603 0.0019599754856651857 -0.027360642847133621 -0.03438726896140594 -0.011605168891262604 0.01434757161177962 0.018045185190532564 -0.02561488273030357 0.010525083814491125 0.0091399867381935923 -0.0036924303796351298 -0.050462803866056644 0.016753973531077659 -0.011703067625413489 0.025029116526125435 0.022555731250722865 -0.0040074881300887887 -0.0041771151200106866 -0.014116527506260058 0.0075851406602023318 0.038222345019917746 0.0021938203910671942 -0.021290700150660678 0.0021669821960274595 0.021089099001073391 -0.088085517736369773 4.4969264031795331e-06 0.0043829655448653004 -0.011304889561049487 -0.065408264577791433 0.022122231250154174 -0.0078471593278266975 -0.026006192950143964 -0.03644415126430034 -0.00044163977450995863 0.019380707875818335 -0.016892364113409507 -0.022320200500233721 -0.0022030626016260762 -0.028804330926376562 -0.0058158131650301696 0.035259871287137069 0.018649002533420261 -0.0099259017133424207 -0.018018382530874854 0.046426364177818299 0.029948722594530738 -0.011143787162035134 0.041526886075455696 0.01562002398721981 0.050366943407866155 -0.033400498177688892 -0.052580139969241282 0.034667109523431383 -0.047647258692797484 0.0063840701429203678 -0.023160727492559013 -0.002874582981949661 -0.00468935458260877 -0.0031171723541988665
leaf_weight=52.050707822316326 10.585400522926646 69.807981713604022 43.241787445746013 557.97528442663679 254.22820073287767 33.481807040183412 56.556054354834487 112.00507256139463 14.223000599631634 61.056689945322432 98.291760533407796 826.53381570242345 1879.1093795534998 7.8489969926158656 140.51837626434281 68.613646674246411 35.307790088460024 46.598486594411952 325.35459922994778 45.84564676550508 34.551372251367866 138.1986800985469 10.180469115046433 358.35144398044213 11.055245262919923 1677.2026161643371 2.8384276809520079 2.8327382362331264 7103.5205272491039 2090.0763200061065 348.84245578754781 13.358933171140963 105.38043429547542 90.075783903965203 10.314891323359914 5.2966426774364663 838.93560823063308 97.886227975890506 144.01461979988926 64.533032844185072 405.55293322150828 63.859221272048671 178.26719402424169 3.5691370416316195 46.216272819467122 159.79295377433118 285.6910077499324 12.447271253826328 26.915748123479716 9.4742759675718826 32.831419701920822 348.00764209136833 10.533222142490557 19.870904881157912 2.1950754157151104 57.783117420782219 4.3370625838579135 298.74666871792579 34.604560752741236 1102.2263053080096 524.41643140783708 29.311255649517989
leaf_count=538 8012 34445 12096 63084 134160 3199 7149 6807 1194 17228 2490 18303 407839 2596 6044 11062 6418 8774 21749 12546 7986 5794 1005 7776 210 70696 91 374 468594 48101 68921 1172 12766 11247 2784 308 65958 8836 50359 5993 11531 125108 50709 150 7750 49562 129978 1063 9642 235 354 4944 336 1697 390 2254 417 16453 5731 106613 77709 2172
internal_value=0 -0.00012374 -0.00417861 -0.00282872 -0.0166717 0.000801384 0.00131923 0.000948484 0.00175421 0.000923892 -0.00606271 0.00777189 -0.000809227 0.00335187 0.0038901 -0.00751546 0.00161048 0.00109396 0.000937284 0.00236592 0.00631672 -0.0063229 -0.00498821 0.00494042 0.0090629 0.00310183 0.0193689 -0.038473 0.000829096 0.00325315 -0.00548723 -0.0202344 -0.00270827 0.00612251 0.0162525 -0.00223224 0.00139075 0.0147746 -0.00381772 -0.0021378 -0.00500625 -0.0132864 -0.0115413 -0.0253801 0.000496872 -0.000696243 -0.0133524 0.0146699 0.00868152 -0.0443044 0.0148429 0.0158581 0.0135409 -0.00845862 0.0300762 0.0266119 0.00104322 -0.00332343 -0.00144951 -0.000897101 -0.00733982 -0.0200683
internal_weight=0 21491.3 3991.74 3603.6 388.143 17499.5 16272.7 15389.6 12280.7 9738.61 1226.85 883.09 3032.54 947.66 939.811 1128.56 799.292 9677.56 9565.55 130.345 119.76 1058.75 967.308 2542.06 782.845 1759.22 82.0143 5.67117 9518.95 2415.43 957.127 91.4469 2084.88 205.771 115.695 3108.92 942.118 103.183 2166.8 608.285 470.086 571.059 507.2 257.797 763.985 717.768 463.958 85.2087 72.7614 22.8332 424.494 413.438 380.607 32.5992 12.7283 76.3432 18.5601 2104.01 1435.58 1400.97 668.431 62.7931
internal_count=2229502 2228964 1061540 887981 173559 1167424 1024776 999324 661986 571253 142648 25452 570090 135454 132858 140158 126814 554025 547218 39249 31237 105713 93244 90733 15707 75026 4330 465 538444 69850 92239 12469 434636 26797 15550 337338 75102 9144 262236 23318 17524 317891 192783 134310 120396 112646 180687 23251 22188 1407 7931 7721 7367 2423 726 3865 1611 256865 128797 123066 128068 5371
cat_boundaries=0 2 4 6 8 10 12 14 16 18 19
cat_threshold=369142344 567333888 2416092684 717339744 2870512843 177141144 135266593 6291984 3776446496 402653378 67387408 6292034 10764576 2099783 2375827 3015429 2685436032 8320 2
is_linear=0
shrinkage=0.05


Tree=72
num_leaves=63
num_cat=16
split_feature=23 38 53 26 6 23 26 21 44 2 38 38 21 38 38 59 59 38 23 26 23 20 38 38 23 46 21 44 38 38 21 21 23 23 46 57 26 22 41 38 39 38 27 40 21 57 26 26 39 22 22 46 46 51 38 44 46 46 21 57 26 41
split_gain=37.449 25.9757 24.023 20.8606 17.3293 17.3128 13.241 14.5605 10.516 10.4575 10.3017 9.69623 9.97225 17.529 9.61762 9.61115 9.44132 24.5113 10.8516 10.5796 10.0974 14.0685 12.9149 12.0158 9.98155 9.53483 9.33646 12.2386 10.7523 9.62753 9.28975 9.18634 9.54225 9.30376 8.96363 8.88979 8.74706 8.3737 8.3698 8.34613 8.26124 8.06445 9.14933 17.6579 8.00922 7.49992 7.46364 7.82641 11.8642 10.8758 9.98291 8.99292 7.69319 7.40813 8.35961 10.3755 8.21709 8.62039 9.90561 8.59271 7.47502 8.06806
threshold=0.23923829197883609 0 1.0000000180025095e-35 0.53871130943298351 0.53170400857925426 0.050039123743772514 0.17402119934558871 19.500000000000004 17.500000000000004 4.2271001338958749 1 2 303.50000000000006 3 4 0.38278388977050787 0.73214286565780651 5 0.27279774844646459 0.21254921704530719 0.6604212522506715 1.5000000000000002 6 7 0.6063213348388673 63.923131942749031 17.500000000000004 8.5000000000000018 8 9 32.500000000000007 56.500000000000007 2.1404588222503667 2.0008665323257451 32.780879974365241 1.0000000180025095e-35 0.222026601433754 435.50000000000006 10 11 1.5000000000000002 12 3.5000000000000004 13 14.500000000000002 1.0000000180025095e-35 0.52960655093193065 0.40754985809326177 1.5000000000000002 28.184659004211429 30.447222709655765 20.488872528076175 37.095058441162116 0.16499999910593036 14 17.500000000000004 13.536827564239504 39.933795928955085 19.500000000000004 1.0000000180025095e-35 0.61556267738342296 15
decision_type=10 9 2 2 10 8 2 10 2 8 9 9 10 9 9 2 2 9 10 2 10 2 9 9 10 10 10 2 9 9 10 10 10 10 10 2 2 10 1 9 2 9 10 1 10 2 2 2 2 10 10 10 10 2 9 2 10 10 10 2 2 1
left_child=1 -1 3 4 6 -3 7 -2 14 -8 -10 15 39 -14 -7 -9 20 -18 25 -20 21 -11 45 44 26 -19 27 -25 -28 46 38 32 33 -21 -17 -6 -33 -16 -24 -13 -35 -26 -43 -44 -23 -22 47 49 -49 -29 52 -51 -50 54 56 -56 -5 58 -58 60 61 -59
right_child=2 5 -4 53 35 8 9 11 10 16 -12 12 13 -15 37 34 17 18 19 31 22 23 30 24 41 -27 28 29 -30 -31 -32 36 -34 40 -36 -37 -38 -39 -40 -41 -42 42 43 -45 -46 -47 -48 48 50 51 -52 -53 -54 -55 55 -57 57 59 -60 -61 -62 -63
leaf_value=-0.024482196167116194 -0.016509691660987768 -0.026463865333762056 0.036399352606837777 -0.023096072609034127 0.015595258962513795 0.0043278477949786898 0.012819684278250002 0.00098013602338604586 -0.001704920258458026 -0.046481218408523622 -0.011417535170646087 -0.010367436804144863 0.0049467898737585812 -0.019703368926467697 -0.0038654078622900241 -0.00041576331451042615 -0.027134609090606384 -0.03638652521958663 0.022546844707584481 0.0066616834501918246 0.0045327482806574379 -0.019612079778774882 0.0052605188232945077 -0.047791492535017549 0.0040442781633665435 0.042327044615174315 0.010136450063731442 -0.024009084057807741 -0.0011996023073986455 0.0011614607060935127 -0.002122144760529666 -0.051610235735187096 0.02438775946253071 -0.10444146746266647 0.030219377327055142 -0.044713483276115511 -0.00062269543823854705 0.044399429896988404 -0.0021048616268174564 -0.0013941127667677414 0.012150224836077111 -0.004704316393030818 -0.047748649109379114 -0.0023185975619939587 -0.005220874047205116 -0.026829419843669017 -0.051237079068836747 0.0063190672886726451 0.015814545384300414 -0.069205189864108563 -0.062976013628120137 0.0025684396977676245 -0.027215027719937248 0.016302278746241097 -0.0097588394238624556 0.0047321062722481076 0.016482742749809178 -0.0099553964129110249 0.0052445995043249611 -0.02785571489376534 0.0073344942920201845 0.0035157440774849498
leaf_weight=154.00571396451596 178.25983940615515 82.68080051828656 46.197637508565094 23.592346149380319 213.62029355624691 566.22979112376925 174.28734082329902 677.30795144817239 505.73431420929774 17.103662636174704 620.90796613963903 276.28342231546958 108.0104855940408 203.178259969387 1223.999635636219 40.381683570973109 48.581622916288325 23.834231148590337 93.910612017090898 782.26346326657949 2101.9943522955873 143.98604752691608 1033.239930153657 13.666928530350559 70.166867140476825 3.6866699691163367 400.43654986157344 116.24409151471627 427.46219107051729 881.03778856407735 3006.9795808400886 7.6413888106617369 78.591068051639013 2.5702185961417845 57.32601033316314 5.3457349059463004 317.32655466081633 8.0583998281508666 606.93065168702014 2776.2065719156308 2.3185055138310418 80.690315740182996 48.587514123180881 37.800961021312105 293.54931115692307 18.255780055078503 8.8110472931002715 162.23069748922717 16.979342498001643 3.590510362351778 10.205991031776646 87.625303306929709 23.86197229087702 132.1702136179083 219.33967107906938 280.19557386550878 338.56707840706804 152.71286543464521 467.46195385674946 20.80206273146905 653.21570949745364 335.92256771889515
leaf_count=208548 52366 47825 576 520 4402 57895 6818 116585 105843 2537 203881 89568 17427 49805 169923 2309 7057 1080 3654 21359 136707 21281 37307 846 5774 111 20402 10371 26222 44426 137295 434 1445 189 3380 1358 9237 690 23727 466390 61 1838 3210 1898 32050 6434 353 4247 363 234 466 6208 1242 1142 8087 7410 4840 3485 7649 2842 11347 6592
internal_value=0 -0.00511754 0.000773466 0.000681578 -8.945e-06 -0.00402341 -0.00020716 -0.00255786 -0.003394 0.000703399 -0.00717942 -0.00195309 -0.00311004 -0.0116318 -0.00101972 0.00306636 0.000509787 0.00440624 0.00575661 0.00647319 -4.22494e-05 -0.00254164 0.00100835 -0.00225945 -0.000836651 -0.0247278 0.000234744 -0.00236867 0.00439683 -0.00185892 -0.000470312 0.00518761 0.00787585 0.00619842 0.0176822 0.0139263 -0.00197628 -0.00348571 0.00255463 -0.00224794 -0.0564737 -0.010551 -0.0159592 -0.0281239 -0.00976798 0.00423025 -0.00788607 -0.00704587 -0.000310471 -0.0139354 -0.0210961 -0.000976605 -0.00937552 0.00480696 0.00419093 -0.0016054 0.00562419 0.00600847 0.00997968 0.00324916 0.0038397 -0.000837634
internal_weight=0 3161.62 18352.5 18306.3 15682.4 3007.61 15463.4 4316.95 2924.93 11146.4 1126.64 4138.69 3363.68 311.189 1798.29 775.016 10972.2 1360.72 1312.14 1284.62 9611.44 2844.04 6767.4 2826.93 2389.4 27.5209 2152.15 1324.25 827.899 1310.59 4647.15 1190.71 865.743 787.152 97.7077 218.966 324.968 1232.06 1640.17 3052.49 4.88872 237.246 167.079 86.3885 437.535 2120.25 429.549 420.738 213.278 207.46 51.0473 91.2158 40.8413 2623.98 2491.81 499.535 1992.27 1968.68 806.029 1162.65 1141.85 488.635
internal_count=2229568 794605 1434963 1434387 1380473 586057 1374713 797830 538232 576883 309724 745464 623190 67232 228508 122274 570065 44627 37570 36379 525438 183968 341470 181431 128100 1191 115380 68756 46624 67910 198329 32725 23054 21609 5689 5760 9671 170613 61034 555958 250 12720 6946 5108 53331 143141 23484 23131 6318 16813 2071 6442 1605 53914 52772 15497 37275 36755 12489 24266 21424 10077
cat_boundaries=0 2 4 6 8 10 12 14 16 18 20 21 23 25 26 28 29
cat_threshold=2684487769 80887880 72647680 537242928 3892445322 205525316 4733184 268478009 1227382816 134480391 46597 541171968 2635347255 806653392 2635874464 854848 1088463361 12434 1075840004 136328320 156 4196416 58737720 539133701 675325057 512 1084227844 273154210 72
is_linear=0
shrinkage=0.05


Tree=73
num_leaves=63
num_cat=12
split_feature=16 38 21 21 55 58 57 38 38 2 5 22 38 58 34 59 38 3 0 21 26 45 27 46 38 41 46 59 34 45 30 44 17 8 58 22 40 18 18 38 45 57 58 34 28 59 59 26 20 0 41 59 24 38 38 28 46 26 46 17 22 44
split_gain=27.6219 23.7402 17.3911 15.2961 14.0675 12.739 36.9857 14.1727 12.2743 12.7702 12.0735 12.9057 12.046 10.4978 10.3771 10.1528 14.9743 8.80409 8.76177 8.59692 9.12327 13.0103 8.17131 7.75584 7.73412 7.32143 7.84309 7.15926 8.12046 7.09189 6.97094 6.52866 6.41092 6.40766 6.31219 6.2948 6.2681 6.16768 6.23486 9.52419 6.8734 6.09331 8.50984 7.67186 5.95926 6.73033 6.90785 6.71248 7.63631 6.57108 5.94703 5.80893 5.74136 9.20536 8.45563 6.91353 6.76811 5.95185 6.55637 8.65626 5.75309 7.5078
threshold=1.5000000000000002 0 17.500000000000004 8.5000000000000018 189.00000000000003 1.5000000000000002 1.0000000180025095e-35 1 2 2.0187499523162846 4.5058500766754159 40.607690811157234 3 2.5000000000000004 7.0000000000000009 0.57738095521926891 4 0.13520950078964236 5376.6760253906259 3.5000000000000004 0.477826938033104 1.5000000000000002 15.500000000000002 25.950738906860355 5 6 49.720590591430671 0.16333333402872088 5.5000000000000009 119.50000000000001 0.98544999957084667 81.500000000000014 48.500000000000007 0.89091923832893383 4.5000000000000009 64.527778625488295 7 8.5000000000000018 46.500000000000007 8 48.500000000000007 1.0000000180025095e-35 2.5000000000000004 19.000000000000004 4591.5000000000009 0.92857143282890331 0.2788888961076737 0.64729991555213939 7.5000000000000009 4847.5244140625009 9 0.48529411852359777 1.0000000180025095e-35 10 11 35206.000000000007 36.00856018066407 0.18763646483421328 28.738739967346195 6.5000000000000009 36.514705657958991 123.50000000000001
decision_type=2 9 8 8 8 2 2 9 9 10 8 8 9 2 2 2 9 8 10 10 2 10 10 10 9 1 10 2 2 10 2 2 2 8 2 10 1 10 10 9 10 2 2 2 2 2 2 2 2 8 1 2 2 9 9 2 10 2 10 2 10 2
left_child=1 3 -3 14 -5 8 7 13 22 19 17 51 -4 44 -1 16 -9 -6 -13 32 37 -22 23 -2 -17 26 -23 28 -28 -27 35 -24 -10 -25 -8 -26 -30 -21 39 -39 52 42 -14 -43 -7 46 -46 48 -48 -50 -35 -12 53 56 55 -54 -40 -57 59 -59 -56 -62
right_child=5 2 12 4 10 6 34 15 9 -11 11 18 41 -15 -16 24 -18 -19 -20 20 21 25 31 33 30 29 27 -29 36 -31 -32 -33 -34 50 -36 -37 -38 38 40 -41 -42 43 -44 -45 45 -47 47 -49 49 -51 -52 -53 54 -55 60 57 -58 58 -60 -61 61 -63
leaf_value=-0.0043289225961193464 0.0054483504503213221 -0.029135921046439028 -0.023409207806505055 0.040923310107719546 0.00039020953776253641 0.033125772661667767 -0.015915321747148319 -0.0095183560091751853 -0.010714233070332303 0.017606070893549864 0.00075045519678494437 -0.003205091958528008 -0.0054741057131033827 0.020066455804298694 -0.018591212516628052 0.013077362880016258 0.0086765443456997219 0.021878588807970376 0.0030471799346282998 -0.0079894298433439235 0.022442258824667025 0.0027391353884004999 0.0013927923355853066 -0.027828239240168803 -0.0022823394487780382 0.0061046468694519844 -0.034700396538444943 0.010746186570505686 -0.02290090021785177 -0.03034823179829162 -0.014748093298495621 -0.015911397503503719 0.006950575677466442 0.00045423785500454424 -0.047589845001602411 0.034634172404051852 0.016622654793758001 -0.002320629739550929 0.022526730802763906 0.0061664325609368494 0.007392798447224725 0.015983334010014449 0.012422250083661962 -0.043466365593978255 0.016443859308541739 0.015515593732702018 0.011243964109980499 0.032580650474680187 -0.0014518276830966267 -0.025962341908496795 -0.0049627856658708454 0.0060939896883583566 -0.0078596139815561017 -7.751307658780576e-05 0.0087617652291996466 0.022642397076438777 0.0035173185319930266 0.005635303119107332 0.0042994087625615723 -0.027852730828249891 -0.0023770640798136513 0.027295473172947001
leaf_weight=466.10311120541883 399.47746959873621 87.694522783327557 86.636455713160103 19.721242824802175 87.897019963420462 20.190190492816328 97.027067884861026 251.22070824433467 219.76350209760858 130.19775796878093 2404.0242157009998 3935.2679986878611 1251.8953533235745 319.65210398385534 175.07071553523019 299.307190633961 188.38568311646668 103.2412424901122 652.54007646546233 179.33666401549272 102.49857276619878 221.10607178881764 79.811676700814132 23.015848935276153 32.561666615205468 1403.4765790840465 44.848855755641125 22.736012829700485 19.238207728834823 12.495958098676054 56.669810235711338 169.90541300203768 66.172475757775828 1196.5520273859729 18.376170558447484 16.797103934459301 18.918684176693205 450.18567117971543 88.979661110141024 1212.3222748696353 289.22616077585553 6.7508031018951469 69.21527186340245 19.785717843064049 49.593231840990484 112.04182048307848 38.966817006032215 10.220561075257136 52.279728997789789 56.620934092934476 869.12744915973599 644.20522543659899 747.02370528552274 793.92049900329584 207.59224610497768 28.43561892490834 98.550859240844147 33.930666973115876 171.85828633030178 42.886830549337901 489.76222726103151 21.287367265758803
leaf_count=28308 18508 74696 161636 144 2588 667 10126 8674 25214 2754 184046 573408 493752 7059 72706 4494 9853 10607 14935 11999 1185 2726 20671 1076 1831 19029 1016 355 354 181 3679 46011 1468 73917 2725 843 244 22776 8624 36681 7962 1985 16849 9351 1426 1727 919 83 1681 1257 56272 31599 31153 47182 11022 340 18433 478 2508 566 24018 1501
internal_value=0 -0.00186351 -0.00759022 -0.000825974 -0.000219752 0.00173029 0.005838 0.00793428 0.00105454 0.00214734 -0.00032863 -0.000640027 -0.00630638 0.0133675 -0.00824609 0.00348311 -0.00173836 0.0120504 -0.00231534 0.00185986 0.00222249 0.00521421 -0.0017871 -0.00092631 0.0092221 0.00418871 -0.00254521 -0.0137554 -0.0205146 0.00572138 -0.00265517 -0.0103973 -0.00661619 -0.00214753 -0.0213245 0.0107189 -0.00338055 0.00108461 0.00143426 0.00389135 7.78513e-05 -0.00497984 -0.0045278 -0.0283113 0.00741957 0.00569803 0.000352592 -0.00476698 -0.00754995 -0.0143159 -0.00184807 0.00188137 -0.000701191 0.00235605 -0.00242325 -0.0053085 0.0119735 0.00138131 -0.00113081 -0.0131786 0.00173977 -0.00109019
internal_weight=0 10010 1521.98 8488.07 7846.9 11474.6 1619.91 1504.51 9854.64 7116.75 7827.18 7636.04 1434.28 659.565 641.174 844.942 439.606 191.138 4587.81 6986.55 6700.62 1845.32 2737.89 2488.17 405.336 1742.82 326.848 105.742 83.0057 1415.97 106.029 249.717 285.936 2088.7 115.403 49.3588 38.1569 4855.3 4675.96 1662.51 3013.45 1347.65 1321.11 26.5365 339.913 319.723 207.681 158.088 147.867 108.901 2065.68 3048.23 2724.23 981.451 1742.78 1024.14 187.531 277.111 248.676 76.8175 718.642 511.05
internal_count=2229878 1676610 758269 918341 817327 553268 57044 44193 496224 279769 817183 803988 683573 14819 101014 29374 18527 13195 588343 277015 250333 25090 216455 149773 10847 23905 4695 1969 1614 19210 6353 66682 26682 131265 12851 2674 598 225243 213244 59457 153787 521937 510601 11336 7760 7093 5366 3940 3857 2938 130189 215645 145825 74239 71586 35045 27057 3892 3552 1044 36541 25519
cat_boundaries=0 2 4 6 8 10 12 13 14 16 17 19 21
cat_threshold=3589809028 308918498 1075843507 41226689 2277001715 62046495 133192 25182208 968884292 671091760 289406976 546 64 512 671088640 201923232 198 536880644 201335936 1614947844 402666528
is_linear=0
shrinkage=0.05


Tree=74
num_leaves=63
num_cat=13
split_feature=55 26 21 21 38 59 38 26 38 39 23 38 38 38 47 59 38 46 22 59 38 7 51 26 59 34 26 23 46 25 38 45 9 48 45 23 38 21 46 23 38 45 46 21 44 25 21 44 27 21 26 48 20 2 38 26 27 21 20 38 5 7
split_gain=30.7055 29.1196 24.3963 16.6809 15.9556 15.3224 29.5808 13.7464 13.424 18.3016 13.9041 12.9114 11.8037 10.4973 10.3313 10.2505 10.3737 9.67959 13.6262 9.35641 8.50268 8.48222 8.25939 8.33236 8.13065 13.1416 10.4719 13.1903 12.3484 9.46299 8.95218 8.75297 8.24293 7.92752 10.0892 8.45149 7.86354 7.78218 7.86484 7.68687 7.70333 8.30435 7.63037 7.53465 7.78588 11.543 7.80329 7.5221 7.49529 7.4027 7.30271 7.8698 7.23164 7.1404 7.04132 7.58639 6.96473 6.91817 6.90945 6.89254 7.09825 6.86253
threshold=216.00000000000003 0.313496083021164 8.5000000000000018 2.5000000000000004 0 0.26201373338699346 1 0.16458301246166232 2 1.0000000180025095e-35 0.82420912384986889 3 4 5 38.500000000000007 0.73214286565780651 6 23.191629409790043 67.211109161376967 0.92857143282890331 7 23.500000000000004 0.17500000447034839 0.066784039139747634 0.68333333730697643 11.500000000000002 0.27591805160045629 2.8766678571701054 19.903301239013675 14.500000000000002 8 5.5000000000000009 33.500000000000007 2.5000000000000004 20.500000000000004 0.62164562940597545 9 286.50000000000006 71.622642517089858 0.6604212522506715 10 17.500000000000004 14.40142869949341 49.500000000000007 57.500000000000007 6.5000000000000009 93.500000000000014 106.50000000000001 7.5000000000000009 30.500000000000004 0.42237871885299688 2.5000000000000004 14.500000000000002 6.4414501190185556 11 0.61556267738342296 16.500000000000004 54.500000000000007 196.00000000000003 12 2.6442500352859502 34.500000000000007
decision_type=8 2 8 8 9 2 9 2 9 2 10 9 9 9 2 2 9 10 10 2 9 8 2 2 2 2 2 10 10 10 9 10 10 10 10 10 9 10 10 10 9 10 8 8 2 10 10 2 10 10 2 10 2 10 9 2 8 8 2 9 10 8
left_child=-1 2 7 58 -4 8 37 -2 22 36 12 -9 -11 14 -12 21 61 18 19 -18 43 54 23 59 30 26 48 28 -28 31 -22 -27 -30 35 -35 -21 -10 38 42 -23 52 50 -7 -8 -45 57 -47 -38 -26 -37 -42 -52 -41 -39 55 -5 -49 -46 -3 -6 -61 -17
right_child=1 3 4 15 5 6 20 11 9 10 13 -13 -14 -15 -16 16 17 -19 -20 33 24 39 -24 -25 25 29 27 -29 32 -31 -32 -33 -34 34 -36 49 47 53 -40 40 41 -43 -44 44 45 46 -48 56 -50 -51 51 -53 -54 -55 -56 -57 -58 -59 -60 60 -62 -63
leaf_value=0.038528200406562192 -0.032200845859149035 -0.011825308634398117 -0.024054384005943265 0.0035867648553349883 -0.011034031013956194 -0.046605485745516172 0.0074877644569773935 0.0071100402971122556 5.5423196532267417e-06 -0.0011350379823646384 -0.048255938170885609 -0.014561753113640495 -0.019844094695716838 0.00056633857160049512 -0.0097019395244134794 0.015399138009799383 0.022988989602455861 0.0035429255988162489 0.018238260334252628 -0.096104245267530933 0.004359188927906296 -0.0023100433548829328 0.010217029855764115 0.00021979102247083636 0.0064802894288845704 -0.05581474776851169 0.030304203222278416 0.032111567863000498 -0.090945360726752772 0.021351343206550886 -0.0090742102919698208 -0.019694124248030159 -0.022932493573364562 0.045207125363625332 -0.047331114003475498 0.0057414671325976101 -0.0078775224128637047 -0.028152504811084181 -0.022724416417458412 0.0023736113340929793 -0.0023606739391861913 -0.0033383033239503023 0.018188467207876952 0.00082712156888180256 -0.00099443852948615289 0.0091363942286533991 -0.033016255468418215 0.015386801638891133 -0.023242025831483711 -0.052331148950728712 0.013609002884514942 0.0025722961281129729 0.012848853631573207 0.02638917452509594 0.00034239710925846743 0.010727405798389662 -0.010064609427006661 -0.079626950104354235 0.038045612412365273 -0.0029095477918925925 0.026769416979420702 0.0057613283609377177
leaf_weight=50.62827458436368 79.538491055721352 257.10045893328061 65.939356375522948 1999.6468533648585 307.3654708635986 3.6721835887583429 450.05421553853375 88.327968838009838 1668.4760008876347 120.49462284212677 17.608131961242179 254.50772150175544 384.74568475028354 396.74664334881163 285.79767434397218 348.70814688818064 6.3731658621691158 553.16911382331455 19.409231215482578 7.2431353213614811 321.47899000715552 1898.2449238922127 174.48159341837527 3779.6853132807755 124.9946680952271 27.282671232314897 3.6466290882672245 5.844182107364758 10.68425493326504 8.0315545544472098 186.93982739496096 45.829427944445342 8.6251797404256632 5.0536896318662894 4.7367110431659967 7.7081874688155976 719.75420359584496 18.403584191866688 11.745641616507781 427.65452902417019 406.50056355494598 898.76068075514922 384.04770151265257 562.94850729236714 3.8998211749130833 30.11945847172683 16.009784620488063 71.232537756266538 24.508397759404033 16.598253450123593 231.2886825602618 532.27918416004832 267.61345973498828 7.7787461175466879 1307.5509186435374 456.62972119808546 41.947624024018296 9.1281334565283032 6.1841013529337934 616.85049277914914 19.82984751668846 395.59290623225388
leaf_count=563 71042 28390 136088 22743 114693 471 26950 15395 188528 45334 1989 72109 144070 65052 42485 3986 113 15854 344 390 38019 104370 15931 437138 7671 4414 68 130 643 1845 33705 9249 318 96 139 167 172862 1742 1372 34227 15807 31445 29001 40613 131 3039 2490 8972 6415 446 5132 16106 23493 128 25295 4281 16607 1106 72 124158 2536 11747
internal_value=0 -7.80359e-05 -0.00181266 0.00188172 -0.00135663 -0.00119353 0.00246294 -0.0135895 -0.00215783 -0.00442231 -0.00949275 -0.00919053 -0.0158076 -0.00491979 -0.011706 0.0022161 0.00623482 0.00133713 -0.0164302 -0.0306179 -0.000323477 0.00156462 -0.000433686 -0.000830091 -0.00430624 -0.0115462 -0.00389928 -0.0309651 -0.0476934 -0.0280973 -0.000680793 -0.0337442 -0.0631902 -0.0392299 0.000198786 -0.0510956 -0.00199379 0.0141566 0.0162212 0.000139131 0.00182133 0.000272772 0.0174565 0.00254368 -0.000998499 -0.0180963 -0.00588339 -0.00592295 0.00148578 -0.0344157 0.00304935 0.0059288 0.00632739 -0.0115735 0.0033299 0.00489813 0.00594829 -0.0578377 -0.0105144 -0.0050293 -0.00191462 0.010155
internal_weight=0 21413 11359 10054 10936.6 10870.7 2265.67 422.374 8605.02 3706.8 1205.39 342.836 505.24 700.152 303.406 9790.76 1364.59 620.291 67.1224 47.7131 1840.03 8426.17 4898.21 4723.73 767.866 259.447 178.303 28.8002 22.9561 81.1437 508.419 73.1121 19.3094 41.34 9.7904 31.5496 2501.41 425.648 399.466 4662.34 2764.1 2068.83 387.72 1072.16 622.106 59.1572 46.1292 832.934 149.503 24.3064 1170.07 763.568 695.268 26.1823 3763.83 2456.28 113.18 13.028 263.285 944.046 636.68 744.301
internal_count=2229715 2229152 1884509 344643 1725963 1589875 209520 158546 1380355 685899 298930 87504 189404 109526 44474 316181 33282 17549 1695 1351 176806 282899 694456 678525 102477 30753 15245 1159 1029 15508 71724 13663 961 1238 235 1003 386969 32714 30844 230580 126210 68490 29472 74329 47379 6766 5529 198441 14086 613 37045 21238 57720 1870 52319 27024 25579 1237 28462 241387 126694 15733
cat_boundaries=0 2 4 6 8 10 12 14 16 18 20 22 24 26
cat_threshold=2112 25182208 2836972674 6306502 1351758501 1011460369 206622720 671088674 2216952834 1311744 88867074 34865252 1077936640 33620032 337911824 436601120 1073873705 558081 592199938 35913830 364652292 945395842 3229635460 810914272 139904 473997568
is_linear=0
shrinkage=0.05


Tree=75
num_leaves=63
num_cat=11
split_feature=23 44 23 59 38 38 38 34 55 26 38 46 17 39 38 38 16 38 39 38 38 46 44 23 26 22 26 8 8 0 47 26 50 15 39 25 34 22 7 23 44 22 26 23 39 44 47 47 23 38 23 22 9 46 44 23 39 23 23 46 38 26
split_gain=27.7356 26.2542 22.8424 17.56 22.6182 19.022 16.305 13.8049 13.6568 13.593 16.1333 9.35838 8.87385 9.85945 27.234 8.41078 11.7109 8.0976 7.76731 12.2304 7.67024 7.59781 8.71657 7.7235 7.67337 7.26893 7.23132 7.71788 8.69213 12.3013 7.39783 7.58428 7.12986 6.91535 6.66412 6.59575 8.5208 6.53561 6.50748 9.97674 7.21842 6.38184 6.32733 6.34771 14.6978 6.63395 6.51259 18.1588 9.13619 6.32239 6.27363 6.14623 6.07571 6.42883 5.94807 8.31682 12.2446 6.37202 10.6993 5.93679 6.76065 6.3902
threshold=0.197051577270031 24.500000000000004 0.069457139819860472 0.45227272808551794 0 1 2 19.000000000000004 326.00000000000006 0.078753639012575163 3 17.095573425292972 9.5000000000000018 1.0000000180025095e-35 4 5 38.500000000000007 6 7.5000000000000009 7 8 23.191629409790043 11.500000000000002 0.82420912384986889 0.38112367689609533 143.41666412353518 0.53871130943298351 0.99298459291458141 0.97828349471092235 5259.0949707031259 137.50000000000003 0.44467985630035406 1.0000000180025095e-35 4.5000000000000009 5.5000000000000009 2.5000000000000004 24.500000000000004 53.041666030883796 11.500000000000002 1.4745339155197146 34.500000000000007 33.026315689086921 0.52960655093193065 0.2178943678736687 2.5000000000000004 10.500000000000002 37.500000000000007 53.500000000000007 0.77786782383918773 9 0.32906374335289007 34.027778625488288 9.5000000000000018 22.507261276245121 125.50000000000001 0.72417420148849498 2.5000000000000004 4.0425987243652353 5.5912530422210702 22.173997879028324 10 0.26128388941288
decision_type=10 2 10 2 9 9 9 2 8 2 9 10 2 2 9 9 2 9 2 9 9 8 2 10 2 10 2 8 10 8 2 2 2 2 2 10 2 8 8 10 2 10 2 10 2 2 2 2 10 9 10 10 8 10 2 10 2 10 10 10 9 2
left_child=1 6 17 8 -5 -6 32 49 -2 10 -10 -8 20 15 18 -14 -17 51 26 -20 21 24 23 -23 59 -13 27 28 29 37 -30 -32 35 42 52 -1 -37 -15 39 40 -29 -34 -7 44 -44 46 -45 48 -48 -4 -40 -3 -16 -54 57 56 -56 -47 -59 60 61 -11
right_child=3 2 7 4 5 33 11 -9 9 12 -12 25 13 14 34 16 -18 -19 19 -21 -22 22 -24 -25 -26 -27 -28 38 30 -31 31 -33 41 -35 -36 36 -38 -39 50 -41 -42 -43 43 45 -46 54 47 -49 -50 -51 -52 -53 53 -55 55 -57 -58 58 -60 -61 -62 -63
leaf_value=0.00018811209067309139 0.032316389264301665 0.0089581531097770936 0.0051562405944265942 -0.010743212155951275 0.01933946484650818 0.0029782384021585315 -0.0021308609035975089 -0.028715943084636902 -0.016877470068437556 0.0069670683945482863 -0.0021294874088587461 -0.014558545897113966 0.0074491202083372997 -0.088266380769593422 -0.052247520238012934 0.00086090186843029845 0.019872134340790437 -0.031095375510034481 0.012743574049670039 -0.014652097589917496 0.00031255381375830973 -0.028656602072842992 -0.0027910274208972231 -0.0080070708832723787 0.021019036980331429 0.0059350842770675661 -0.0012026890789515136 -0.083302727522213349 0.020881095645666169 0.020615840143144121 -0.0404904939376921 0.021033455453654697 0.024248826301799017 -0.045540694845934787 0.01474732921450278 0.019622298517314573 -0.021404593898791093 -0.01494189881086451 0.020474769272913085 -0.011003841745736417 -0.031622342024666406 -0.016755057441803636 -0.093387861435840241 0.0061991791052791274 0.028584208500023842 0.01419931141012795 -0.098707694202877561 0.014330222252128428 -0.02195165918944162 -0.0076097986371284621 -0.014506474884447501 -0.032368512179677379 0.031527414974226439 0.0019884722079786354 -0.080032307471711917 0.0097930557833031413 0.0066128888546251726 -0.09492148208860901 0.024512002840154881 0.017631964243122331 -0.0097175615978003366 0.065959391151460239
leaf_weight=868.82351913074672 31.697705971135292 30.820931917620328 128.25742731203718 235.121580820085 207.3456425818149 2474.43609863456 555.0251979880868 64.107178573038254 228.63426340506339 37.918870060013433 865.7651148787354 359.06271950558585 1073.2606314261211 6.6895248247310528 3.9358262267196542 1638.9243204661034 84.223901666817255 163.25531822053563 85.306777930556564 59.73351588609512 7981.8961965414237 57.408556027716259 1596.0569416355938 208.0197533718092 56.818182497168891 48.628479380116914 117.53874599703704 6.8812219562241799 38.179169631213881 7.293796034064143 11.607923755247613 7.5014795734896316 59.830774191999808 6.0348009344161246 176.0896722725156 85.634014376730192 13.972532891770241 5.8283681244356567 13.965754227221622 68.581616500858217 88.272810171358287 10.510218393363173 3.8449149705120345 82.160118372645229 4.3171558027388528 444.11123748507816 6.432185732934161 18.48979718022747 9.7175705083645862 332.19418308556851 92.147292725399893 11.551841237745974 18.511072123656049 333.17249481063482 6.7112046713009468 30.020668044104241 8.3564556728815642 2.5992483488080316 3.2495813836576417 38.752569708260125 118.15243379831372 4.2787329767888869
leaf_count=91406 401 32207 27312 39898 8742 111357 77308 66048 82571 4690 219522 172066 21852 148 177 44973 1099 172672 1770 2004 606359 8749 258110 20557 1381 12815 1466 149 466 85 393 83 6469 143 5243 6729 8064 92 1352 1053 1643 855 191 1525 81 8296 244 419 255 49029 6593 14710 257 13699 286 599 267 159 67 3514 8870 189
internal_value=0 -0.00461449 -0.0127231 0.000778153 0.00394684 0.00501127 -0.00165141 -0.00716039 3.75564e-05 -3.21936e-05 -0.00539664 -0.00629778 0.000386404 0.00239942 -0.00151606 0.00399734 0.00179073 -0.0268103 -0.00864594 0.00130716 -0.000398618 -0.00306538 -0.00419056 -0.0125641 0.00498396 -0.0121056 -0.0119357 -0.015558 -0.00157942 -0.0292995 0.008345 -0.0164941 0.00269137 0.00398808 0.00669482 0.00159176 0.0137116 -0.0577572 -0.0195313 -0.0257698 -0.0361872 0.0179731 0.00411224 0.0086259 -0.0327949 0.00923107 -0.00147763 -0.019349 -0.0564954 -0.00410356 -0.00975435 -0.00227134 0.00286508 0.00362826 0.0117555 -0.00545659 -0.0345584 0.0134885 -0.0346746 0.000325841 -0.00393997 0.0116421
internal_weight=0 2731.67 730.187 18706 3542.95 3307.83 2001.49 524.559 15163 15131.3 1094.4 962.716 14036.9 3937.65 1141.24 2796.41 1723.15 205.628 609.528 145.04 10099.3 2117.41 1861.49 265.428 255.921 407.691 464.488 346.949 77.1003 19.8117 57.2886 19.1094 1038.77 3100.48 531.709 968.43 99.6065 12.5179 269.849 163.736 95.154 70.341 3094.45 620.01 8.16207 611.848 116.8 34.6396 16.1498 460.452 106.113 42.3728 355.619 351.684 495.048 45.0883 15.0677 449.96 5.84883 199.103 160.35 42.1976
internal_count=2229729 737690 361978 1492039 172529 132631 375712 142389 1319510 1319109 302093 262189 1017016 104597 36673 67924 46072 219589 17297 3774 912419 306060 287416 29306 18644 184881 13523 12057 1267 325 942 476 113523 123889 19376 106199 14793 240 10790 2845 1792 7324 123746 12389 272 12117 2443 918 499 76341 7945 46917 14133 13956 9674 1152 553 8522 226 17263 13749 4879
cat_boundaries=0 2 4 6 8 10 12 14 16 18 20 22
cat_threshold=33566789 629965081 2366111746 6306502 1228689456 405013039 406864448 329577504 2144911520 440414838 2030355364 542380608 588791972 17048090 1544601632 306184192 790502802 597836684 339746816 671128576 622592130 768
is_linear=0
shrinkage=0.05


Tree=76
num_leaves=63
num_cat=14
split_feature=21 38 26 6 59 38 17 38 18 38 23 23 26 23 31 6 26 21 42 38 23 39 47 26 22 21 45 38 45 38 39 39 5 20 30 8 22 38 38 41 26 22 59 48 30 38 39 46 46 22 46 47 30 38 48 20 26 8 59 38 21 39
split_gain=28.0477 24.2444 18.7188 12.5805 12.0799 20.1461 11.7251 11.0727 12.6469 11.7818 15.4093 11.0252 12.9075 10.4716 10.8706 9.00988 8.20559 8.08436 15.4058 8.03295 7.9034 7.28321 7.22911 7.15902 9.26406 8.05934 7.43455 7.62041 7.40523 7.06932 7.52573 10.5623 6.50548 6.3978 6.17 6.33861 5.97859 8.57628 5.96514 12.7073 8.08443 5.9617 5.93369 9.20908 8.68815 8.43713 10.9018 6.10237 7.77811 6.93931 5.88667 5.79126 5.75827 6.36758 6.29304 5.77176 8.05127 6.34919 5.73622 7.82903 6.42494 5.71468
threshold=7.5000000000000009 0 0.25495098531246191 0.36276400089263922 0.26201373338699346 1 5.5000000000000009 2 57.500000000000007 3 0.71593117713928234 0.47193184494972235 0.56698718667030346 0.166800431907177 167.50000000000003 0.54139900207519542 0.16458301246166232 3.5000000000000004 4 5 0.37626267969608312 15.500000000000002 13.500000000000002 0.56698718667030346 105.90000152587892 18.500000000000004 7.5000000000000009 6 15.500000000000002 7 1.5000000000000002 6.5000000000000009 3.2734999656677251 1.5000000000000002 0.99304997920990001 0.99685972929000866 217.25000000000003 8 9 10 0.50083056092262279 24.510000228881839 0.65151515603065502 1.5000000000000002 0.91705000400543224 11 1.5000000000000002 31.479811668396 50.986371994018562 18.573593139648441 36.857685089111335 63.500000000000007 1.0573499798774721 12 3.5000000000000004 42.500000000000007 0.34431658685207372 0.99172005057334911 0.56696429848670971 13 184.50000000000003 4.5000000000000009
decision_type=10 9 2 10 2 9 2 9 10 9 10 8 2 8 2 8 2 8 1 9 10 2 2 2 10 10 10 9 10 9 2 2 8 2 2 10 8 9 9 1 2 10 2 10 2 9 2 10 10 10 10 2 2 9 10 2 2 10 2 9 10 2
left_child=1 11 4 13 7 58 19 8 9 10 -2 16 17 -3 -15 -7 -1 18 -13 51 -16 32 -9 24 26 -25 -8 34 52 30 -10 -32 -21 -18 -28 -36 61 -38 39 40 -19 -34 43 -35 -44 46 47 49 -49 -45 -39 -4 53 54 55 56 -29 -58 59 60 -6 -24
right_child=2 3 6 -5 5 15 23 22 29 -11 -12 12 -14 14 20 -17 33 38 -20 21 -22 -23 36 25 -26 -27 27 28 -30 -31 31 -33 41 42 35 -37 37 50 -40 -41 -42 -43 44 45 -46 -47 -48 48 -50 -51 -52 -53 -54 -55 -56 -57 57 -59 -60 -61 -62 -63
leaf_value=-0.032379263162341396 -0.025901607124757434 -0.025715473955861108 -0.024735486079809688 0.016018178234870031 0.0018716497235047895 -0.019662922236913946 0.0057462756657541041 0.037153665078995791 0.0048497187542434622 -0.00386978546611263 -0.0076288725933134575 0.0046999350110462582 0.012368190491230399 -0.0076883309014553177 -0.029635827626166667 -0.00070191109951263841 -0.045016397453527694 -0.0081045056772577322 -0.082517282055532368 0.022403510706815455 0.0092691778346377825 -0.021094677966599557 -0.0015321749330988888 0.015215320790681495 0.02315518323993437 0.0038437097423960997 -0.00052146541883876915 0.010668131968494391 0.0052469155027709841 -0.0055166979646537892 -0.01442716419790226 0.0081119949378898031 0.0033561149676996638 -0.019983117702142318 -0.0096909792857059109 -0.041265653820559051 -0.012263902291420537 0.010398827835502387 -0.0027708487081420825 0.0085709340501289224 -0.081643470019652581 -0.00012105382955210945 -0.025147779757503787 -0.080701251709301675 0.0072479504840436901 -0.0014214723842012346 -0.034485446106501498 0.007184048786513352 -0.019711301823490734 -0.01193071510837216 0.040352666816850312 -0.0011549625723500081 0.0079684262589918408 -0.0057082128791795528 0.018430011801209369 0.022586783511807384 -0.010295152029701753 -0.056479184958210041 0.014675413623489725 0.013271409279947362 -0.023937435058611928 0.0053480703416132758
leaf_weight=26.266962694669928 189.40807763126759 120.95351072530138 54.272815545846242 40.952149653508968 151.9812887809785 67.283195827425516 1418.3294344208261 11.789506168683145 540.85809878054715 604.35804861042016 296.0390034436241 11.931824997474905 219.25577569354209 713.125535822026 96.328121602695319 760.83184835391148 8.724541136325568 112.80411761176583 7.6684630444506192 34.547337420313852 14.601785534323424 36.273301704888581 3059.1912121005062 286.50158358115004 56.616096951504005 342.17924634029623 217.16593853748054 24.970134111703373 1006.8826913473895 611.37035040336195 139.13129635329278 81.810602483172261 1778.5023954680437 102.7475660114942 115.0052119215834 17.687743259593844 23.741954101744341 45.306966187219587 832.24815307211065 374.33838139039653 2.886290736612863 4011.491580801805 22.409450516162906 4.520870947395454 178.4489744824532 659.95555453092311 47.482270246877306 74.239035666090786 40.845491711610521 12.270144090871325 25.654451264386807 49.42237428232329 138.99879261988099 511.59287499581114 60.767419649178919 15.967984281363895 22.321951481397264 10.628544820938258 302.40634501625755 142.56701674099895 27.636150766134961 333.8434363152337
leaf_count=28743 85279 72297 6989 2696 14335 28713 25548 364 67176 142064 79278 316 3784 183492 155880 84247 1453 21142 431 1297 1868 3144 432986 3239 1053 3864 5040 728 14986 102359 20464 5419 75186 7603 3594 716 7591 9280 100799 56727 113 195819 1288 490 6925 38274 6102 6333 4599 1517 5688 10650 2394 9322 1793 335 523 328 18412 12384 2938 40678
internal_value=0 -0.00405095 0.000723673 -0.0107269 -0.00118826 0.00289889 0.00211222 -0.00218437 -0.00474328 -0.00878182 -0.0144989 -0.0015998 0.00114986 -0.012015 -0.00997535 -0.00223734 -0.00525549 -0.000691008 -0.0317723 0.000682451 -0.0244777 0.0009361 -0.000367968 0.00412021 0.00326247 0.0090419 0.00293973 0.00107954 0.00239726 -0.00156859 0.00165362 -0.00608239 0.0010785 -0.00460929 -0.00556764 -0.014177 -0.000506469 0.0118182 -0.000206623 0.00411771 -0.00978461 0.000947417 -0.00426176 -0.00592438 0.00352694 -0.00418159 -0.0134489 -0.00668424 -0.00244915 -0.033942 0.0189982 -0.012428 -0.00122823 -0.00321556 0.00619134 -0.00315894 -0.0105196 -0.0264171 0.00958402 0.0050711 -0.00209398 -0.000853846
internal_weight=0 3725 17625.3 985.961 7415.21 1452.71 10210.1 5962.5 2462.98 1089.81 485.447 2739.04 1561.13 945.009 824.055 828.115 1177.91 1341.88 19.6003 5964.51 110.93 5860.81 3499.53 4245.62 3616.93 628.681 3560.32 2141.99 1792.13 1373.17 761.8 220.942 5824.54 1151.64 349.859 132.693 3487.74 94.7034 1322.28 490.029 115.69 5789.99 1142.92 942.061 200.858 839.313 179.358 131.876 115.085 16.791 70.9614 103.695 785.248 646.249 134.656 73.8886 57.9206 32.9505 624.591 322.184 179.617 3393.03
internal_count=2229075 702872 1526203 416233 1159655 161029 366548 998626 502039 306621 164557 286639 183312 413537 341240 112960 103327 179528 747 293085 157748 275446 496587 73463 66360 7103 65307 39759 30409 195418 93059 25883 272302 74584 9350 4310 496223 22559 178781 77982 21255 271005 73131 64918 8213 57315 19041 12939 10932 2007 14968 17639 15423 13029 3707 1914 1579 851 48069 29657 17273 473664
cat_boundaries=0 2 4 6 8 9 11 13 15 17 19 20 22 24 26
cat_threshold=1230782754 992355007 3172779138 39992006 1849476562 62022318 35143810 19022470 4 2299577531 203817628 67141888 36012096 1108918418 2228870 2172658176 7249 1092370464 2105886 12 4456704 268435584 4461056 675285376 956563456 35792962
is_linear=0
shrinkage=0.05


Tree=77
num_leaves=63
num_cat=16
split_feature=21 38 59 38 38 21 20 26 51 21 38 47 38 23 57 23 57 39 22 53 20 47 45 38 18 38 23 46 3 23 38 39 39 6 41 9 21 38 41 38 41 47 22 34 23 7 21 45 7 59 49 57 21 26 46 48 34 46 38 23 38 23
split_gain=23.4193 24.4205 18.7837 19.3975 18.6717 41.7478 14.6387 13.3252 11.841 11.1379 14.3828 10.9429 10.2874 9.72984 10.0941 8.5656 8.49638 9.10089 8.26698 8.24117 8.17476 8.86042 7.73065 11.042 7.70191 7.44591 7.42808 7.34787 7.31928 7.12567 10.8611 7.08593 9.30955 8.6838 9.80747 8.32224 6.98756 11.3294 7.46086 7.54509 6.97597 10.83 9.61559 9.52593 9.29735 8.6391 8.31922 8.06247 6.9125 6.82329 7.73301 6.76059 7.50465 7.11999 6.83789 8.90581 7.18587 6.67156 7.87346 8.45183 7.11722 11.4218
threshold=5.5000000000000009 0 0.28991597890853887 1 2 61.500000000000007 8.5000000000000018 0.50083056092262279 0.17500000447034839 112.50000000000001 3 9.5000000000000018 4 0.69169431924819957 1.0000000180025095e-35 0.54105064272880565 1.0000000180025095e-35 2.5000000000000004 11.03901529312134 1.0000000180025095e-35 19.500000000000004 95.500000000000014 2.5000000000000004 5 45.500000000000007 6 0.15687964856624606 53.613277435302741 0.13520950078964236 0.63653856515884411 7 1.5000000000000002 6.5000000000000009 0.085138499736785903 8 46.500000000000007 120.50000000000001 9 10 11 12 24.500000000000004 84.071430206298842 8.5000000000000018 0.13231377303600314 27.500000000000004 62.500000000000007 19.500000000000004 8.5000000000000018 0.65151515603065502 13 1.0000000180025095e-35 32.500000000000007 0.38476800918579107 36.00856018066407 1.5000000000000002 42.500000000000007 29.169257164001468 14 15.439298152923586 15 2.254864096641541
decision_type=10 9 2 9 9 8 2 2 2 10 9 2 9 8 2 10 2 2 10 2 2 2 10 9 10 9 10 10 10 10 9 2 2 10 1 10 10 9 1 9 1 2 10 2 10 8 10 10 8 2 1 2 10 2 10 10 2 10 9 10 9 10
left_child=1 13 4 24 5 6 -2 12 9 16 27 -3 -5 48 -15 -12 19 -18 -17 25 21 -13 23 -14 -4 -6 -9 -11 -24 30 40 33 -33 34 35 -7 37 -20 39 -38 41 44 -42 45 -27 -43 -44 -45 -1 -50 -51 53 -53 54 56 -56 -25 58 -40 -60 61 -59
right_child=2 11 3 7 8 31 -8 26 -10 10 15 20 22 14 -16 18 17 -19 36 -21 -22 -23 28 51 -26 29 -28 -29 -30 -31 -32 32 -34 -35 -36 -37 38 -39 57 -41 42 43 46 47 -46 -47 -48 -49 49 50 -52 52 -54 -55 55 -57 -58 60 59 -61 -62 -63
leaf_value=0.0020060270045553596 -0.027321756093143829 -0.0049975808691732834 0.0073977019638134887 -0.013885960716257953 0.0029498265451990665 0.0040774997246759469 -0.0076565987339593522 -0.036976363311466059 0.0069491145997117899 -0.0071900432870935825 0.032491144636941138 -0.016978434294059982 -0.0039654300291985453 0.0017011377467963679 -0.034125189502517049 0.017092776126834013 0.06266581156013977 -0.028521410198595401 0.0069370614948970058 0.036562277050964986 -0.0057979922326341724 -0.036886877725810049 0.00030896116105371118 -0.0032947013065411489 0.023991602710730479 0.028584484304186447 0.0087032235338505848 -0.022714041238072316 0.021126905136918298 0.00099923788742468521 -0.0086788650265364926 -0.012751321470062128 0.004838008558943287 0.032143389795937082 -0.0050974706683061125 0.025474178541485433 -0.0040041407510591201 -0.024707142107476154 0.015822417268755853 0.0092762623266086693 -0.0070601241285377083 0.011504838231169906 0.013539246157927655 -0.010761501170137314 -0.042638310741595374 0.0011690752726884017 -0.021922801933123751 0.010617431298130217 -0.010021531182403379 0.010258716646251574 -0.016325823025999699 -0.037110972991956696 0.012619461852265089 0.027660342180791782 -0.048338291414633777 0.019750175116564777 0.042191456219895375 -0.02331502232595184 -0.00030619559817059139 -0.045467947119607242 -0.01007412446124809 0.015513627494562338
leaf_weight=231.15750159858726 237.39621844336034 263.21032359975379 129.88343454165442 98.920909122041849 2728.4198698029177 280.21290042446708 158.63937263399748 8.0290597970597428 643.57374078399152 639.80024463029986 18.63347366443486 205.5869036455224 151.72378469353862 1267.7526378349867 18.971405560412677 60.934248620847939 2.0176001570071085 36.848077397276938 43.205868528079009 15.079172101686707 98.749135934420337 78.04154723825468 2704.7603729782222 98.534423499491822 153.72760258179915 4.9817419041646671 829.81416009829263 85.953888525240473 41.891653343023791 4727.9499052040337 517.6393556072253 202.54260497014911 118.64642983579324 23.310688493489579 283.08441265228248 53.38237675975688 161.12803145087673 64.764461211569142 68.986714082944673 289.2218805079101 593.54698940704111 333.31391672772588 106.65880904553342 191.46461525891209 21.846961062343325 512.14847335364902 18.613192585675279 56.334634709186503 608.50338735012701 86.923475959349162 27.475107409893099 13.134164166651319 15.581934264628215 76.678188247838989 4.0472866204509037 135.81638050866604 8.5129201113013533 24.692467144894181 219.22002530389 9.8743623841437493 381.54107811828726 71.336220307268377
leaf_count=4558 99752 47898 9973 35157 283250 61142 41706 293 22310 78607 2463 177362 7286 181036 3407 2721 36 11859 2478 194 23944 105075 159651 5225 4725 106 17497 12637 987 244179 104956 55129 17806 5841 62950 6925 12860 7000 8721 28031 30386 3372 8240 28880 753 21824 1953 6362 84096 5475 2514 1756 1657 1084 332 8772 717 3238 14637 1585 38372 5707
internal_value=0 -0.0041945 0.000647576 0.00346882 -0.000253156 -0.00580168 -0.0194836 0.00258008 0.000346881 -7.28365e-06 -0.00327699 -0.0126744 0.00117455 -0.00168276 0.00114683 -0.000302731 0.0007019 -0.0223345 -0.000765931 0.000795262 -0.0182626 -0.0225667 0.00167453 0.00736523 0.0158867 0.000736581 0.00822192 -0.0089344 0.000634048 -0.000120086 -0.00236577 -0.000210204 -0.00625902 0.00283052 0.00167223 0.00734773 -0.00159389 -0.0137275 -0.000514996 0.00454257 -0.000534852 0.00192779 -0.00434345 0.00272666 -0.0288612 0.00525261 0.00813833 -0.00587808 -0.0055138 -0.00791782 0.00326201 0.0120145 -0.0106097 0.0144189 0.0102117 0.0174507 0.000679589 -0.00346737 0.00235293 -0.00234019 -0.00716997 0.00488819
internal_weight=0 2886.37 18478 4471.06 14006.9 1357.22 396.036 4187.45 12649.7 12006.2 2139.29 645.588 3349.6 2240.78 1286.72 1413.54 9866.86 38.8657 1394.91 9828 382.378 283.628 3250.68 504.029 283.611 9812.92 837.843 725.754 2746.65 7084.5 2356.55 961.179 321.189 639.99 616.68 333.595 1333.97 107.97 1226 450.35 1838.91 1120.09 718.819 1093.26 26.8287 845.462 125.272 247.799 954.059 722.902 114.399 352.305 28.7161 323.589 246.911 139.864 107.047 775.651 298.081 229.094 477.57 96.0287
internal_count=2229445 635365 1594080 255112 1338968 351251 141458 240414 987717 965407 219057 354279 222624 281086 184443 127813 746350 11895 125350 734455 306381 282437 187467 26829 14698 734261 17790 91244 160638 451011 206832 209793 72935 136858 131017 68067 122629 9478 113151 40891 101876 61297 40579 60438 859 25196 10193 35242 96643 92085 7989 19543 3413 16130 15046 9104 5942 72260 24943 16222 47317 8945
cat_boundaries=0 2 4 6 8 10 12 14 16 17 18 19 21 22 23 25 27
cat_threshold=2036089250 321364655 2886221954 6301894 723273826 27410958 73434896 169614352 33564741 629145624 3146000 134778913 2160243468 609491984 1142948864 436273184 208 1342177421 134 8325 4227360 184 3 8401025 257 12 71336000
is_linear=0
shrinkage=0.05


Tree=78
num_leaves=63
num_cat=3
split_feature=55 21 28 26 27 26 59 37 46 16 0 22 21 41 18 25 20 59 3 31 7 34 21 45 57 59 39 34 26 5 3 3 45 9 16 57 23 39 37 9 39 45 46 22 21 26 25 47 34 22 20 46 22 27 21 5 18 44 21 21 0 20
split_gain=29.788 26.7908 20.5709 18.5878 13.3244 11.965 11.6877 14.6034 11.4529 8.74376 8.07018 7.9237 7.61946 9.23134 7.29375 7.25606 7.55854 7.24576 7.23696 7.27407 6.84599 8.90318 12.377 6.71279 6.70474 7.30507 6.73681 6.40209 5.91583 5.85514 8.47714 6.53872 5.61197 7.50534 6.32612 5.60283 5.5923 5.54508 18.4884 8.15126 8.0804 7.15033 7.59159 6.05085 6.03404 5.48988 6.88355 7.67675 5.46754 5.38428 5.54952 5.38399 5.36226 5.35578 5.32302 5.28465 5.21271 6.12889 5.1497 5.32052 5.14151 5.13244
threshold=169.00000000000003 8.5000000000000018 9692.0000000000018 0.313496083021164 3.5000000000000004 0.036297759041190154 0.21240601688623431 0 47.273437500000007 10.500000000000002 6875.5512695312509 39.464103698730476 5.5000000000000009 1 45.500000000000007 2.5000000000000004 62.500000000000007 0.43303571641445165 0.015694499947130684 262.50000000000006 112.50000000000001 32.500000000000007 72.500000000000014 4.5000000000000009 1.0000000180025095e-35 0.39565217494964605 3.5000000000000004 9.5000000000000018 0.19237378239631656 2.4272500276565556 0.044074000790715225 0.14933949708938601 6.5000000000000009 54.500000000000007 7.5000000000000009 1.0000000180025095e-35 0.34044302999973303 1.0000000180025095e-35 2 27.500000000000004 4.5000000000000009 7.5000000000000009 56.560592651367195 206.58333587646487 73.500000000000014 0.31153479218482977 3.5000000000000004 76.500000000000014 5.5000000000000009 17.876893997192386 11.500000000000002 24.249505996704105 177.83333587646487 7.5000000000000009 15.500000000000002 3.1517000198364262 166.50000000000003 50.500000000000007 21.500000000000004 311.50000000000006 10536.842285156252 103.50000000000001
decision_type=8 10 2 2 10 2 2 1 10 2 10 10 10 1 10 10 2 2 10 2 8 2 10 10 2 2 2 2 2 10 10 8 10 8 2 2 10 2 1 8 2 10 10 10 10 2 8 2 2 10 2 10 10 10 10 8 10 2 10 10 10 2
left_child=-1 2 11 5 10 -3 20 14 15 32 24 18 -10 48 36 -6 35 -11 19 -2 29 58 -23 55 25 61 -26 -19 -21 30 37 56 33 -5 -35 -17 -8 43 40 44 54 42 49 -7 -40 -25 -47 -48 53 -41 51 -51 -16 -14 -39 -9 57 -31 -22 -60 -57 -4
right_child=1 3 4 9 8 6 7 23 12 17 -12 -13 13 -15 52 16 -18 27 -20 28 21 22 -24 45 26 -27 -28 -29 -30 31 -32 -33 -34 34 -36 -37 -38 38 39 41 -42 -43 -44 -45 -46 46 47 -49 -50 50 -52 -53 -54 -55 -56 60 -58 -59 59 -61 -62 -63
leaf_value=0.040136557327041605 -0.0091511788654998951 -0.011929234941669064 -0.0036015266059595472 0.0087648969648933608 -0.030607885300178314 -0.00038854954883081095 -0.028070236707519288 -0.031058072551202149 -0.0092275348925428147 0.0043301381861787858 0.0051026997248982981 -0.028295187880848401 0.014524337122480861 -0.010752535735266539 0.014778335036140015 -0.015193370295067897 0.012869421083900502 0.016011562422093915 0.0041903787674040594 -0.030405563011278742 -0.0088350323761507473 -0.022286888212660231 -0.0035628986735759256 -0.0010748121688294843 -0.0052563267124585413 0.0044324704410391384 -0.042685427768338176 -0.015347225981575728 -0.00086421546549835708 -0.031206406695537439 0.021932090458597425 0.018263365679318529 0.00096826940511939594 0.0029201288205111466 -0.01119196145548694 0.022676101274108448 0.0064722949265040757 -0.023650405567230866 -0.0411242722999903 -0.052624117216758963 0.0099609595224628006 -0.0021743203287982312 0.0050191149996016704 0.012829209571419468 -0.012380403396995785 -0.077755731679361173 0.028608653224013306 -0.05191873611145164 0.0026641391059267217 0.00056575659683688216 -0.0038191173624627949 -0.026178173958050208 0.03912666473003712 0.048074860014147264 -0.00062692522993590752 0.0063404061148678251 0.014052362015380069 0.0049763050839096651 -0.00041883677462852345 -0.013392603048063306 -0.043812513393995438 0.0098149953107908843
leaf_weight=44.822019432904199 538.42492291750204 237.88727983579702 1500.0862104934822 598.19339367870271 57.539493490025052 3331.9247810301949 11.663841620626043 8.8830132457842392 178.37068402677323 924.49419660883723 521.51510146204964 61.353634202730973 49.216358489822596 56.187698501082195 184.7885379403815 264.01622700440566 28.563832151361567 235.66921868090867 82.956770155562481 76.467237681639745 264.47499617598805 146.59865297812939 220.70213006718768 1153.0587678897882 31.739559724679566 422.39536999256234 18.684699356286728 16.703134163108189 21.768965457973536 21.531102490718695 39.314469608551008 84.522281560421106 5329.3032881862746 777.85351761888887 87.443824424641207 9.2842157688428397 158.09723767479227 25.499797565091285 34.448847876206855 9.9193405270489148 202.74171351280529 241.50495677755316 42.238496306272282 87.89393991392717 40.254337560596468 4.2386677241884145 5.9236965713789687 4.1869485309434822 65.487267174310546 22.465496451361105 63.266876708767086 113.62318934832729 25.445538291533012 15.401154153631067 478.18515916057368 537.26033156013727 29.786203224470228 23.864638227296382 1278.3778133447559 83.237192374581355 4.1731359211262307 73.890278350678273
leaf_count=506 194602 100510 163638 13451 3974 265936 3019 1992 28613 10215 7172 54087 1420 5427 7350 51770 1417 2099 28565 150049 76412 87284 85208 118415 2198 20184 3120 267 4949 907 1198 8287 185879 30923 1753 905 12981 6011 2964 639 16418 25985 3522 15274 2466 200 148 347 8191 1611 3559 12558 737 472 58265 44013 1234 957 267975 19009 69 1519
internal_value=0 -0.000220628 -0.00386608 0.000643291 -0.00213391 -0.000885063 -0.000591333 0.00267537 -0.00811952 0.00241169 -0.00044392 -0.0111564 -0.00186678 0.0051926 0.011393 -0.014441 -0.0112685 0.0063889 -0.00965793 -0.0114661 -0.00158668 -0.00405583 -0.0110763 0.000671153 -0.00185898 -0.00139907 -0.019686 0.0138837 -0.0239339 -0.000580128 -0.000898616 0.00880601 0.0017218 0.00446323 0.00148274 -0.0138289 0.00394848 -0.00109447 -0.0039085 -0.0105167 0.00153649 -0.00833507 -0.0142186 -4.51843e-05 -0.0260036 -0.00147119 -0.0311779 -0.00641026 0.0120122 -0.0181068 -0.0161353 -0.0217914 0.0178966 0.0231317 -0.00183708 0.0052224 -0.00192647 -0.0124878 -0.00246421 -0.00122119 0.00587379 -0.00296586
internal_weight=0 21265 4073.35 17191.6 3292.38 9221.98 8984.1 2097.72 724.067 7969.66 2568.31 780.972 364.663 186.292 379.995 359.404 301.864 1176.87 719.618 636.661 6886.38 1993.39 367.301 1717.72 2046.8 1996.37 50.4243 252.372 98.2362 4892.99 4733.28 159.704 6792.79 1463.49 865.297 273.3 169.761 4693.97 1274.15 567.722 706.427 493.018 251.513 3419.82 74.7032 1167.41 14.3493 10.1106 130.105 209.275 199.356 136.089 210.234 64.6175 503.685 550.316 75.1819 45.3957 1626.09 1361.62 541.433 1573.98
internal_count=2230825 2230319 732272 1498047 300020 1253460 1152950 189271 102189 244587 197831 432252 44123 15510 24087 58066 54092 12581 378165 349600 963679 535888 172492 165184 190659 185341 5318 2366 154998 427791 416406 11385 232006 46127 32676 52675 16000 415208 133998 53304 80694 47874 21889 281210 5430 119110 695 495 10083 18367 17728 14169 8087 1892 64276 46074 3098 1864 363396 286984 44082 165157
cat_boundaries=0 1 2 3
cat_threshold=85 120 142
is_linear=0
shrinkage=0.05


Tree=79
num_leaves=63
num_cat=13
split_feature=55 23 44 38 26 21 38 21 38 22 38 23 38 46 26 38 21 38 46 27 38 59 39 38 18 22 38 47 23 23 38 39 46 23 57 46 47 20 45 7 23 45 41 22 39 7 47 21 39 23 41 22 56 44 46 45 23 27 44 46 47 44
split_gain=24.153 23.6591 23.0337 19.0303 15.8474 9.80912 15.312 10.2897 22.3339 9.12298 10.094 10.2765 9.14474 9.06748 13.1419 8.59862 8.55428 8.68647 8.52214 8.37385 8.04641 7.82196 15.7826 25.9997 8.94492 9.05061 7.17635 8.05309 7.97396 7.08168 6.79834 14.9412 11.2274 14.5691 9.68965 8.29802 21.3639 7.84339 7.84331 7.37564 7.01216 9.42126 9.30659 9.25819 8.43282 13.2642 7.61767 15.4376 7.44839 7.31606 7.31 11.3099 9.87534 9.83252 12.3816 9.80061 6.9848 9.98704 6.92336 6.86143 10.7487 10.42
threshold=134.00000000000003 0.16198525577783587 17.500000000000004 0 0.30649213492870336 9.5000000000000018 1 307.50000000000006 2 19.868817329406742 3 3.7526767253875737 4 28.613528251647953 0.28596059978008276 5 20.500000000000004 6 25.627031326293949 17.500000000000004 7 0.38675214350223547 1.0000000180025095e-35 8 42.500000000000007 88.071430206298842 9 15.500000000000002 0.63653856515884411 0.050039123743772514 10 7.5000000000000009 24.249505996704105 2.6815079450607304 1.0000000180025095e-35 19.903301239013675 9.5000000000000018 89.500000000000014 8.5000000000000018 21.500000000000004 0.63653856515884411 19.500000000000004 11 39.759614944458015 3.5000000000000004 14.500000000000002 187.50000000000003 16.500000000000004 5.5000000000000009 0.57099261879920971 12 21.6726188659668 3.5000000000000004 51.500000000000007 32.780879974365241 4.5000000000000009 1.2284328341484072 2.5000000000000004 187.50000000000003 21.443879127502445 64.500000000000014 31.500000000000004
decision_type=8 10 2 9 2 10 9 10 9 10 9 10 9 10 2 9 10 9 10 10 9 2 2 9 8 10 9 2 10 8 9 2 10 10 2 10 2 2 8 8 10 10 1 10 2 8 2 10 2 8 1 10 2 2 10 10 10 10 2 10 2 2
left_child=-1 2 15 29 5 6 -3 9 -9 12 11 19 13 14 20 -2 17 -12 -19 -11 -7 22 24 -24 25 -6 27 -26 -29 -4 37 32 33 35 39 36 -32 -25 -35 -33 43 46 56 58 45 -44 50 -48 -46 -45 -42 52 55 54 -53 -52 57 -43 -34 -37 -61 -62
right_child=1 4 3 -5 21 7 -8 8 -10 10 16 -13 -14 -15 -16 -17 -18 18 -20 -21 -22 -23 23 30 26 -27 -28 28 -30 -31 31 34 40 38 -36 59 -38 -39 -40 -41 41 42 44 49 48 -47 47 -49 -50 -51 51 53 -54 -55 -56 -57 -58 -59 -60 60 61 -63
leaf_value=0.040018954464078625 0.00095880612281137303 0.0079196564302436972 -0.028752339886242304 -0.021347176179291865 0.0049312008436198295 -0.014673600647067749 -0.016643659669574772 0.0052502472189853598 -0.016956675547398662 -0.001749996126307335 0.0006886482011967919 -0.0170444615227166 -0.0060407839029607922 0.010728867205056938 -0.070153361546402018 -0.0064333009565396108 0.001154340702011547 -0.039631416279388647 -0.0097672669906815092 -0.012137784622699543 0.0063282006727037286 0.0044011992633116994 0.010945591101062295 -0.00069046865545941956 -0.022560667224728829 0.033237376723297095 0.00035128941776080524 -0.0060728273381440165 0.012441080311253176 -0.0023221759285133297 0.017364875457067955 0.018206896012071812 -0.030066557347286266 0.042275385313301092 -0.044942388095494439 -0.0019055971851791459 -0.10221037126523425 -0.035004090252336938 -0.025968622548674415 -0.0023420796373359847 0.010520719080398703 -0.066227910613279803 -0.091765670657574211 0.0018600229319694771 0.014787335707824421 -0.027894933055974742 -0.0018132264686471144 -0.057084323263071592 -0.042131345715094776 -0.06649353723145511 -0.011747738872441182 -0.086303218294385448 0.02204821225299556 0.033234410744292689 0.00058601304977007633 -0.078924704285225258 0.0078642493089639692 0.0027687704255685889 0.014552221925227924 -0.088458771701651839 0.044084359363053605 -0.042375080182945446
leaf_weight=36.639650500030257 1106.1399899771195 84.229513989426778 26.45037183011118 313.4938017086788 1682.4516658971843 51.767544602436828 211.07696874597059 188.38831217800907 265.38771184769575 2224.0073130452492 241.62482432186698 129.83852006782399 160.00844752157718 497.41947397997865 5.7662326546851537 598.76573275585361 4452.92582447514 26.655863298947224 186.26536173356544 211.61838424879534 156.05838800284255 2393.8725259470448 269.47418156955973 600.63443904020824 20.281229454674758 27.758956266130554 3558.4095158595301 70.507388213998638 317.55817032521009 333.9150980244458 4.7654962115921107 75.158189122797921 106.53315778967226 8.3323873967165092 8.6821791976690275 15.225650213425977 12.792506529978708 16.130232121271547 6.7678290791227491 101.8944849211257 129.66682143761136 8.006132105248982 10.978995475685222 59.221182349763694 13.527079357765617 30.14287487231195 50.615343862358714 15.866716067830565 8.5644563317182456 3.1884965203353195 10.345353732234804 3.7238739088643333 5.6011596644530064 18.550559033523314 30.945824147900566 11.460521179833448 50.217631190316752 12.374975942511808 8.8754700301215035 7.9737952473806244 4.0330567276105276 10.745461607468313
leaf_count=427 126729 14169 21339 255651 30145 6227 45092 30027 53160 310443 32745 19184 17742 39955 286 170057 497412 4136 35808 111202 8206 66167 18850 20749 1041 469 116243 9284 16465 116238 112 828 5560 100 2542 450 696 629 183 4515 3680 331 311 2614 441 1996 1609 977 460 290 309 232 101 357 1140 631 1604 612 437 443 40 396
internal_value=0 -6.92425e-05 -0.00476757 -0.0125864 0.000522473 -0.000980881 -0.00992887 -0.000679437 -0.00800345 -0.000280218 -0.000844848 -0.00337848 0.00455945 0.0069375 -0.00157751 -0.00167165 0.000485965 -0.00603922 -0.0130631 -0.00265715 0.000651993 0.00191707 0.00111384 -0.0030644 0.00238819 0.0054098 0.00108442 0.00727044 0.00907034 -0.00421955 -0.00568917 -0.00860329 -0.012231 -0.0309533 0.00380474 -0.042631 -0.070569 -0.00161691 0.0119756 0.00643415 -0.00993474 -0.00631618 -0.0171555 -0.0182081 -0.0290532 -0.0467213 -0.00103283 -0.0156548 -0.00814786 -0.00262571 0.00364194 -0.00775309 -0.0341881 0.00480976 -0.0109046 -0.0489666 -0.0019196 -0.0261645 -0.0265396 -0.0282356 -0.0450334 -0.0174817
internal_weight=0 21273.7 2378.76 673.859 18894.9 9093.04 295.306 8797.73 453.776 8343.96 7472.94 2565.46 871.02 711.012 213.592 1704.91 4907.47 454.546 212.921 2435.63 207.826 9801.86 7407.98 1731.02 5676.97 1710.21 3966.76 408.347 388.066 360.365 1461.54 844.778 659.043 70.6362 185.735 55.536 17.558 616.765 15.1002 177.053 588.407 410.588 133.812 177.818 63.2134 41.1219 276.776 66.4821 22.0915 62.4097 210.294 80.6273 27.407 53.2203 34.6697 21.8059 70.5987 20.3811 115.409 37.978 22.7523 14.7785
internal_count=2230274 2229847 690014 393228 1539833 1225794 59261 1166533 83187 1083346 1010930 440829 72416 54674 14719 296786 570101 72689 39944 421645 14433 314039 247872 74225 173647 30614 143033 26790 25749 137577 55375 33997 26112 2420 7885 2137 808 21378 283 5343 23692 14791 5755 8901 3208 2307 9036 2586 901 2904 6450 2770 1041 1729 1372 940 2547 943 5997 1329 879 436
cat_boundaries=0 2 4 6 8 10 12 14 16 18 20 22 23 24
cat_threshold=827868162 656715578 2219872896 672137250 3226089738 469825373 105384802 362235710 2547004164 912103722 1497129265 37163567 1074967704 575176705 67117828 537401600 2240566017 538812546 361759364 269494724 2229270 201332321 154 226
is_linear=0
shrinkage=0.05


Tree=80
num_leaves=63
num_cat=2
split_feature=55 27 23 23 59 57 39 37 26 17 45 6 22 26 44 39 34 18 6 20 23 46 50 45 50 58 39 26 27 39 7 46 34 45 58 44 27 27 45 0 7 3 34 23 41 20 58 23 34 9 3 26 44 5 39 26 39 34 39 34 18 46
split_gain=24.0057 21.6382 16.5749 15.787 12.1775 24.9671 20.2203 11.7285 10.2844 9.29772 8.4856 8.00346 7.79855 7.75887 9.56391 7.75591 7.45114 7.42103 7.0972 7.09317 7.04588 6.93872 6.67384 6.51144 6.35181 6.68499 7.43326 7.19526 6.24984 6.15468 6.04584 6.03373 6.0036 6.07618 5.93243 28.0163 5.91821 5.90474 10.0409 5.84785 7.19026 5.83472 5.52151 5.89083 5.47787 12.2268 11.1084 6.32739 5.43899 5.44497 5.42441 8.02046 8.31034 6.0386 9.34481 6.73885 6.95464 13.9002 17.4152 8.71773 9.43206 9.97556
threshold=237.50000000000003 14.500000000000002 0.079399775713682189 0.57797387242317211 0.48529411852359777 1.0000000180025095e-35 8.5000000000000018 0 0.11776661872863771 38.500000000000007 20.500000000000004 0.59797248244285595 55.612499237060554 0.52960655093193065 10.500000000000002 2.5000000000000004 27.500000000000004 16.500000000000004 0.37401100993156439 7.5000000000000009 4.0425987243652353 40.933902740478523 1.0000000180025095e-35 2.5000000000000004 1.0000000180025095e-35 1.5000000000000002 1.5000000000000002 0.31153479218482977 1.5000000000000002 3.5000000000000004 25.500000000000004 22.999130249023441 5.5000000000000009 7.5000000000000009 2.5000000000000004 101.50000000000001 3.5000000000000004 1.5000000000000002 1.5000000000000002 1100.1980590820315 26.500000000000004 0.089727498590946211 47.500000000000007 0.6760680377483369 1 3.5000000000000004 1.5000000000000002 0.76890537142753612 7.0000000000000009 70.500000000000014 0.0071204998530447492 0.37541946768760687 45.500000000000007 2.3603500127792363 1.5000000000000002 0.066784039139747634 1.0000000180025095e-35 7.0000000000000009 5.5000000000000009 42.500000000000007 22.500000000000004 22.315975189208988
decision_type=8 8 10 8 2 2 2 1 2 2 10 10 10 2 2 2 2 8 10 2 10 10 2 10 2 2 2 2 10 2 8 8 2 10 2 2 10 10 10 8 8 10 2 10 1 2 2 8 2 8 10 2 2 10 2 2 2 2 2 2 8 10
left_child=-1 2 32 16 5 9 -7 -6 15 11 18 24 -13 17 44 -9 19 48 22 -3 23 -22 39 34 50 26 28 -28 -26 30 -29 -20 -2 -34 35 37 -11 38 -16 40 -5 -14 -19 -44 -15 -46 -47 -48 -10 -50 53 52 -52 55 -55 -4 -57 -58 59 60 -59 -62
right_child=1 3 4 10 7 6 -8 8 13 36 -12 12 41 14 20 -17 -18 42 31 -21 21 -23 -24 -25 25 -27 27 29 -30 -31 -32 -33 33 -35 -36 -37 -38 -39 -40 -41 -42 -43 43 -45 45 46 47 -49 49 -51 51 -53 -54 54 -56 56 57 58 -60 -61 61 -63
leaf_value=0.034769901577160325 -0.0036829701246328022 0.0072526678496805958 -0.0070437425957123219 0.029996412455455663 0.015977061148579792 -0.003690933965926175 -0.045579264164945309 -0.016780893829492563 -0.0015369664440738548 0.010692212694615313 -0.010625249185533916 0.028046317787503702 0.032591416974533056 0.0026488118446093005 0.011180261927577951 0.0058876013712252208 -0.022593432960040703 0.0024694145955395739 -0.033467917090940373 -0.014391067084275289 0.013599953047204686 -0.082454818429448809 0.0086523749170551636 0.013294774193223413 0.016320634322058762 0.021381266937026452 0.00063852478273618491 -0.06841997255653641 0.0026483500219054538 -0.0052479104868471595 -0.0092489775955248675 0.015049167116440993 -0.027108179782276316 0.0033745407293341613 0.02088095858932186 -0.10650959767517761 0.0001395946594136165 0.021640053919168067 -0.07038056958994901 -0.0027900961211404056 -0.027952256057054356 -0.023985977923483986 -0.043799822977692776 0.041342692158384334 0.0044685522321435923 -0.11463418779213197 -0.071499272503889807 0.0021329711437351648 -0.041741953966984754 -0.0098567767957649516 -0.0026470375048676898 0.030552615340285638 0.01389878674159005 0.036286216111376994 0.0030153538803914977 0.00011964483215661103 -0.0068358981772194821 -0.016232323896779408 0.0068077812193198962 -0.014949540613416818 0.011385389654874126 -0.002267075725391495
leaf_weight=47.961832975401194 78.715960098499636 55.054121050619869 420.01527972709846 5.3141032034181981 158.40055363817373 62.032358961179852 53.107618832858861 115.58762206315805 152.38367072195979 326.29487937898375 317.65815607747936 46.516910502337851 5.3722983474144739 87.740371989028063 9.6107900610659254 55.169660667632343 155.77637924922783 2343.2278021722523 5.9796734299452501 116.7145988237462 3.0761810165131456 3.0194817515293835 125.00736877614509 477.37206609020359 100.57811053050682 51.879274950610125 60.792811724146304 11.125726108497476 475.2509093149929 17.097513654443901 7.2527549173391881 86.617319292257889 91.572951010422912 19.603387276381909 15.16803320602048 5.9311511571868314 223.70400081048138 19.043906291626627 4.985323662927839 1847.6555445769918 40.374516732470511 15.260400044964625 1.5095807594625501 14.399796345562207 17.864234479726292 4.3805760283721602 3.5537039432238062 7.9662756802281374 17.47534936608281 52.230523157326388 211.50314869227077 28.395064198499313 117.14107279166456 25.976115334255155 97.977300355652915 8937.0743687677787 1209.23371256885 104.21002523862626 635.19608825264731 138.55577732645907 150.65073226422828 1135.8435355859765
leaf_count=602 9678 28364 92446 335 6524 14258 15659 18451 2694 2849 183129 617 157 1808 160 7264 119189 104906 521 55139 67 162 18042 8998 933 1229 5765 214 20493 325 268 3791 54236 9080 452 436 4597 409 230 410552 71287 250 544 667 354 235 153 189 1008 2447 22728 696 7582 4703 20493 592113 40742 9649 49774 30367 13294 154910
internal_value=0 -0.000281065 0.000337013 -0.00441225 0.000490394 -0.000147068 -0.0232378 0.00310877 0.0024528 3.72052e-05 -0.00301926 -0.000213469 0.0168796 0.00309103 0.00792621 -0.00946533 -0.0147 0.00185266 -0.00187022 -0.00745214 0.0107832 -0.0388956 -0.00249326 0.0114242 -0.000297037 0.00425977 0.00290836 -0.00988487 0.0050606 -0.0274412 -0.0467514 0.011592 -0.0143198 -0.0217511 -0.00483498 -0.0149639 0.00640813 0.00378557 -0.0194035 -0.00323333 -0.0207141 -0.00842888 0.00267595 0.0311513 -0.00471343 -0.0187416 -0.054629 -0.0244778 -0.00686551 -0.0183277 -0.000547044 0.00552344 0.00327478 -0.000716067 0.0102223 -0.000823364 -0.000610584 -0.00254446 -0.000144876 -0.0030353 -0.0018384 -0.000660747
internal_weight=0 21184.2 18428 2756.15 18238.1 14668 115.14 3570.1 3411.7 14552.9 2428.61 14002.9 67.1496 3240.94 659.712 170.757 327.545 2581.23 2110.95 171.769 538.207 6.09566 2018.35 532.111 13935.7 723.977 672.098 96.2688 575.829 35.476 18.3785 92.597 189.892 111.176 54.7392 39.5712 549.999 33.64 14.5961 1893.34 45.6886 20.6327 2359.14 15.9094 121.505 33.7648 15.9006 11.52 222.09 69.7059 13211.8 357.039 328.644 12854.7 123.953 12730.8 12310.8 3373.69 2164.46 1529.26 1390.7 1286.49
internal_count=2229214 2228612 1338263 890349 1265269 1107111 29917 158158 151634 1077194 687657 1069748 1024 125919 13653 25715 202692 112266 504528 83503 10914 229 500216 10685 1068724 29227 27998 6572 21426 807 482 4312 72994 63316 1687 1235 7446 799 390 482174 71622 407 106117 1211 2739 931 577 342 6149 3455 1039497 31006 30310 1008491 25196 983295 890849 298736 257994 208220 177853 168204
cat_boundaries=0 1 2
cat_threshold=69 204
is_linear=0
shrinkage=0.05


Tree=81
num_leaves=63
num_cat=15
split_feature=55 59 38 57 39 38 21 38 38 39 39 38 59 38 38 21 38 23 48 1 39 38 45 38 46 40 26 46 39 22 23 21 26 21 47 21 22 45 16 21 22 59 38 26 47 6 39 3 23 48 7 9 23 46 23 38 20 23 38 38 25 47
split_gain=22.8964 18.4688 27.8132 27.7657 22.7096 17.5501 16.69 20.698 14.6097 23.3759 21.1878 20.8215 15.844 14.7395 12.1592 11.5577 12.7148 10.581 10.2428 10.028 9.2422 9.04834 9.04148 8.87343 8.84692 9.37427 12.1184 10.3257 9.76749 15.8306 8.53944 8.52912 8.38415 10.2904 9.40003 9.25024 12.2998 8.12766 7.64138 8.07178 11.8898 7.6249 7.54828 9.09206 8.55773 7.49781 7.26651 8.11189 7.50273 10.8826 7.92097 7.14348 7.04204 9.57557 8.66593 7.2229 7.02341 6.97847 12.7331 7.24555 7.21344 8.28004
threshold=189.00000000000003 0.45227272808551794 0 1.0000000180025095e-35 8.5000000000000018 1 9.5000000000000018 2 3 1.0000000180025095e-35 5.5000000000000009 4 0.1702898591756821 5 6 172.50000000000003 7 0.53338518738746654 4.5000000000000009 99.500000000000014 1.5000000000000002 8 7.5000000000000009 9 14.40142869949341 10 0.61556267738342296 20.781919479370121 1.5000000000000002 17.402702331542972 0.75972485542297374 26.500000000000004 0.64729991555213939 118.50000000000001 75.500000000000014 18.500000000000004 28.87867641448975 17.500000000000004 44.500000000000007 13.500000000000002 20.135632514953617 0.84523808956146251 11 0.30031646788120275 145.50000000000003 0.20252199470996859 1.5000000000000002 0.020116999745368961 3.8942710161209111 2.5000000000000004 17.500000000000004 12.500000000000002 0.35222586989402777 32.582126617431648 0.73257943987846386 12 15.500000000000002 1.0007824897766116 13 14 3.5000000000000004 40.500000000000007
decision_type=8 2 9 2 2 9 10 9 9 2 2 9 2 9 9 10 9 8 8 8 2 9 10 9 10 1 2 10 2 10 10 8 2 10 2 10 8 10 2 10 10 2 9 2 2 10 2 10 10 10 8 8 10 10 10 9 2 10 9 9 10 2
left_child=-1 3 41 6 5 -5 7 17 10 23 15 -12 13 24 18 38 -17 -2 31 45 -19 -14 -20 -10 -11 32 27 -27 29 -29 -22 -4 33 34 37 -34 -37 -26 39 52 -41 -3 -31 44 -44 -9 47 48 50 -50 -15 -28 -8 54 55 -54 -46 59 -59 -25 61 -60
right_child=1 2 14 4 -6 -7 8 19 9 12 11 -13 21 46 -16 16 -18 20 22 -21 30 -23 -24 57 25 26 51 28 -30 42 -32 -33 35 -35 -36 36 -38 -39 -40 40 -42 -43 43 -45 56 -47 -48 -49 49 -51 -52 -53 53 -55 -56 -57 -58 58 60 -61 -62 -63
leaf_value=0.035748214556335645 -0.0045578435534360459 -0.0057009427798363791 -0.022562164744026961 0.013519797804516729 -0.044505475268699801 -0.031722809872539517 0.0040280738525838812 -0.0069958618225106741 -0.0048248597478343465 0.029379660677925148 0.019263587737955876 0.0014359460052352866 -0.0049174660317069206 -0.034345213691593136 0.003420021327043539 0.003722735268675613 -0.010106177648641822 0.0039917280930033203 0.0023072715496398441 -0.015843730041330089 -0.011897714148482487 0.0066120430120426097 -0.058433425355438828 -0.0088236896688950149 -0.059166769240266759 -0.053160687249509786 0.011730369922395815 -0.066857669353721269 -0.01085144728460528 0.023378699680885781 0.011926889806410568 0.02042429199462692 0.03267969187010572 -0.0079007992455449004 -0.020296585568383409 -0.073015737102723591 0.013365954527786382 -0.024198220537870796 0.025492956553083382 0.0076267811012604679 0.0010793710787730347 -0.021950545194084084 -0.045538049764204752 0.016449022305923839 0.049920027905389568 0.017064692520038477 -0.0063181508110331215 0.041116682938605181 -0.0072398020861259502 0.062818355963877665 0.0032514062737531769 -0.068964868949266719 0.010570549681766033 -0.0045067999155761857 -0.054722105163351735 -0.024730371016171239 -0.053837130278855505 -0.0025677247597129527 0.0012521395995361247 0.0046245835476162482 0.0036798115103906502 0.032233904720091404
leaf_weight=43.869651700981194 1170.831543814289 223.84748557839885 11.337321959494146 48.65680194181914 64.217784000371466 22.712194408410141 153.13387385941769 587.43322196704139 664.59467620103715 10.855010358878642 318.39368127287889 343.04308252601913 377.53680646083194 15.480854644963982 3424.0494270034342 258.33664204220986 442.59295959102747 1054.5375697179616 32.890387956547784 399.33721940505438 183.34204308400149 291.79504692554474 6.5099916679100707 97.749175595794441 32.552191554823366 9.4861774517339637 3.2357379086315605 5.5351690809475249 148.22671518497191 56.946775714579417 46.390034631593153 233.56387394356716 15.583916225936266 125.94240068956424 265.70872560971384 5.653256660792974 10.182462778699119 37.706629347103444 32.55015750520397 824.60599806190294 4332.8063507988809 106.32335893516938 15.693161230170519 24.86710424994817 4.5703886680239512 33.326689390894899 327.36285760383544 14.666415130039239 10.234397194792111 10.632461440050973 92.602618337296008 10.751156588317826 18.1238398544956 247.77090997014966 17.885103761567734 28.878735010453966 1.3823715200996955 1717.6495515929928 37.301337240074645 1588.4318648684548 478.25571864234371 50.393787229142617
leaf_count=530 98012 50569 1869 7134 20711 10704 22689 147722 169022 357 22095 21017 33132 1364 150711 25665 55809 92431 1405 283461 40630 24697 726 25218 3935 1185 41 369 24618 6204 1041 9685 167 22648 39837 182 206 3628 287 39525 387431 32832 3657 1078 1650 3371 79626 815 2722 2053 33876 436 988 16431 949 1668 245 64810 1624 86635 44790 1449
internal_value=0 -6.68704e-06 0.00303553 -0.000721607 -0.0231753 -0.00363274 -0.00054173 -0.00363308 0.000249707 -0.00144573 0.0018338 0.0103462 -0.00607739 -0.00938665 0.00427487 0.000949446 -0.00510225 -0.00111741 0.0140595 -0.00957588 0.00201155 0.000136466 -0.00892665 0.000476109 -0.0135132 -0.0143263 -0.00699622 -0.00452011 -0.00252735 0.00878867 -0.00705595 0.0183506 -0.0184743 -0.0201725 -0.0247356 0.00634273 -0.0199771 -0.0410027 0.00170022 0.00155798 0.0021275 -0.0106623 0.0134371 -0.00321443 -0.0269523 -0.00567876 -0.00216357 0.00713507 0.00298344 0.0296978 -0.00239906 -0.0507597 -0.00473892 -0.00903197 -0.0259805 -0.0141318 0.0215474 0.00137325 -0.00042482 0.00381532 0.00601117 0.0192184
internal_weight=0 21227 4038.52 17188.5 135.587 71.369 17052.9 3475.2 13577.7 6559.57 7018.12 661.437 1925.19 1255.86 3708.35 6356.68 700.93 2455.1 284.302 1020.1 1284.27 669.332 39.4004 4634.38 784.879 774.024 280.695 266.708 257.222 108.995 229.732 244.901 493.33 461.91 335.968 31.4196 15.8357 70.2588 5655.75 5623.2 5157.41 330.171 103.46 46.513 21.6459 620.76 470.98 143.617 128.95 20.8669 108.083 13.9869 465.792 312.659 64.8877 47.0026 5.95276 3969.78 2283.6 1686.18 565.951 87.6951
internal_count=2230374 2229844 247797 1982047 38549 17838 1943498 666668 1276830 682276 594554 43112 288728 230899 164396 551442 81474 232114 13685 434554 134102 57829 2131 393548 110443 110086 39483 39006 37821 13203 41671 11554 70603 70048 47400 555 388 7563 469968 469681 426956 83401 12834 6630 5552 151093 120456 40830 40015 4775 35240 477 42725 20036 3605 2656 1895 224526 112673 111853 47863 3073
cat_boundaries=0 2 4 6 8 10 12 14 16 18 20 21 23 25 27 29
cat_threshold=33601773 630161689 77628928 34122808 1498697766 589430846 3223728797 1011718417 2236953 67469569 408437026 52576356 2836938754 6306502 3221360772 205524993 466092354 58745920 201360482 25323146 512 135807010 2097184 2097152 268500992 583008256 35651616 542976 1048580
is_linear=0
shrinkage=0.05


Tree=82
num_leaves=63
num_cat=14
split_feature=55 21 20 38 46 20 16 38 21 34 2 44 38 25 38 26 5 41 38 23 23 38 56 5 21 22 20 47 46 8 23 41 42 27 57 58 23 44 45 21 22 38 26 47 23 23 44 45 39 38 58 20 38 2 6 25 38 6 23 44 38 51
split_gain=24.9234 22.0849 16.1003 15.3814 11.2086 14.5707 10.514 13.8606 17.2963 10.7166 10.1249 9.44545 11.0797 8.8776 14.5658 9.23339 8.73236 7.66117 7.61755 9.75559 13.8494 9.65418 8.97178 8.3838 7.72629 7.59977 8.53181 9.72884 7.43204 7.38622 7.36525 8.15372 7.36477 7.36909 7.19334 8.72699 7.05564 6.96218 6.57916 6.55009 6.38281 6.37304 6.34799 7.08809 6.93638 8.08525 7.37189 6.92392 6.34195 8.77489 7.46078 6.27369 6.23668 6.18541 6.18493 6.1743 6.1495 6.27114 6.06597 6.05767 6.05423 6.04432
threshold=237.50000000000003 7.5000000000000009 28.500000000000004 0 13.536827564239504 17.500000000000004 1.5000000000000002 1 47.500000000000007 27.500000000000004 3.1369999647140507 23.500000000000004 2 1.5000000000000002 3 0.33398950099945074 3.4664999246597294 4 5 0.97451603412628185 0.82420912384986889 6 5.5000000000000009 3.2939000129699711 10.500000000000002 19.868817329406742 27.500000000000004 150.50000000000003 65.437152862548842 1.0135336518287661 2.254864096641541 7 8 2.5000000000000004 1.0000000180025095e-35 1.5000000000000002 0.079399775713682189 70.500000000000014 7.5000000000000009 74.500000000000014 10.617914676666262 9 0.55578610301017772 80.500000000000014 0.80542695522308361 0.74077317118644725 52.500000000000007 7.5000000000000009 5.5000000000000009 10 2.5000000000000004 200.00000000000003 11 4.7956500053405771 0.55140700936317455 2.5000000000000004 12 0.54603099822998058 1.6542956233024599 99.500000000000014 13 0.2100000008940697
decision_type=8 10 2 9 10 2 2 9 10 2 10 2 9 10 9 2 8 1 9 10 10 9 2 8 10 10 2 2 10 10 10 1 1 10 2 2 8 2 10 10 10 9 2 2 10 10 2 10 2 9 2 2 9 8 10 10 9 8 10 2 9 2
left_child=-1 3 6 36 -5 -6 7 16 9 -9 11 12 29 -4 38 32 53 -17 22 20 21 42 24 -23 -13 -26 -27 -28 40 -8 -19 -32 33 -16 35 -10 -2 -25 55 52 -21 -7 44 -44 45 47 -46 -20 50 -50 51 54 -18 -3 -38 -15 57 -12 -57 -40 -37 -41
right_child=1 2 13 4 5 41 10 8 34 -11 56 18 -14 14 15 17 39 30 19 28 -22 23 -24 37 25 26 27 -29 -30 -31 31 -33 -34 -35 -36 60 48 -39 59 61 -42 -43 43 -45 46 -47 -48 -49 49 -51 -52 -53 -54 -55 -56 58 -58 -59 -60 -61 -62 -63
leaf_value=0.035896212919041458 -0.013589186365729609 0.0030153861883533877 0.0096577294633404514 -0.0017721318639928698 -0.018895595201938582 0.009240360353352732 0.007645650761145116 -0.0061494455107742414 -0.0043720221270238538 -0.027736511551720095 0.0054777886630762839 -0.013702041287410462 -0.00066855501787783337 -0.0087609819554989189 -0.072346983187325228 -0.012739057270052227 -0.016648557054837716 0.0054396952127475466 0.0049094858401433255 0.023308004009245431 0.010850480854517596 -0.06745773986511884 -0.021548153368007469 -0.0018154096429412456 0.019053166244326541 0.0034225331296306367 0.0086133549183578188 -0.066423081169696918 -0.015702272101369142 -0.02706548343665633 -0.033124389988401393 0.0029142101001931172 -0.0059194469911948433 -0.020674551205980104 -0.03428931824566564 -0.0069847435440220486 -0.0011447231549877258 -0.014815140424138888 0.010350273527673341 -0.0031207892830512154 -0.003044123956022441 -0.0079160629339908514 -0.021431599949317565 0.018778307886243243 -0.065263482164682515 0.014752711225494248 -0.0025108018536989414 -0.0040067803267683248 0.0066791592839493879 -0.016320220893282878 0.015900335571881388 0.044118645961234937 0.00098324275250296907 0.0271846134674852 0.033117905562946623 0.0090211372759475671 -0.00027068469476409796 0.026060566231959421 0.022505883883792557 -0.00710245797700753 0.016723751402338703 0.011150280636209197
leaf_weight=47.342245729887509 115.53975484421971 59.420305472347536 664.83654943807051 355.72875002427827 390.5711356561842 64.23733523818737 1157.9931049113366 102.86808119054149 825.85367319304351 131.42140497203127 62.025331389551866 64.653244043365703 744.67267959789024 35.851385662797838 8.1937787974020448 86.869995694170939 39.864392655670599 362.4185463119793 395.32385373257421 22.256700075988192 324.60465697637483 4.5270640433227527 36.474317713094933 365.29554230163649 76.822461814939743 1752.4091586576178 7.6448388560675111 8.3569069123186619 116.10799861401756 14.575273301190462 17.233688578708097 38.544906251947396 71.789613442444534 33.939848879490455 17.244106436290167 34.680402304888048 2246.9593840222442 142.62818778728615 84.340878196642734 2189.1982038361457 1998.2830059979133 193.0104139856594 11.611109587131066 90.290296035818756 7.0387586898286854 103.04019216452434 11.402761982644732 482.19115639562187 55.37406080205983 128.53065550804604 67.988683905750804 6.7504461873322716 3783.4004877832049 47.155843949880364 12.249844786041647 314.95078420107166 85.73378503933418 93.193661879486172 113.93177670444857 118.1122338395362 79.055706790884869 75.833059487777064
leaf_count=579 40533 1722 11169 50532 307255 14640 21617 50751 280207 83636 984 7469 26504 1201 343 2420 17199 8436 20988 463 15032 1231 3970 28500 1776 122111 74 648 6932 377 544 963 6996 3098 8343 13893 229152 21959 3754 237631 77126 33714 190 1098 371 3879 591 25227 10109 13692 2716 58 342167 5267 171 19359 4803 1377 5177 8705 12472 5495
internal_value=0 -4.6065e-05 0.000690154 -0.00359105 -0.00882253 -0.0128213 0.000153336 -0.00121408 -0.00612686 -0.0183248 0.00138814 0.00108089 0.00413634 0.00497061 0.00254217 -0.00298275 -0.000258328 -0.000119994 0.000107431 -0.00112169 0.00144412 -0.000453984 0.00267183 -0.00604773 0.00315939 0.00375728 0.00308241 -0.0321763 -0.00345373 0.00713073 0.00276341 -0.0139285 -0.0158226 -0.0321677 -0.00318802 -0.00258138 -0.00155542 -0.00548775 0.00759574 -0.000508177 -0.00274246 -0.00356146 0.00218797 0.0140329 0.000988805 0.00157361 -0.0285872 1.10477e-05 -0.00100421 -0.0099178 -0.000297909 -0.000790726 0.000754131 0.0138626 -0.000944375 0.0109806 0.0114642 0.0168451 0.0126474 0.000183393 0.0103455 -0.00263829
internal_weight=0 21153.1 17516.2 3636.94 1003.55 647.819 15565.2 7386 1191.12 234.289 8179.16 7938.2 1917.24 1951.01 1286.18 618.99 6194.87 505.067 6020.96 4074.6 1937.95 1613.35 1946.36 512.451 1909.89 1845.23 1768.41 16.0017 2136.65 1172.57 418.197 55.7786 113.923 42.1336 956.834 939.59 2633.39 507.924 667.187 6088.3 2020.54 257.248 1100.9 101.901 998.997 980.555 18.4415 877.515 2517.85 183.905 2333.95 2265.96 3823.26 106.576 2259.21 464.734 240.953 155.219 428.883 202.453 113.736 2265.03
internal_count=2229396 2228817 1526245 702572 406141 355609 1454080 1058783 449302 134387 395297 388133 48498 72165 60996 22800 609481 12363 339635 203587 119066 104034 136048 51690 132078 124609 122833 722 84521 21994 9943 1507 10437 3441 314915 306572 296431 50459 38196 602492 77589 48354 52344 1288 51056 50094 962 46215 255898 23801 232097 229381 359366 6989 229323 25737 7164 2361 24536 12459 26365 243126
cat_boundaries=0 2 4 6 8 9 11 13 14 15 17 19 21 23 25
cat_threshold=1801212193 589964990 3705676684 977911028 1703166593 304415138 2485262212 1045273344 64 3658650685 68435845 96740098 838991904 36 4 2483200640 138416193 1258291489 16908808 134217856 20 1074234 140839107 16946242 93339658
is_linear=0
shrinkage=0.05


Tree=83
num_leaves=63
num_cat=18
split_feature=21 55 38 26 27 34 22 31 21 5 26 38 42 46 44 42 22 21 48 47 45 38 21 48 38 40 41 26 26 59 38 21 38 38 45 46 38 22 23 22 38 44 38 5 18 52 47 38 38 23 26 21 21 45 22 38 47 39 23 47 26 42
split_gain=21.3311 17.3014 15.2891 13.3669 11.2874 8.79744 8.72774 8.02602 7.6853 7.29418 7.19124 13.4508 8.18202 6.9726 6.64262 6.53868 8.15175 7.17697 7.47673 6.98459 6.32284 14.0731 7.4581 6.29734 7.59825 7.51684 11.8257 6.32961 6.2694 6.26013 17.7724 8.7392 17.4469 7.98517 7.8108 7.25744 10.0006 7.03045 8.10539 9.1013 9.93084 11.5831 8.90307 7.62538 6.99434 6.82554 6.66407 6.22135 6.19765 6.13951 6.1004 6.09162 8.00369 11.9854 7.84544 7.04784 9.0139 6.39091 6.02137 5.9073 6.45222 5.82412
threshold=5.5000000000000009 134.00000000000003 0 0.25495098531246191 2.5000000000000004 160.00000000000003 397.75000000000006 262.50000000000006 1.5000000000000002 5.014899969100953 0.63188141584396373 1 2 35.287933349609382 51.500000000000007 3 6.0046730041503915 155.50000000000003 1.5000000000000002 45.500000000000007 3.5000000000000004 4 184.50000000000003 2.5000000000000004 5 6 7 0.49915254116058355 0.46195203065872198 0.26201373338699346 8 16.500000000000004 9 10 1.5000000000000002 19.903301239013675 11 12.009615421295168 0.98653182387352001 143.41666412353518 12 140.50000000000003 13 6.1359999179840097 61.500000000000007 1.0000000180025095e-35 119.50000000000001 14 15 0.75972485542297374 0.18993670493364337 45.500000000000007 244.50000000000003 4.5000000000000009 96.77500152587892 16 75.500000000000014 6.5000000000000009 1.2750227451324465 67.500000000000014 0.066784039139747634 17
decision_type=10 8 9 2 10 2 10 2 10 8 2 9 1 10 2 1 10 10 10 2 10 9 10 10 9 1 1 2 2 2 9 10 9 9 10 10 9 10 10 10 9 2 9 8 10 2 2 9 9 8 2 10 10 10 8 9 2 2 10 2 2 1
left_child=2 -2 4 5 -1 6 29 -4 -6 -5 20 14 -13 -14 15 16 -12 18 19 -18 21 -11 23 24 25 -23 27 -27 -24 31 51 32 34 44 -3 -36 46 45 42 40 41 59 -39 58 -33 -35 -37 -8 -22 -10 -38 54 -53 -54 57 -55 -57 -31 -42 60 -40 -25
right_child=1 3 7 9 8 -7 47 -9 49 10 11 12 13 -15 -16 -17 17 -19 -20 -21 48 22 28 61 -26 26 -28 -29 -30 30 -32 33 -34 37 35 36 50 38 39 -41 43 -43 -44 -45 -46 -47 -48 -49 -50 -51 -52 52 53 55 -56 56 -58 -59 -60 -61 -62 -63
leaf_value=-0.00030204496442625111 0.037272693983256194 0.01720808161111341 -0.0091442483314285432 0.014621258059544241 -0.026149905856992631 -0.032157661685835136 0.031772283672296696 -0.026249185084150386 -0.0081130207221028431 -0.0076741331972961027 0.028671361454634305 -0.031103798285506065 0.012014679761360995 -0.013738921248510578 0.017110881184024703 0.0084808187138160959 -0.0097193542840852791 0.031609649053704052 -0.0027456843476527017 -0.063184885361449047 0.0056872336406516002 0.023467415116622758 -0.063000898189692123 0.0093479442875823212 0.0049117761411784436 -0.044742000825714029 0.016091091894012345 0.019376743606066157 0.026210592929013867 0.0083820437366945357 -0.001030642015575028 -0.0086537342648587319 -0.018314997981684195 0.01308202292231106 -0.044940499719325566 0.028755571942062672 -0.026518024488519337 -0.0079778486061789066 -0.020716614186698394 -0.017628522624089881 -0.014460338302455017 0.012507920365374174 0.003832665997573665 0.0009535239486160637 -0.0014128357135753829 -0.029842416195712176 -0.002257730322319742 -0.010867736789472959 0.00017580283445604329 0.014566053015535799 -0.0019725603535122589 0.019270534072588767 -0.08649253520123476 0.020003772480098825 -0.062844694266228962 0.0027749469387488251 -0.068055654590095965 -0.063897459304822157 0.023353081198747003 -0.0074475500747848925 0.00235723667709836 0.00044537266450374134
leaf_weight=1770.0124282307333 31.203820986440405 56.945012939138905 452.61327682929641 107.24798766839376 55.343842500567916 21.646811538729708 21.897563150472706 80.451796833837761 429.63075423797636 218.80158881450188 19.752561599365436 32.39920481669833 45.194234013819369 60.02880039907177 149.80350016470766 598.83023249075632 15.844359570415692 12.247227468527852 181.80601658025989 9.4228393718367425 536.59667131694732 161.99289059446892 5.9790461103548278 267.12526194030943 363.14304991363315 16.815562524425335 49.217999354179483 4.2898374684154978 2.0985729335807264 39.531225343729602 1151.0826711357022 591.02170137031499 214.68906903286097 143.34665547363693 9.1508351246156945 35.889768380577152 40.72519181591997 171.89208951140427 32.532069910434075 91.796772684858297 11.852440751812535 94.643657625398191 1295.4870981945751 896.35202017566189 764.84254048081311 8.962484670133561 32.398470465443097 10.121324221607209 7479.3686144333369 31.15976858016802 64.809645230423484 223.41878052109678 3.0606590387178576 18.28631641852553 4.0637879834903279 12.43609509918315 5.9665138912678222 2.3097959744918617 64.185758470241126 1001.764831214663 313.10559161640413 583.88231462101976
leaf_count=189611 351 6775 204660 4540 18500 42343 4469 156980 65734 10189 241 1607 974 2627 2483 10463 326 151 3928 255 42720 3256 360 9533 8787 664 1018 65 25 3119 139859 170305 92046 10315 1282 3394 20812 41893 6214 14649 2010 9209 211119 115650 110823 923 6982 5711 273761 967 10104 8850 260 449 1300 493 600 334 9168 117237 26443 20223
internal_value=0 0.000656032 -0.00401373 0.000591816 -0.00219123 -0.00104104 -0.000946055 -0.0115538 -0.00869921 0.00170564 0.00157622 0.00535782 -0.00889707 -0.00266855 0.00736649 0.00569385 -0.00129321 -0.00410978 -0.00636415 -0.0313045 0.00113651 0.00393109 0.0056945 0.00601327 0.0099539 0.016848 0.00384683 -0.0216351 -0.0394895 -0.00106041 0.00187166 -0.0017818 -0.00843589 -0.00122854 0.0011559 -0.0038434 -0.00143517 -0.000128257 -0.000533796 -0.00226141 -0.00167009 -0.00428485 0.00241644 0.00222911 -0.00453974 0.010378 0.0124278 0.0247037 0.00055272 -0.00655119 -0.0106087 0.0122862 0.0156054 -0.00496216 -0.00405044 0.0039537 -0.0148567 0.00299355 0.0173477 -0.00550458 0.000131983 0.00324752
internal_weight=0 18403.3 2819.21 18372.1 2286.15 7450.22 7428.57 533.065 516.134 10921.9 10814.6 1125.33 137.622 105.223 987.707 837.903 239.073 219.32 207.073 25.2672 9689.31 1673.35 1454.54 1446.47 595.459 232.316 70.3234 21.1054 8.07762 7396.55 1460.16 5936.39 454.608 5481.79 239.919 182.974 173.823 4125.92 3973.61 2506.23 2414.44 1442.05 1467.38 972.39 1355.86 152.309 68.2882 32.0189 8015.97 460.791 105.535 309.073 263.168 39.7496 45.9048 36.6889 18.4026 41.841 76.0382 1347.4 345.638 851.008
internal_count=2230139 1593687 636452 1593336 274812 1195140 1152797 361640 85201 398196 393656 23055 5208 3601 17847 15364 4901 4660 4509 581 370601 54120 43931 43546 13790 5003 1747 729 385 1142617 155264 987353 141395 845958 49349 42574 41292 564830 553592 300580 285931 159103 253012 126828 281128 11238 10376 10180 316481 66701 30916 15405 10652 1802 4753 1542 1093 3453 11178 149894 32657 29756
cat_boundaries=0 2 4 5 6 8 10 11 12 14 16 18 20 22 24 26 28 30 31
cat_threshold=1769488436 305078975 1352933632 306192416 1 1 10776625 6295938 4194564 33554432 512 96 2904047618 6304454 3235003204 844370981 1209797202 36832815 3221365248 33559584 895651844 940417088 2181055520 4224 603497741 811893683 545288836 537930178 671088642 4194496 1
is_linear=0
shrinkage=0.05


Tree=84
num_leaves=63
num_cat=11
split_feature=21 59 38 57 39 38 37 38 54 51 21 59 47 38 23 38 40 16 21 38 2 20 38 46 22 45 22 46 46 20 48 49 18 9 41 21 23 46 46 46 22 47 23 6 45 39 46 27 6 3 22 39 46 6 7 46 47 8 7 47 46 47
split_gain=17.4432 15.038 25.0566 19.6175 20.9625 15.1987 14.445 12.209 12.3794 11.3171 11.5876 11.2834 10.8665 11.337 8.41089 8.1643 11.3467 7.77054 8.7018 10.7243 7.7922 7.31277 7.28519 6.90715 6.74668 6.59702 6.44512 8.62897 6.33446 6.98661 8.74989 6.27217 6.26916 6.50054 6.16674 6.93206 6.24138 7.43825 12.8671 7.27762 7.01915 6.15221 7.12808 6.14358 6.07584 6.01926 8.62829 5.96473 5.85001 8.8982 6.93714 5.84362 5.82417 5.73238 5.69794 5.64449 5.5807 5.49342 7.42444 5.47933 6.65513 5.47589
threshold=2.5000000000000004 0.40588235855102545 0 1.0000000180025095e-35 8.5000000000000018 1 2 3 1.0000000180025095e-35 0.13499999791383746 311.50000000000006 0.84523808956146251 32.500000000000007 4 0.55565711855888378 5 6 34.500000000000007 9.5000000000000018 7 3.8019500970840459 147.50000000000003 8 37.941223144531257 99.549999237060561 25.500000000000004 15.779513835906984 25.627031326293949 15.97356700897217 2.5000000000000004 3.5000000000000004 9 33.500000000000007 12.500000000000002 10 7.5000000000000009 0.18719605356454852 19.633504867553714 24.687916755676273 26.320693969726566 29.617216110229496 174.50000000000003 0.44453111290931707 0.2399915009737015 21.500000000000004 2.5000000000000004 40.631460189819343 3.5000000000000004 0.53170400857925426 0.16130249947309497 56.612499237060554 1.0000000180025095e-35 36.31062316894532 0.15876899659633639 31.500000000000004 71.622642517089858 100.50000000000001 1.0056362152099612 26.500000000000004 121.50000000000001 44.190401077270515 152.50000000000003
decision_type=8 2 9 2 2 9 1 9 2 2 8 2 2 9 8 9 1 2 8 9 8 2 9 10 10 10 10 10 10 2 10 1 8 8 1 10 10 10 10 10 10 2 10 10 8 2 8 8 10 8 10 2 10 8 8 10 2 10 8 2 10 2
left_child=21 3 11 7 5 47 55 14 9 10 15 -3 22 24 -2 16 53 18 19 34 -21 -1 -12 26 -14 -11 27 -22 44 -30 -31 52 -27 -34 36 59 -17 -38 -39 40 -40 42 -29 51 -18 46 -45 -5 -20 50 -50 -33 -16 -9 -25 -4 -37 58 -13 -36 -61 -28
right_child=1 2 6 4 -6 -7 -8 8 -10 25 12 57 13 -15 31 17 28 -19 48 20 23 -23 -24 54 -26 32 61 41 29 30 -32 43 33 -35 35 56 37 38 39 -41 -42 -43 -44 45 -46 -47 -48 -49 49 -51 -52 -53 -54 -55 -56 -57 -58 -59 -60 60 -62 -63
leaf_value=-0.01468066038850672 -0.015375261811078967 -0.0052543009558734706 0.018474615823126716 -0.0067865251325180207 -0.044265223389137791 -0.029953300177229497 0.0031030653693781009 0.038591120031453645 0.032488541421886501 0.0077120871495332715 0.0018868485481761588 -0.056971631461059186 0.0028148403511544786 -0.017723377959864003 0.0095977603115949967 -0.0090575088120854481 0.048554686462863941 0.0097608253776988729 0.00067145560924873181 0.028214126030114209 -0.034187641205057503 0.010858975118021346 -0.0066930432550329324 0.0027065953019934958 -0.024264394693385951 -0.049592535536710648 -0.017031825334486418 -0.026766720414052005 -0.013418140853873618 0.0076766601180676243 -0.0062722479449457517 -0.0040529000493362572 -0.020954834912663634 0.0039313312337628447 0.0006727160464578074 -0.010355932948774405 -0.047033942351027376 0.038354555193433171 -0.081399169134554167 0.0068502548309199666 0.015384873264324301 -0.011524591435125605 0.033904828680460533 -0.021636966385764702 -0.029604208781261295 0.00037091640185398731 0.066398373138919095 0.02877070663275675 0.013807008345086372 0.031393712868692913 -0.020577212593048275 -0.014876758399276347 -0.0040577019827876658 -0.007434173517219856 -0.0098903317374772412 -0.020296245936773923 0.011677764329008324 0.020582125266889389 -0.020934847261565234 -0.025133681071234416 -0.0053149334646481073 -0.04083669765232531
leaf_weight=268.42124553032772 181.78218367444788 200.36123503722774 210.65446219009027 18.330663076951168 51.795463103233487 20.609989103922999 3571.1740115332686 5.8417965241133061 28.162349969265051 673.2412793596759 570.17431551510163 19.177190725356922 155.68519545421259 255.77171817279486 142.92883063219961 63.160506898384483 11.507034115347775 219.31449035115656 10127.663711664529 13.244651920535032 16.467200975403102 30.558639872062486 422.61206703660355 142.8626574560476 25.961747427747468 6.0791848960798225 119.49200684928837 5.2790150424698394 72.270560349497828 341.09788228337675 166.56590056267305 308.57980734124976 32.470514846703736 120.55132959818729 106.88327887728519 39.40275629984535 5.0338219802360973 32.579500323772663 3.6281181191443457 269.54722875032166 2.6894497087341733 25.082392311640433 22.78914663993055 3.4795981156785247 2.3855350016383463 45.901012414837169 7.8293551078677419 30.519317334707011 37.699672149377875 38.216229864308843 22.624841362296138 209.51374168262737 169.80423368687843 877.04922188162163 238.94304906232355 9.0280494101898494 99.252320621053514 4.954153596327159 57.502885438369049 72.675082732384908 101.3199919587023 30.570277884608004
leaf_count=65656 106997 47235 9863 1889 18420 9764 161025 3080 420 36415 61062 1640 61401 132498 50890 9452 393 2826 747784 967 954 874 57330 6024 4381 137 18738 451 14969 36389 23232 91308 706 8141 5788 1746 195 624 165 10481 69 1676 541 803 195 4839 590 5128 529 1031 542 107412 55806 134254 48941 522 5175 1204 26541 5371 7370 9103
internal_value=0 0.000100437 0.00282599 -0.000559867 -0.0205159 -0.00242944 0.00389873 -0.000413695 -5.78689e-05 -0.000118757 -0.000438722 -0.0112962 -0.00471411 -0.0112706 -0.00555295 2.02055e-05 -0.00347142 0.000457885 0.00028213 -0.00339742 -0.00828235 -0.0120428 -0.00181689 -0.00926896 -0.00110651 0.00555021 -0.0163163 -0.00367122 0.00184768 0.00101905 0.00309665 -0.00358974 -0.00358889 -0.00145116 0.000477831 -0.00364817 0.00504685 0.00806888 0.00911725 0.00553828 -0.0437254 0.00624018 0.0219656 -0.00661728 0.0340471 0.00870515 0.039754 0.0129598 0.000790078 0.0128524 0.000785874 -0.00845023 0.0021262 -0.00708632 -0.0051821 0.0160684 0.00538695 -0.0272493 -0.0305648 -0.00824106 -0.0136892 -0.0221195
internal_weight=0 20887.8 4072.85 16814.9 121.255 69.46 3790.86 16693.7 15623.8 15595.7 14763.3 281.995 1430.21 437.419 1069.82 13333.1 1476.72 11856.4 11637.1 1410.9 614.73 298.98 992.786 601.486 181.647 832.342 219.68 69.6178 593.827 579.934 507.664 888.037 159.101 153.022 796.172 419.533 376.639 313.478 308.444 275.865 6.31757 53.1506 28.0682 575.304 13.8926 57.21 11.309 48.85 10226.2 98.5407 60.3245 518.094 312.733 882.891 381.806 219.683 138.655 81.6342 76.6801 280.878 173.995 150.062
internal_count=2229952 2163422 248030 1915392 35201 16781 171410 1880191 1461546 1461126 1415727 76620 316672 198280 418645 1099055 212512 886543 883717 133831 87395 66530 118392 86428 65782 45399 31463 3622 75178 74590 59621 311648 8984 8847 46436 25450 20986 11534 11339 10715 234 2668 992 204952 588 6232 1393 7017 749886 2102 1071 198720 106696 137334 54965 10385 6921 29385 28181 18529 12741 27841
cat_boundaries=0 2 4 5 7 9 11 12 14 16 17 18
cat_threshold=33568845 631030041 77628928 101231928 69 235539786 27279880 540299392 268547351 16416 168178710 512 2420150784 541065505 4053020721 604700707 2 30
is_linear=0
shrinkage=0.05


Tree=85
num_leaves=63
num_cat=12
split_feature=55 16 38 21 2 21 39 57 21 38 39 6 5 38 34 3 22 23 34 21 38 38 47 44 38 59 39 38 39 38 31 44 25 47 23 57 39 57 38 46 57 5 46 39 6 7 47 23 38 38 46 16 38 46 47 21 21 9 30 25 22 44
split_gain=17.361 17.4433 13.3811 14.0947 10.8532 10.2842 8.63717 11.0392 8.42526 8.369 8.82115 8.05545 8.00127 7.08295 6.96479 6.76959 6.5779 7.3284 9.18927 7.88958 10.6123 7.87324 6.51584 6.20682 7.52692 6.34498 13.0262 10.7341 11.2239 11.0946 7.79154 7.31377 7.849 7.59601 6.76403 6.42428 6.05755 10.1109 6.53274 6.01774 5.85979 6.35491 5.83532 7.60065 9.3323 8.93719 7.41622 8.94774 5.71008 5.67679 5.66732 6.69627 6.24452 11.563 9.03483 6.72753 6.20105 6.18082 6.13154 6.026 5.99457 5.66278
threshold=216.00000000000003 1.5000000000000002 0 27.500000000000004 3.1369999647140507 1.5000000000000002 10.500000000000002 1.0000000180025095e-35 2.5000000000000004 1 5.5000000000000009 0.48072201013565069 4.5058500766754159 2 105.00000000000001 0.16130249947309497 48.379808425903327 0.69169431924819957 8.5000000000000018 35.500000000000007 3 4 111.50000000000001 12.500000000000002 5 0.65151515603065502 1.0000000180025095e-35 6 7.5000000000000009 7 263.50000000000006 21.500000000000004 4.5000000000000009 311.50000000000006 0.63653856515884411 1.0000000180025095e-35 4.5000000000000009 1.0000000180025095e-35 8 71.622642517089858 1.0000000180025095e-35 2.4272500276565556 29.063153266906742 1.5000000000000002 0.21249699592590335 4.5000000000000009 63.500000000000007 1.1334682703018191 9 10 35.287933349609382 44.500000000000007 11 26.80220985412598 110.50000000000001 34.500000000000007 12.500000000000002 79.500000000000014 0.98219999670982372 7.5000000000000009 29.617216110229496 5.5000000000000009
decision_type=8 2 9 8 10 8 2 2 10 9 2 10 8 9 2 8 8 10 2 10 9 9 2 2 9 2 2 9 2 9 2 2 10 2 10 2 2 2 9 10 2 10 10 2 10 8 2 10 9 9 10 2 9 10 2 10 10 8 2 8 8 2
left_child=-1 2 3 -2 8 -4 12 13 -3 10 40 23 15 -8 36 -7 17 18 61 21 -21 -19 -20 24 -11 26 30 28 31 -30 -25 39 34 -34 -33 -31 -5 38 -38 -28 41 -10 49 44 45 -44 -47 -48 -12 -29 52 -52 54 -54 -27 56 57 -56 -57 -55 -60 -14
right_child=1 4 5 14 -6 6 7 -9 9 11 48 -13 16 -15 -16 -17 -18 19 22 20 -22 -23 -24 25 -26 50 27 42 29 35 -32 32 33 -35 -36 -37 37 -39 -40 -41 -42 -43 43 -45 -46 46 47 -49 -50 -51 51 -53 53 59 55 58 -58 -59 60 -61 -62 -63
leaf_value=0.031497191385714239 -0.025805463551483332 -0.0086203728547328811 -0.028081795390834975 -0.0062490845064446625 0.011178221404015214 -0.0010310916246103548 0.0046628900974216136 -0.041957133976343014 -0.0032864068397677848 -0.0033450619497913912 0.011760182988259569 0.037988445269757636 -0.020720961095427055 -0.013393246104224264 -0.02627334517936461 0.016066320073401391 -0.002264331793737721 0.0073740316920411194 -0.020700836151175198 0.0060665150059433983 -0.002440303088290182 -0.0019897932031874774 -0.005045905819327001 0.0020004170530971161 0.010254454046214199 0.01611939086232974 -0.02401297778004801 0.012902723623033767 -0.0099019515768236643 0.015500814199942906 0.011293642874072647 -0.010279916411509604 -0.013393997183699102 0.037016480125380183 0.0015473013705267454 -0.038046924924897085 -0.0061169417146186367 -0.039016287313763637 0.016032880181529437 0.013112396936804544 0.015917647502484974 0.014691642334338185 -0.041524783500311052 0.0020420064361476907 0.041365005007134886 0.032770388725108103 -0.0024513702662222652 -0.037779546516955469 -0.0021678367464892418 -0.0061249235410368152 0.0090505412044142551 -0.031955875093197569 -0.019678494488522043 0.0058709843737529861 -0.041903792534200832 -0.071292246452697411 0.01314280043968667 0.0057388104993018304 -0.047242824456823485 -0.040506773047046009 0.014884071974841283 0.00071660149824456635
leaf_weight=42.636728205310646 91.526230361741909 220.81832045119882 33.913579437870794 694.50195660627105 268.71195359029662 103.89368393614131 85.277411430695793 23.701408564207668 2048.1519519079411 132.62834371793724 184.03630954715481 14.504159427073317 31.136229327006731 127.8811832120773 36.808321640457507 129.43997647473952 4254.0840527805849 868.45599337686144 102.04283369364202 485.26805353476084 1392.5397694329877 301.1660757218342 189.90672230103883 4388.6682117468517 411.76119897825993 120.90429246230633 96.343296099963482 166.41258693586133 76.964128059567884 137.87591751317086 236.8386717994581 181.38328325303155 320.87911816806445 6.7121543827524865 357.89894892775919 4.9042761157907071 47.032683543788153 10.997117947154036 85.475797027531371 11.656873781015745 41.421464130733511 49.389162873438181 23.77823132625781 590.11913544326308 6.9565532362976219 9.1956940256059152 64.559727225758252 23.894436624206719 119.03873875932823 46.662921894472674 586.51028884858533 9.1702670820523036 83.490671867402853 138.7377245244279 11.838501091115178 5.2578029371798065 47.519159085786669 14.046258817368651 5.5659167058765862 6.3801566098845788 8.6762666469439864 742.58970022257199
leaf_count=582 81105 31801 15013 353754 8486 4384 7923 8960 197925 2975 8551 210 1048 15736 97824 17955 661760 46789 18817 64103 96831 24919 58225 139682 5356 1743 2956 3522 3341 3291 18478 5367 23109 550 7155 1063 15640 6017 37245 305 3070 5087 471 32998 407 213 6065 2539 12073 4204 12917 114 1802 1896 471 184 941 386 216 751 153 41907
internal_value=0 -7.32048e-05 -0.00161189 -0.00716593 0.00126872 -0.000996952 -0.000890976 -0.0102898 0.00102591 0.00122409 -0.00134814 0.0019758 -0.000630964 -0.00658922 -0.00527038 0.00848165 -0.000886068 0.000539641 -0.00302754 0.00178766 -0.000220589 0.00500929 -0.0105696 0.00191095 0.00706786 0.00154969 0.000989752 -0.00224884 -0.00535811 0.0047885 0.00247859 -0.00770271 -0.00615911 -0.0122516 -0.00244235 0.0125377 -0.00431764 0.00500824 0.00892679 -0.0199224 -0.00248546 -0.00285629 0.00177822 -0.000361101 -0.0113374 -0.0146699 -0.00777593 -0.0123103 0.006616 0.00904319 0.00518705 0.00836677 0.000896596 -0.00476276 0.00684478 -0.00453932 0.00250045 -0.0167989 -0.0298685 0.00356871 -0.010902 -0.00017172
internal_weight=0 21117.9 9837.64 966.342 11280.3 8871.3 8837.38 236.86 11011.6 10790.7 2442.04 8348.7 8600.52 213.159 874.816 233.334 8367.19 4113.11 1065.68 3047.43 1877.81 1169.62 291.95 8334.19 544.39 7789.8 6751.7 2126.2 1194.62 219.744 4625.51 974.874 866.874 327.591 539.282 142.78 838.008 143.506 132.508 108 2138.96 2097.54 931.579 718.504 128.385 121.428 97.6499 88.4542 303.075 213.076 1038.1 595.681 442.417 228.609 213.808 92.9039 73.4039 25.8848 19.5 145.118 14.2422 773.726
internal_count=2229361 2228779 1675955 591585 552824 1084370 1069357 32619 544338 512537 226706 285831 1036738 23659 510480 22339 1014399 352639 119997 232642 160934 71708 77042 285621 8331 277290 255716 97556 47137 7695 158160 39442 36181 23659 12522 4354 412656 58902 52885 3261 206082 203012 50419 42693 9695 9288 8817 8604 20624 7726 21574 13031 8543 4449 4094 2351 1798 857 553 2647 369 42955
cat_boundaries=0 2 4 6 8 10 12 14 16 18 20 22 24
cat_threshold=570857595 93733465 2393386314 162065695 2115328 40404352 2643460996 6828034 1344284160 805407904 290717856 574624256 1901084800 306581696 810549376 4160 536875074 592 203431938 33027 37 544 22020224 302120960
is_linear=0
shrinkage=0.05


Tree=86
num_leaves=63
num_cat=3
split_feature=21 55 26 29 23 59 1 26 17 6 17 30 39 47 17 34 18 23 34 21 34 22 44 23 57 23 34 44 22 45 47 50 34 59 2 55 22 34 21 44 42 42 59 34 26 41 46 8 25 21 20 22 45 20 45 21 44 23 47 57 45 23
split_gain=19.7537 12.8851 12.4409 11.3586 13.7803 9.61072 7.64271 7.17841 8.3769 6.88502 6.79139 6.70831 6.95333 7.04158 8.98871 6.68434 6.15039 8.89849 10.1272 17.8984 8.76214 8.95471 8.03836 6.82584 6.43642 6.08677 13.9379 6.14413 6.06662 6.00128 8.27996 6.94221 7.10864 6.18175 5.97199 5.81197 5.78207 7.30646 5.71984 9.01666 8.75096 5.64319 5.52036 5.51665 5.30936 5.75749 6.72211 5.91023 5.66337 5.23486 5.21175 8.94823 10.3026 10.143 5.20769 5.16419 8.74458 6.56314 6.25195 5.14971 5.31334 5.09582
threshold=8.5000000000000018 237.50000000000003 0.313496083021164 3777.5000000000005 0.15154705196619037 0.73214286565780651 171.50000000000003 0.58544605970382702 43.500000000000007 0.53170400857925426 25.500000000000004 0.95335000753402721 1.5000000000000002 232.50000000000003 27.500000000000004 160.00000000000003 18.500000000000004 0.97451603412628185 47.500000000000007 63.500000000000007 16.500000000000004 35.027778625488288 31.500000000000004 0.81484541296958934 1.0000000180025095e-35 0.75019380450248729 27.500000000000004 115.50000000000001 39.759614944458015 6.5000000000000009 25.500000000000004 1.0000000180025095e-35 7.0000000000000009 0.70714285969734203 12.903100013732912 216.00000000000003 71.816669464111342 27.500000000000004 178.50000000000003 19.500000000000004 0 1 0.70714285969734203 20.500000000000004 0.24895390123128894 2 23.616878509521488 0.98615437746047985 6.5000000000000009 49.500000000000007 24.500000000000004 17.876893997192386 9.5000000000000018 48.500000000000007 2.5000000000000004 56.500000000000007 124.50000000000001 1.6310855150222781 134.50000000000003 1.0000000180025095e-35 19.500000000000004 3.5067189931869511
decision_type=10 8 2 2 8 2 10 2 2 10 2 2 2 2 2 2 10 10 2 10 2 10 2 10 2 10 2 2 10 10 2 2 2 2 8 8 10 2 10 2 1 1 2 2 2 1 10 8 10 10 2 10 10 2 10 10 2 10 2 2 10 10
left_child=3 -2 9 4 -1 -4 35 -5 28 15 -8 -7 13 14 50 16 24 18 23 -20 21 29 -23 -18 25 26 -3 -27 -9 31 -31 32 -19 44 -24 -6 42 -38 -11 -40 -41 -15 55 -26 -32 46 -46 -47 -49 -28 -13 52 -52 -54 -39 57 -57 58 -22 60 -37 -44
right_child=1 2 5 7 6 11 10 8 -10 38 -12 12 -14 41 -16 -17 17 20 19 -21 36 22 34 -25 43 27 49 -29 -30 30 33 -33 -34 -35 -36 59 37 54 39 40 -42 -43 61 -45 45 47 -48 48 -50 -51 51 -53 53 -55 -56 56 -58 -59 -60 -61 -62 -63
leaf_value=-0.016561121478105199 0.030799642388353133 -0.0025131003883037176 0.001431595780425161 -0.0016427001294051847 0.042828641935577512 0.012851051469581265 -0.031950993392314463 0.0048101825507120069 0.022609698728140979 0.012579648067647539 0.032854460772754251 -0.0039001999706647461 0.0093613192459783296 -0.0063575186344927625 0.028173808982659698 -0.028938914687728842 0.0021702913416960265 -0.011026213243056051 -0.024347923759091214 0.0069973999140679494 -0.028485862219988108 -0.00099530245507198616 0.022978097969330438 0.0092409943773077447 -0.0095947981069991334 -0.0012924937863972555 -0.024803753251014873 0.010414306792579025 -0.023185613263291861 0.015819167325752267 -0.0093410294764463189 0.026791936166021785 0.0052728576593551292 -0.024526800138771471 -0.0098242109198225357 -0.0026061780098055568 -0.010931535346658756 -0.011031364839414746 0.021584941073212363 0.0054245376231041769 -0.064768442925360756 -0.10929878654546475 0.031752409889670041 -0.04411021564591195 -0.032019272895989943 0.015939206159049639 0.013080550315922588 -0.030524193696325343 0.0054502681142946097 -0.0080962691313015752 0.010497195988015299 0.023359018299143719 -0.071482533610134597 0.017774860475965059 0.0036964023931807853 0.0034285018384570642 0.022939294636203988 0.011494243431598234 -0.00380881293986277 -0.021623381191727829 -0.0113926084300258 -0.010323248522995552
leaf_weight=246.72369367033843 34.591560440545436 822.17992910957219 6836.5493196361967 1322.9636189586308 5.7108961085032206 298.19536339823389 36.725787425305498 247.20012552657863 64.437776426202618 158.81832579152251 3.7161737572459961 339.23485945205903 351.31884368270403 2.9748011538758874 26.953334304271266 20.009299317174737 1726.717878076548 79.479411727981642 90.28452592639951 90.190661505026583 30.686087511683581 476.38958304301195 13.213262960285645 424.75745171545714 46.054410909244325 1601.4110046449059 106.57418955022331 119.50956695017157 19.997540051408578 47.494398497161455 211.7192288232618 30.465195843018591 396.19777377288119 39.729075308510801 766.35230197147757 1809.3433216814274 174.95811392480391 71.350712380837649 11.42755570341251 7.6816216831794009 9.0769186227116752 1.6221875933697436 29.856402841178351 14.860825915220628 8.021159678231923 15.476599171903215 103.94380309111148 32.275604972033761 15.899077822250545 85.571004951272698 24.472569907899015 50.0526007815497 8.6932688983506505 4.2368670849828041 351.46617532117853 682.00528118195507 61.781409179380717 53.575229171969113 137.40596761392953 38.773338485865679 189.31951722797476 8.8482263348705583
leaf_count=126143 447 146527 218414 48030 75 5794 87784 5058 611 4618 102 8872 8880 104 146 41835 203842 2463 31434 19690 2754 20344 316 36972 12306 320667 75437 21806 577 790 16132 479 21278 2262 57156 323726 19714 6725 282 222 366 189 1061 8778 244 350 4232 1680 1225 37659 436 990 335 83 40204 63515 6976 4934 14886 9085 130558 410
internal_value=0 0.000746317 0.00068379 -0.00316119 -0.0054098 0.00213215 -0.00408203 7.06709e-06 0.00657349 -0.000570562 -0.025347 0.00645044 0.00407987 1.91849e-05 0.000705349 -0.000768592 -0.000702509 0.000179075 0.00261454 -0.00873117 -0.00130077 -0.00332184 -0.00611572 0.00356988 -0.00264735 -0.0022856 -0.0053558 -0.000473937 0.00263629 0.000258793 -0.00377648 0.00404225 0.00253208 -0.0059876 -0.0092395 -0.00364892 0.00152141 -0.00236944 0.00889944 -0.0115577 -0.0341004 -0.0557214 0.00383768 -0.0185916 -0.00402777 0.0023944 0.00881448 -0.00885427 -0.0187822 -0.0174436 -0.00109161 0.00972372 -0.00865627 -0.0430588 0.00119091 0.00308279 0.00507776 -0.00360388 -0.00845556 -0.00380014 -0.00344374 0.0221158
internal_weight=0 17152.6 17118 3984.91 2330.31 7944.3 2083.59 1654.6 331.635 9173.72 40.442 1107.75 809.559 458.24 453.644 8986.71 8966.7 6170.54 2331.95 180.475 3838.59 2236.66 1255.96 2151.48 2796.16 2735.25 1014.33 1720.92 267.198 980.701 474.559 506.142 475.677 427.065 779.566 2043.15 1601.93 597.775 187.004 28.1861 16.7585 4.59699 1004.16 60.9152 387.335 175.616 111.965 63.6513 48.1747 192.145 426.69 87.4553 37.4027 12.9301 422.817 965.454 743.787 221.667 168.092 2037.44 1998.66 38.7046
internal_count=2229010 1497261 1496814 731749 677473 244243 551330 54276 6246 1252571 87886 25829 20035 11155 10862 1247083 1205248 582068 291938 51124 290130 128951 77816 240814 623180 602096 259623 342473 5635 51135 26915 24220 23741 26125 57472 463444 161179 66643 5488 870 588 293 94536 21084 23863 7731 4476 3255 2905 113096 10716 1844 854 418 46929 93065 70491 22574 17640 463369 454284 1471
cat_boundaries=0 1 2 3
cat_threshold=4 4 226
is_linear=0
shrinkage=0.05


Tree=87
num_leaves=63
num_cat=18
split_feature=23 38 21 38 38 21 38 21 23 45 38 26 48 59 21 38 57 38 38 38 39 38 26 38 59 39 38 39 39 21 46 46 20 21 57 46 38 46 20 21 38 22 46 46 20 23 25 21 41 38 39 22 44 46 22 45 38 26 57 17 47 38
split_gain=15.8286 28.1561 15.9987 16.207 15.3033 15.1676 20.0186 13.3321 11.4709 15.6711 11.231 10.6324 10.274 9.79611 10.5065 9.91324 10.4669 9.15609 9.07664 8.55014 7.74626 14.4883 9.01311 11.6698 7.71735 10.3078 10.8944 13.9664 10.3067 7.98951 10.1769 8.47591 7.68894 12.8963 7.34759 7.31998 8.31643 7.16878 10.1438 7.68432 7.13644 9.14405 8.38465 7.03307 7.0215 9.26398 8.50647 6.97006 6.90279 10.8199 6.88161 9.79282 9.11637 8.7845 8.38873 10.5882 7.76566 6.86013 9.8806 6.81987 8.59017 10.8749
threshold=0.65245473384857189 0 35.500000000000007 1 2 17.500000000000004 3 43.500000000000007 0.56378778815269481 25.500000000000004 4 0.24493893980979922 4.5000000000000009 0.20942982286214831 311.50000000000006 5 1.0000000180025095e-35 6 7 8 4.5000000000000009 9 0.21416040509939197 10 0.73214286565780651 2.5000000000000004 11 6.5000000000000009 6.5000000000000009 5.5000000000000009 37.654216766357429 62.712190628051765 6.5000000000000009 198.50000000000003 1.0000000180025095e-35 56.783935546875007 12 22.315975189208988 13.500000000000002 74.500000000000014 13 7.6282894611358651 54.73506164550782 48.370580673217781 27.500000000000004 0.49219426512718206 2.5000000000000004 514.50000000000011 14 15 1.0000000180025095e-35 47.038461685180671 63.500000000000007 30.074732780456547 83.071430206298842 31.500000000000004 16 0.61556267738342296 1.0000000180025095e-35 26.500000000000004 157.50000000000003 17
decision_type=10 9 10 9 9 10 9 8 10 10 9 2 8 2 10 9 2 9 9 9 2 9 2 9 2 2 9 2 2 8 10 10 2 10 2 10 9 10 2 10 9 8 10 10 2 10 10 8 1 9 2 10 2 10 10 8 9 2 2 2 2 9
left_child=1 7 4 11 -2 6 24 -1 18 17 -6 20 -8 32 15 16 -15 -10 -7 -9 22 -22 23 -4 25 29 27 -27 44 30 -3 -32 -5 48 -30 36 -11 38 39 -25 -26 42 -42 -19 45 -28 -46 59 49 -34 -24 52 56 -54 -53 -56 -52 58 -43 60 -13 -62
right_child=2 5 3 13 10 8 12 19 9 35 -12 47 -14 14 -16 -17 -18 43 -20 -21 21 -23 50 37 40 26 28 -29 34 -31 31 -33 33 -35 -36 -37 -38 -39 -40 -41 41 57 -44 -45 46 -47 -48 -49 -50 -51 51 54 53 -55 55 -57 -58 -59 -60 -61 61 -63
leaf_value=-0.019613654832494824 0.010331997103673695 -0.015027927810483092 0.0019962580181678217 -0.00039649420981548888 -0.014487870840831252 0.0078228344686095703 -0.01049446758433939 -0.024261118933859387 -0.0070727949744653629 0.012939805964590392 0.0026982875977656145 0.00049599992224550816 -0.00082790176131395494 0.0223734706851039 -0.017690353616343607 0.0040012314311393144 -0.043577768636925265 0.013109447827874774 0.00048629955240808763 -0.0029044622976736462 0.014374114216835611 -0.0066186794304075817 -0.0071011590114453032 -0.023435709931652338 0.015058898952012116 0.0098618017059885765 -0.022009313359262178 -0.01714391791137659 0.0013237031502006148 0.0014267651892981841 0.0030381388408988377 -0.015280053890887296 0.008068759822571013 0.043221092108791999 -0.042332604105444371 0.0062092666582136899 -0.030499405841591005 -0.0082393891235856241 0.052693264475944371 0.0040522618517363418 -0.09146729817715353 0.0026346253316657099 0.0046378274696355021 -0.010581047995328656 0.0070944962500180814 -0.069698417675172417 -0.033589773519297803 -0.056741036358951225 0.0072483494288237086 -0.019493640764566045 0.020119130751814956 -0.047145057416224927 -0.079656243483078606 -0.011160447532190584 0.01462275939279886 -0.05725973232262227 -0.017830393652324802 0.020303902277828214 -0.030126371158896388 0.012096949064511024 -0.022682456534066225 -0.0015750580868082922
leaf_weight=287.32647114772681 693.34036622200438 181.22768437164086 602.94340676120191 1356.5757976897439 87.170363565470325 937.57685158210734 934.56702163809496 43.897792898006628 186.1956150535334 10.954415928747038 3384.7775039367807 3628.7945658057579 389.49387086686693 199.08568542114517 31.577075490884454 234.13649660495139 5.3044189532229202 156.38867164330441 774.15502374054267 391.42275184617756 143.22611417929875 167.24882237381098 218.56257140016533 29.268919822912721 123.46597897864194 151.94175222598278 143.05920983203032 68.696775099844672 120.62755603176629 2004.2062605973642 308.87404116783182 78.312902042081987 65.065721275212127 21.666370466518856 9.4704204125737288 20.014236528761103 77.085872682378977 1013.7935487233481 8.4691981711075623 157.88085655034592 3.9864831155864513 341.62962704396341 3.9966689291177318 38.309908616087341 41.646245225216262 10.291484024040981 17.421427386929281 4.3821489526890209 529.23925912913546 59.025644883731729 25.143424239126034 44.439527494745562 5.7610786153527469 16.583878983670729 15.017983800382355 6.5628506210632613 12.158043683273716 48.315746512613259 23.672360098702484 115.90069134061923 81.014855149187497 201.63733793636493
leaf_count=138866 48829 18618 46761 216702 16084 71265 275021 116549 16469 1836 116549 120367 67797 11865 3928 19383 2319 12502 109014 172229 18076 21742 15457 2981 6519 9277 18974 5425 9945 130984 23131 6228 7832 1428 2411 1621 5559 196526 260 17654 288 13848 122 4534 1346 667 1604 218 65195 7306 1092 4117 440 1410 850 873 1157 882 1936 984 4992 11402
internal_value=0 -0.00178484 0.00104287 -0.00014292 0.00360459 -0.000830945 -0.00235314 -0.0111168 0.00262663 -0.00412162 0.0022224 -0.00145916 -0.00759633 0.00326837 0.00977795 0.0117916 0.0195082 0.000661477 0.00455552 -0.00573135 -0.00404607 0.00332962 -0.00510897 -0.00369606 -0.000443684 -0.00139975 -0.00752045 0.00135299 -0.012888 -5.75108e-05 -0.00528432 -0.000696739 0.00177408 0.00613051 -0.0021529 -0.0208336 -0.026982 -0.00649605 0.00220435 -0.000348376 0.00504095 0.00168235 -0.0481932 0.00800851 -0.0200257 -0.0256406 -0.00526436 0.000120785 0.00483631 -0.00556141 -0.0125156 -0.0218022 -0.00693444 -0.031476 -0.0349307 -0.0088048 0.00820484 0.00279948 0.000435193 0.000196726 -0.000158893 -0.00853876
internal_weight=0 7928.23 13165.8 9000.47 4165.29 7205.58 5004.9 722.647 2200.68 488.949 3471.95 6498.79 1324.06 2501.68 470.104 438.527 204.39 380.894 1711.73 435.321 2467.06 310.475 2156.59 1812.36 3680.84 3135.78 563.155 220.639 342.516 2572.62 568.415 387.187 2031.57 674.997 130.098 108.055 88.0403 1209.41 195.619 187.15 545.067 421.601 7.98315 194.699 212.418 153.351 59.0677 4031.73 653.331 124.091 344.229 125.667 59.6464 22.345 66.0204 21.5808 37.3015 413.618 365.302 4027.35 3911.45 282.652
internal_count=2230246 1245467 984779 803317 181462 817823 595023 427644 222800 42521 132633 467359 342818 335958 37495 33567 14184 33505 180279 288778 329396 39818 289578 264182 252205 228610 49649 14702 34947 178961 47977 29359 298463 81761 12356 9016 7395 217421 20895 20635 23595 17076 410 17036 22591 19641 2950 137963 80333 15138 25396 9939 4099 1850 5840 1723 2249 16666 15784 137745 136761 16394
cat_boundaries=0 2 4 6 8 10 12 14 16 18 20 22 24 26 27 28 30 32 34
cat_threshold=2316830968 165823437 1390589766 865457448 268470016 805637376 1094735362 838870050 151802035 68293125 2820161584 4326022 279363840 570799138 1357293056 33886208 2120 29376512 33727490 1409288 1088430336 268435456 512 268435490 75547392 328720 20972032 18 67387440 69863441 2101764 302026784 8396800 268505376
is_linear=0
shrinkage=0.05


Tree=88
num_leaves=63
num_cat=15
split_feature=55 51 21 38 27 38 17 22 39 38 38 58 38 1 59 38 57 39 26 38 39 44 8 21 38 45 41 38 38 58 39 38 21 46 44 48 3 22 38 26 34 26 45 59 18 39 0 3 46 26 38 46 47 41 21 25 44 26 47 27 46 44
split_gain=18.9259 14.6904 16.6777 15.934 10.1089 12.3554 9.11467 8.92327 8.73049 9.546 8.6768 8.49751 7.7355 7.30696 6.75899 14.5609 13.5785 10.8437 9.42813 9.16846 10.8905 21.6121 11.6711 6.72055 12.4382 7.00854 6.60653 6.44506 6.35858 15.5163 14.4815 10.6948 8.57929 10.2958 8.18014 8.73148 6.28851 6.18206 10.0605 6.90612 6.15304 6.09495 6.28607 6.02977 9.91683 10.6186 10.1663 9.57874 6.50765 6.02244 5.95048 5.88075 5.85856 6.83017 6.07875 5.83441 5.81125 5.76534 5.8243 5.70327 6.88048 8.13342
threshold=237.50000000000003 0.13499999791383746 7.5000000000000009 0 15.500000000000002 1 21.500000000000004 15.779513835906984 5.5000000000000009 2 3 4.5000000000000009 4 147.50000000000003 0.46862745285034185 5 1.0000000180025095e-35 8.5000000000000018 0.30649213492870336 6 1.5000000000000002 9.5000000000000018 1.0056362152099612 323.50000000000006 7 145.50000000000003 8 9 10 2.5000000000000004 1.0000000180025095e-35 11 16.500000000000004 22.173997879028324 24.500000000000004 2.5000000000000004 0.18913550674915316 28.511904716491703 12 0.071550466120243086 9.5000000000000018 0.60038760304451 13.500000000000002 0.074175827205181136 59.500000000000007 1.5000000000000002 14414.023925781252 0.015825499780476097 37.202497482299812 0.50083056092262279 13 54.73506164550782 135.50000000000003 14 18.500000000000004 5.5000000000000009 172.50000000000003 0.19059891998767856 153.50000000000003 4.5000000000000009 30.708365440368656 42.500000000000007
decision_type=8 2 10 9 8 9 2 10 2 9 9 2 9 8 2 9 2 2 2 9 2 2 10 10 9 10 1 9 9 2 2 9 10 10 2 10 8 10 9 2 2 2 10 2 8 2 10 10 10 2 9 10 2 1 10 10 2 2 2 10 10 2
left_child=-1 2 3 8 6 -6 14 13 26 -10 -3 41 -8 36 16 49 23 27 19 20 21 -17 59 28 25 -25 -2 -18 30 32 50 34 33 -30 35 -32 -5 38 -34 -40 -27 42 -12 44 46 47 -33 -46 -45 -16 52 -11 -4 -54 -55 -36 -56 -35 -59 -23 61 -61
right_child=1 10 4 7 5 -7 12 -9 9 51 11 -13 -14 -15 15 18 17 -19 -20 -21 -22 22 -24 24 -26 40 -28 -29 29 -31 31 43 37 57 55 -37 -38 -39 39 -41 -42 -43 -44 48 45 -47 -48 -49 -50 -51 -52 -53 53 54 56 -57 -58 58 -60 60 -62 -63
leaf_value=0.033155363297651737 0.0030192173737869418 -0.0094311736708102313 0.002209377808676164 0.017286304871146789 -0.013879133277458988 -0.00069982827852455953 -0.00089845445058110522 -0.015573859079477906 0.0045300194113639513 -0.032526423469270628 0.0079900584809565172 0.043872858025580233 0.0076409385711564363 -0.015849649697167355 0.012974940496918545 0.034514432211252569 0.0091044290954110929 -0.040429965312118676 0.0033917767187172498 0.00059452062250509843 -0.0047021103547997788 -0.067254166216272768 0.030780753638655456 0.00058827720446828042 -0.016069264043431973 -0.03661255507642644 -0.0029094708484474776 -0.020857556063307327 -0.03870582271292148 0.016334624351241295 -0.025333560312089637 -0.018894629888421277 0.0147323270833793 -0.018265854845614379 0.021877821914014092 0.0042079377450809181 -0.0047240697640296156 0.00074020161030116172 -0.015376159788262421 0.0037854154821032244 0.056316586516076676 0.019880998014862733 -0.0004939000466351348 -0.0095714944747764593 -0.0026236332577915266 -0.014272697627887285 -0.078870196212188007 0.042552819337420555 0.00061478369493533816 -0.039133603269523545 -0.0042302296909004214 -0.0041882776631540618 -0.010661511977493265 0.0044220264701710947 -0.0049788303164845504 0.0037202695784084661 0.034399267024177921 -0.0070340388441178722 0.0058975431229085287 -0.044668068582458205 -0.051720128240526408 0.018443686095149889
leaf_weight=42.277092808100861 1004.8143320791705 81.996607234210387 3270.5912754450401 32.722117409146449 255.51344876042367 551.69740298135639 398.10502850747434 283.85637168342328 55.486727585666813 59.816331314679701 656.88223092256885 14.245563182514159 799.60725716792513 148.54071448748346 349.61069440522988 11.298316901680662 32.279771295921819 35.790652298346686 1598.2439238132647 569.83529439976155 205.17127873277059 18.852522008935921 4.9293012121197526 139.57325286329797 166.24536387243279 1.4447402423247684 863.49510223258858 20.924534721827513 21.422091160922719 169.83547819883097 44.156319678178988 119.12404591715858 209.58018133651058 58.699421049857847 56.406526464852504 55.535912915664085 883.03227634856648 3366.5893573380017 50.434794437343953 548.94841189095314 8.9683102628332545 75.094885682337917 326.62002745151403 255.17819276762748 299.93332662547982 280.30315662895737 6.6675262185744932 11.209855551012877 403.8825730788958 4.6902459387783884 566.11090107242671 26.660495213429385 179.96508175288182 386.20770303140307 435.95934189143009 195.49861595316179 8.5859745334309974 200.88159233269835 152.14840368116711 8.1305244246323145 20.507177374573075 10.694911068800137
leaf_count=581 86294 14231 124451 2070 107962 194294 7293 114161 8650 6629 33389 392 9350 181094 19479 399 5029 13872 44567 45671 19435 1520 401 25141 27665 133 79051 8351 3695 9761 5109 8614 18704 25588 3035 6765 198860 374054 9663 40351 672 707 18541 12394 27208 39931 133 862 22342 310 92215 2202 9385 15056 24665 27517 545 22375 20456 1384 3998 1186
internal_value=0 5.6371e-05 -0.000261527 -0.00347379 0.000389866 -0.00506398 0.000669532 -0.00765167 -0.000628394 -0.0125403 0.00553654 0.00671353 0.00486041 -0.00559795 0.000324503 0.00253087 -0.000201403 -0.0195486 0.0011256 -0.00312412 -0.0103314 -0.0269541 -0.0383245 -5.22005e-05 -0.00723015 0.00344482 0.000279593 -0.00501492 0.000148342 0.00153431 -0.00086 -0.00479009 0.000988805 -0.00570117 0.00298096 -0.00899842 -0.00391959 0.00168399 0.0056059 0.00211492 0.041345 0.00623591 0.00517491 -0.0067487 -0.00996796 -0.0072326 -0.0226706 -0.000864907 -0.00333771 0.0118436 0.000539834 -0.0214819 0.00117854 -0.0021444 -0.000158661 0.00785653 -0.00414278 -0.00389433 -0.00145989 -0.0446001 -0.0323435 -0.00969187
internal_weight=0 21079.2 19924.4 3358.42 16566 807.211 15758.8 1348.15 2010.27 141.964 1154.84 1072.84 1197.71 1064.3 14561 2801.96 11759.1 88.995 2447.66 849.419 279.584 74.4128 63.1144 11670.1 316.232 149.986 1868.31 53.2043 11353.9 4778.54 6575.32 1727.9 4608.7 433.152 351.597 99.6922 915.754 4175.55 808.963 599.383 10.4131 1058.6 983.502 1376.3 717.238 591.446 125.792 311.143 659.061 354.301 4847.42 86.4768 4281.31 1010.72 830.753 251.905 444.545 411.729 353.03 58.1851 39.3326 18.8254
internal_count=2229838 2229257 2161997 679011 1482986 302256 1180730 496185 182826 17481 67260 53029 16643 382024 1164087 138350 1025737 27252 118561 73994 28323 8888 8489 998485 53611 25946 165345 13380 944874 524647 420227 153910 514886 72114 42426 11874 200930 442772 68718 50014 805 52637 51930 111484 76748 68001 8747 28070 34736 19789 266317 8831 174102 49651 40266 30552 25210 68419 42831 8088 6568 2570
cat_boundaries=0 2 4 6 8 10 12 14 16 17 19 21 23 25 27 28
cat_threshold=1632633124 18887342 2215407670 294011138 1090519332 16777736 135397633 6307842 836821888 36245696 421019682 4340418 1075847237 537232641 3056221737 402716511 90 77628928 34123032 4039806146 195981886 2147517632 532496 83886080 541100224 1355284610 36048928 64
is_linear=0
shrinkage=0.05


Tree=89
num_leaves=63
num_cat=14
split_feature=21 59 38 38 44 20 38 55 26 38 21 38 22 38 57 58 38 46 44 47 46 38 22 22 27 47 45 38 41 22 46 27 22 26 46 21 26 51 38 38 40 46 26 21 22 21 21 20 20 45 49 21 48 47 8 57 34 46 20 21 3 44
split_gain=15.6936 12.9831 13.9331 12.293 12.3257 11.3127 10.475 9.42135 9.81334 13.0818 11.1724 9.96643 8.56369 13.8747 8.53019 10.5646 14.2433 10.9507 14.1428 10.5844 9.79775 11.5177 9.78329 16.7816 13.3979 10.631 9.67902 9.65361 9.1368 14.7397 9.84293 8.991 8.95904 8.59417 11.7163 12.2398 11.1897 8.33933 11.7365 8.27772 13.2303 8.75737 8.1028 8.05564 10.0658 7.99686 7.98032 18.7268 26.0785 7.98689 8.16753 11.8981 10.5723 9.81199 7.88336 7.81002 7.68478 8.36514 7.96782 7.52932 7.26079 7.31112
threshold=4.5000000000000009 0.57738095521926891 0 1 3.5000000000000004 7.5000000000000009 2 134.00000000000003 0.078753639012575163 3 51.500000000000007 4 320.50000000000006 5 1.0000000180025095e-35 1.5000000000000002 6 25.773125648498539 147.50000000000003 119.50000000000001 24.687916755676273 7 72.062500000000014 23.19615459442139 1.5000000000000002 79.500000000000014 6.5000000000000009 8 9 83.071430206298842 19.383268356323246 8.5000000000000018 95.083332061767592 0.55578610301017772 33.568235397338874 41.500000000000007 0.35732790827751165 0.13499999791383746 10 11 12 37.336120605468757 0.08626891672611238 99.500000000000014 76.816669464111342 8.5000000000000018 48.500000000000007 8.5000000000000018 19.500000000000004 43.500000000000007 13 36.500000000000007 3.5000000000000004 42.500000000000007 0.69645729660987865 1.0000000180025095e-35 4.5000000000000009 20.167246818542484 4.5000000000000009 39.500000000000007 0.21876600384712222 25.500000000000004
decision_type=10 2 9 9 2 2 9 8 2 9 10 9 10 9 2 2 9 10 2 2 10 9 10 10 10 2 10 9 1 8 10 10 10 2 10 8 2 2 9 9 1 10 2 10 8 10 10 2 2 8 1 10 8 2 8 2 2 10 2 10 8 2
left_child=3 7 -3 55 -5 -6 -4 -2 9 -9 11 -11 37 -14 15 16 19 22 31 20 28 33 23 24 -18 56 -20 -16 -8 30 -30 -19 -24 34 35 36 -22 39 -39 40 42 -42 -10 -21 -45 -28 49 -48 -49 50 53 52 54 -23 -52 -1 59 -58 -59 -25 -7 -62
right_child=1 2 6 4 5 60 14 8 12 10 -12 -13 13 -15 27 -17 17 18 26 43 21 46 32 25 -26 -27 45 -29 29 -31 -32 -33 -34 -35 -36 -37 -38 38 -40 -41 41 -43 -44 44 -46 -47 47 48 -50 -51 51 -53 -54 -55 -56 -57 57 58 -60 -61 61 -63
leaf_value=-0.00026202087308980609 0.031692740372072294 0.023121361080081355 -0.011061639683740174 -0.0025376672382632546 -0.021704466852521597 0.031031756013162021 0.026473831187117304 -0.01134199273551674 0.014362086999593876 0.0048229207634822987 0.0020151871766942108 -0.027285725774307708 0.031510632774354133 -0.017960864363303974 -0.026839795652534488 0.0083291196063744726 -0.069211411181855406 0.0027079945091256991 -0.08967388842224977 0.017093161846368745 0.051309652130773001 -0.06070634354596937 0.025534414190474766 -0.020958398355102253 0.023928337170814898 -0.09637783287672326 0.025241780058582148 9.4568086466678916e-05 -0.038201858009695534 -0.075628773625219359 0.016629060422694866 -0.027535368695603357 -0.027390592380739365 -0.049086412262888658 0.028512998093088344 -0.066675250129026267 -0.03294701804384205 -0.013485691694294605 0.0071621900474945106 0.00044842152354301787 0.0083334771214941313 -0.0034873165634771381 -0.0083294370335895464 -0.074143665383016075 0.032016276635940859 -0.065880923075458828 -0.012112826826704379 -0.12212009611908295 0.028229770047907551 0.055350801031147014 0.0042102943667055494 0.020645598850024274 -0.0059790537602309119 0.010573408907789036 -0.1118088352293698 -0.026160901108198853 0.023016373660158754 -3.8195128870932679e-05 -0.080422157650928888 -0.1004452118792957 0.022441250514992548 -0.010726172468165533
leaf_weight=1472.1091007508712 22.532355850329623 81.051473313127644 112.32592985439624 496.17979639317855 231.48119300224607 11.428657855980417 48.213353597966488 416.98745197209246 40.322355119204985 39.502901619045588 648.148790586225 54.975182373873395 37.981946627907746 14.401392742234746 32.957665626396192 1074.5717001948469 3.9019223677460131 346.9267380158708 6.3741265479911808 212.82716083520063 7.238854982802879 4.3151380667695767 17.444863560202069 6.3760920462664235 17.230813760950696 8.9075515311560576 5.4794246003875724 146.18855946249096 9.1773545429459755 5.1869444597978136 41.124189509806456 25.442752468083199 13.122988100789369 4.5510833896696559 50.213400600143359 6.6220436692819922 6.6179196194279939 66.642206315249496 718.92630207197908 12614.230742889806 297.75422981487282 328.62263322769286 867.12081333587594 4.4953927377937353 3.0100868373119738 2.8574774980952498 41.850740790687269 8.9636837959988025 3.6031376952305427 4.272198843304067 1.6725738234817971 5.194640891510061 5.4939753055514311 52.075463855377166 7.7692989887436861 28.696927524622879 8.2077504172921198 6.1652058411273156 5.1677693509263918 5.9674341117497534 17.057334645345691 217.03504397046709
leaf_count=238421 300 2622 21795 66201 242163 1047 928 166488 9052 14712 136379 32599 4046 5601 6564 33874 114 9570 703 7515 222 160 426 110 450 815 101 9395 344 473 883 4431 1047 167 1458 585 166 10045 21093 937339 21406 42481 110465 645 408 219 2212 499 32 40 17 77 206 1424 495 4561 228 188 252 176 1607 51856
internal_value=0 0.000593958 0.00397634 -0.00364374 -0.00798158 -0.0137942 0.00320438 7.887e-05 3.27905e-05 -0.00439654 -0.000329676 -0.0163033 0.000375802 0.0203663 0.00396098 0.004877 0.00121429 -0.00499486 -0.00138573 0.00675161 0.000974143 -0.00522278 -0.0204569 -0.0317318 0.00438103 -0.0500977 -0.0478548 -0.00646669 0.01348 -0.00234957 0.00607568 0.000573354 0.00266543 0.00987101 0.0156752 -0.0156646 0.01156 0.000304321 0.00531525 2.57336e-05 -0.00342909 0.00213614 -0.00730644 0.0152527 -0.0328095 -0.0097015 -0.0133758 -0.0289775 -0.0801087 -0.0042769 -0.00827701 -0.0282735 -0.0632574 0.00353945 -0.0928217 -0.000769202 -0.0346308 -0.0138442 -0.0402416 -0.0640338 -0.00627845 -0.00822422
internal_weight=0 18629.3 2461.16 2473.99 973.182 477.002 2380.11 16168.1 16145.6 1159.61 742.627 94.4781 14986 52.3833 2267.78 2088.63 1014.06 479.573 387.081 534.489 314.156 210.454 92.4924 61.9245 21.1327 40.7918 14.711 179.146 103.702 55.4885 50.3015 372.369 30.5679 75.2433 70.6922 20.4788 13.8568 14933.6 785.569 14148.1 1533.82 626.377 907.443 220.333 7.50548 8.3369 135.211 54.4176 12.5668 80.7933 76.5211 20.1305 14.9358 56.3906 9.44187 1500.81 31.8843 19.5407 11.333 12.3435 245.521 234.092
internal_count=2229898 1624042 112036 605856 362874 296673 109414 1512006 1511706 350178 183690 47311 1161528 9647 87619 71660 37786 18830 15024 18956 10388 7760 3806 2333 564 1769 1023 15959 2628 1700 1227 14001 1473 2598 2431 973 388 1151881 31138 1120743 183404 63887 119517 8568 1053 320 5162 2743 531 2419 2379 795 718 1584 512 242982 954 668 440 286 54510 53463
cat_boundaries=0 2 4 6 8 10 12 14 16 18 19 21 23 24 25
cat_threshold=152567808 10434 1797017906 52896447 41984321 747143173 2034549328 331277320 2147628044 742458208 3547357477 811697843 3494118422 269551120 4457478 66048 1344274432 268435456 96 135397665 6423042 186125314 167919756 512 5
is_linear=0
shrinkage=0.05


Tree=90
num_leaves=63
num_cat=15
split_feature=59 38 23 47 38 38 26 23 27 17 38 39 46 38 47 38 45 39 20 38 26 27 26 47 25 56 26 25 46 5 38 26 46 46 38 18 22 39 39 26 46 22 38 42 8 0 42 26 18 22 34 56 38 47 38 18 38 46 47 34 3 7
split_gain=14.333 16.3689 13.7872 15.2373 13.0956 9.05392 11.3284 8.14113 8.74084 7.88116 7.62582 16.7473 10.2592 10.0423 8.19735 7.93414 9.01322 7.5134 11.2852 7.20696 6.85837 6.87595 6.88456 6.842 8.10434 6.33701 6.23479 6.18721 7.81381 6.18708 7.93951 7.23897 6.94527 6.03125 5.83905 8.63918 6.91799 6.05033 6.84211 20.4255 14.3271 6.95391 7.18528 6.50276 6.37741 7.28131 5.67685 5.52652 6.22862 5.35195 6.61661 5.35064 7.47534 5.88961 12.9062 8.3042 6.96515 6.42724 5.35751 7.66347 5.33496 5.54608
threshold=0.40588235855102545 0 0.16198525577783587 44.500000000000007 1 2 0.19059891998767856 2.1404588222503667 2.5000000000000004 9.5000000000000018 3 1.0000000180025095e-35 42.87512397766114 4 28.500000000000004 5 52.500000000000007 7.5000000000000009 12.500000000000002 6 0.23817513883113864 6.5000000000000009 0.15397226065397265 11.500000000000002 6.5000000000000009 7.5000000000000009 0.12249900028109552 10.500000000000002 37.095058441162116 4.1645500659942636 7 0.038544075563550002 24.411779403686527 35.748968124389656 8 176.50000000000003 53.683334350585945 6.5000000000000009 1.0000000180025095e-35 0.34791304171085363 29.815777778625492 14.402380943298342 9 10 0.95847657322883617 1896.4754028320315 11 0.41196343302726751 17.500000000000004 98.633331298828139 20.500000000000004 6.5000000000000009 12 52.500000000000007 13 17.500000000000004 14 22.507261276245121 54.500000000000007 19.000000000000004 0.091392997652292265 34.500000000000007
decision_type=2 9 10 2 9 9 2 10 8 2 9 2 10 9 2 9 10 2 2 9 2 8 2 2 10 2 2 10 10 8 9 2 10 10 9 10 10 2 2 2 10 10 9 1 10 8 1 2 10 10 2 2 9 2 9 10 9 10 2 2 10 10
left_child=2 7 3 19 -3 33 -7 8 25 10 11 -4 13 17 -14 -16 -17 18 23 -1 21 -10 -23 -13 -25 -2 -15 28 -26 30 32 -31 -12 -5 47 37 -37 38 -36 41 -41 -40 44 -42 -43 -46 -30 -11 -49 -35 -51 53 -53 54 57 -56 58 -33 59 -55 -34 -62
right_child=1 4 9 5 -6 6 -8 -9 20 34 29 12 14 26 15 16 -18 -19 -20 -21 -22 22 -24 24 27 -27 -28 -29 46 31 -32 51 60 49 35 36 -38 -39 39 40 43 42 -44 -45 45 -47 -48 48 -50 50 -52 52 -54 56 55 -57 -58 -59 -60 -61 61 -63
leaf_value=0.0019237536044761625 -0.0613306204774468 0.015258517846299759 -0.00032195331964954532 0.0085772005489937499 0.0028356716355176187 -0.025673039252171015 -0.0088955632636560557 0.0062102128018616982 -0.043721568763937568 -0.0017821394830515942 -0.01811675977826618 0.019135763874604882 -0.058791510524554648 -0.01006201417146204 -0.011876906189886433 2.006765094031548e-05 0.026423653261492232 -0.00266448206902698 -0.0055847633585075149 -0.0056692838057041828 0.00067495383175296419 -0.022012437829731567 0.0052392945070307553 -0.037796957811921356 -0.017400126445790736 0.02759005772874313 0.004319230871824108 -0.031634222943836852 -0.034611486527660759 -0.013180911181449498 -0.0022029040023347417 -0.017520360857123839 0.034416411476915397 -0.015175964150649635 0.0046093587005580769 0.0032708498898698108 0.036014768219419686 0.013983427567029881 -0.035277943840993871 -0.071504280322460562 -0.039538945389639868 0.019119438001635344 -0.0048365281949618024 -0.0074133635220768575 0.021381837181173743 -0.022095893176931593 0.042191102370999281 0.0086610405782649429 0.00033960552519248562 0.037399658889743129 -0.013605825338013947 -0.0070348425016769972 0.015996965242483643 -0.024782288219683941 0.00062843521652460326 0.0085795793980907361 0.0014632968393417977 -0.0017453700791933474 -0.0019750161854266853 0.032986487796670537 -0.02122201725327344 0.026924094419853013
leaf_weight=704.3709762511462 13.000539625472809 216.24511623472063 2502.6842568722077 83.279163563130169 3625.8759997057459 160.8309734985296 270.76787826143118 66.32272491860931 20.948965689662145 1361.0335293675744 9.297725786760564 6.9333885857486157 5.259043305006343 201.88304743391109 116.24015358099678 315.10686256101144 35.016190301459574 67.570478527894011 82.89405653168069 546.22229973321555 78.463392286175804 65.612560954459695 35.038142910900206 115.33333896576369 31.734172463940922 1.7484808996086929 119.17913332050375 37.438748821219633 2.2229501448455267 102.3727157349158 83.647051225227187 96.311978535100934 54.56637553631117 83.544906432865901 1004.0692431534953 28.586633230006555 36.679661343325279 124.51531920350681 9.7722971868934092 12.081965290941296 19.807362822728464 109.49393239137498 96.324741970509422 67.676030601782259 15.24512004117423 22.711563477962045 10.652400947539716 334.90515953977592 680.56041487577022 11.347710795518653 12.313239174254702 46.583683716722589 103.67591481138516 46.362785692908801 635.98957889810845 678.31393276349991 2049.7257432810311 192.66843260520182 3356.2646995189043 5.6563555646571322 10.03572160145268 12.112035878002642
leaf_count=90638 1220 10226 283521 68112 170333 211527 52094 9426 3312 48568 643 177 704 63817 43581 52140 3556 5377 5842 119612 8334 47981 5975 9211 5611 51 16971 12091 487 28475 20755 8267 5064 58833 29073 1155 855 3682 880 178 322 3261 7355 813 477 889 1230 5076 11849 3317 13453 6061 9818 2265 36834 13402 295879 17560 290285 749 170 118
internal_value=0 0.00272344 -0.000563597 -0.00460836 0.00357643 -0.0109965 -0.0148492 -0.00872283 -0.013745 -6.02738e-05 -0.00073934 -0.00260889 -0.00761492 -0.01156 -0.00194907 -0.00118365 0.0026529 -0.0172288 -0.021232 -0.00142447 -0.0108598 -0.0182475 -0.0125675 -0.0275222 -0.0292493 -0.0497066 -0.00458447 -0.0169237 -0.00415488 0.000176017 0.00958734 -4.33345e-05 0.0190148 -0.00138724 0.00186643 0.00424356 0.0219387 0.00347847 0.0025051 -0.00347442 -0.0225449 0.0040735 0.00578868 -0.0150517 0.0122183 -0.00453267 0.0273922 0.000298813 0.00308987 -0.00926371 0.0113808 0.000144964 0.00944981 -5.43473e-05 0.002609 0.0046997 -0.000837036 -0.00681032 -0.00221825 -0.0179971 0.0261371 0.00513352
internal_weight=0 4123.26 16929.9 1872.68 3842.12 622.084 431.599 281.135 214.812 15057.2 11133.7 3650.15 1147.46 675.842 471.622 466.363 350.123 354.78 287.209 1250.59 200.063 121.6 100.651 204.315 197.382 14.749 321.062 82.0483 44.6095 7483.58 169.659 7313.93 86.0119 190.485 3923.46 1546.96 65.2663 1481.7 1357.18 353.113 99.5654 253.548 243.775 87.4834 147.451 37.9567 12.8754 2376.5 1015.47 107.206 23.6609 7211.55 150.26 7061.29 1603.28 1314.3 5458.01 288.98 3408.28 52.0191 76.7141 22.1478
internal_count=2229538 256858 1972680 617586 180559 407336 263621 76299 66873 1355094 1240661 504316 220795 120814 99981 99277 55696 40026 34649 210250 65602 57268 53956 28807 28630 1271 80788 19419 7328 736345 26750 709595 5995 143715 114433 48940 2010 46930 43248 14175 1313 12862 11982 1135 4627 1366 1717 65493 16925 75603 16770 681120 15879 665241 76063 50236 589178 25827 293299 3014 5352 288
cat_boundaries=0 2 4 6 8 10 12 14 16 18 20 21 22 24 26 28
cat_threshold=33568845 630817049 2366128130 4203202 705713282 386187038 442243442 62152270 273154050 36704260 303038512 25182796 1368154164 678920239 75498632 134815760 989347841 439071031 3288347676 3584 2 2 1677911168 473964545 2147534468 671752320 1168114817 4268336
is_linear=0
shrinkage=0.05


Tree=91
num_leaves=63
num_cat=10
split_feature=21 16 20 38 44 38 21 57 2 26 38 59 23 38 6 21 41 21 52 46 45 23 58 23 27 22 22 38 46 38 58 47 21 47 23 23 58 57 38 23 57 26 27 45 49 23 44 38 18 45 22 23 30 22 21 22 48 46 44 21 25 21
split_gain=15.0948 15.1314 11.1089 11.8626 10.6108 12.8374 9.96042 9.06206 8.40094 8.32091 7.69424 7.28747 7.02745 6.89513 6.98181 6.59102 9.40486 9.29857 12.5926 14.2625 8.00083 8.35332 8.30438 6.9095 8.54023 7.4619 6.66449 6.56067 6.42189 6.35344 6.12139 5.88576 5.60426 5.56896 5.76446 7.0497 5.48963 9.45469 6.03984 8.18122 5.34883 5.26189 5.80055 5.86072 5.25034 10.0217 13.4055 8.24492 7.32169 5.45864 5.30536 5.68104 5.24127 5.13915 7.27274 5.67717 7.29495 9.84341 5.9046 6.72987 8.23566 7.405
threshold=1.5000000000000002 1.5000000000000002 13.500000000000002 0 12.500000000000002 1 21.500000000000004 1.0000000180025095e-35 1.9669499993324282 0.58544605970382702 2 0.84523808956146251 0.64447286725044262 3 0.25936549901962286 19.500000000000004 4 45.500000000000007 1.0000000180025095e-35 57.220951080322273 23.500000000000004 0.73257943987846386 1.5000000000000002 0.29421643912792211 1.5000000000000002 48.379808425903327 27.021739006042484 5 42.87512397766114 6 1.5000000000000002 90.500000000000014 5.5000000000000009 222.50000000000003 0.15687964856624606 0.12295823171734811 2.5000000000000004 1.0000000180025095e-35 7 1.0930581688880923 1.0000000180025095e-35 0.477826938033104 3.5000000000000004 1.5000000000000002 8 1.0930581688880923 20.500000000000004 9 14.500000000000002 6.5000000000000009 40.607690811157234 0.4989559948444367 0.83820000290870678 149.29166412353518 255.50000000000003 19.868817329406742 2.5000000000000004 28.086530685424808 90.500000000000014 50.500000000000007 3.5000000000000004 28.500000000000004
decision_type=8 2 2 9 2 9 8 2 10 2 9 2 10 9 10 10 1 10 2 10 10 10 2 10 10 10 10 9 10 9 2 2 10 2 10 10 2 2 9 10 2 2 10 10 1 10 2 9 10 10 8 10 2 10 10 10 10 10 2 10 8 10
left_child=28 2 3 -2 5 -3 -5 29 9 10 36 32 -4 14 -10 23 -17 18 19 20 21 -18 -23 24 -11 31 -22 40 -1 -8 -31 -26 33 34 35 -12 -6 38 39 -38 -14 42 43 -13 47 48 -47 -44 -46 50 51 -49 -9 55 -55 56 -34 -58 59 61 -61 -59
right_child=1 4 12 6 8 -7 7 52 13 15 11 41 27 -15 -16 16 17 -19 -20 -21 26 22 -24 -25 25 -27 -28 -29 -30 30 -32 -33 53 -35 -36 -37 37 -39 -40 -41 -42 -43 44 -45 45 46 -48 49 -50 -51 -52 -53 -54 54 -56 -57 57 58 -60 60 -62 -63
leaf_value=-0.035999815845648618 -0.0011387328109602815 0.011499705132133321 -0.0020654653708840598 -0.018618070425615123 -0.0013966907323583358 -0.0036670001321616528 -0.01423644633303945 0.031030858270555801 0.025387158956284534 0.0075565501125191715 -0.020748271033289162 0.025577093241527946 0.0080296749337059378 -0.0040788502491816026 0.0066388213177195343 0.0078960573225075239 -0.006789612337666142 0.0041902467704533625 -0.085004146669803826 0.010434367553068313 0.0053070433135340538 -0.097492092190324023 -0.016538797424375792 0.010957831805219725 -0.087794369662866745 0.01751913632166013 -0.042881699774441139 -0.00056522540230623838 -0.010358948775909165 -0.0042958899063613651 0.0063467999656959791 -0.023207829069035672 0.015089321454713185 0.0010588619644236281 -0.032518136359949178 0.02830409546745602 0.0066970563397414978 -0.019755938527591842 0.011480969659523617 -0.024497271986653291 -0.028043926227560492 0.023138462227769739 0.023203343631811577 -0.0096267956255513178 -0.044277664854977666 0.036278770463575395 -0.06417136461241664 -0.01879028975528349 0.016167928184007276 -0.023954608973429173 -0.025741624067871973 0.037851475672640855 -0.042236517109319312 0.015346759133698271 -0.01934788563410951 0.0002973775716640743 -0.05304300847601584 0.0081531435429020929 -0.0015277325480080005 -0.078673229971761682 0.0020173550572179025 0.036042799987903357
leaf_weight=32.638229315595709 6251.8574298851536 489.49917342168919 612.72435438765206 138.55069690981054 5109.2773194739148 191.75644818902947 135.59719144980045 2.0168348289953455 84.206382041775214 68.892391919158399 18.736086428696584 12.946387251955455 706.27153976903355 71.679812908498207 121.45131754515751 160.25199016695842 7.1742233743425485 73.302524658967741 5.8562284947838625 34.63821525714593 18.7843901332235 9.9455240806564671 5.1249503189465022 479.20415837288601 3.375621686573143 8.8405913824681175 10.424985363613812 405.27141870036212 94.336683928599086 1339.9362231631076 149.36207867546182 26.803080411948031 153.87541497098573 70.510245375666273 35.226110543226241 10.654458054341374 61.806520591300796 34.08976924335002 237.63854398818512 30.623933739974746 9.4720186721569899 53.464641542086611 99.414668232653639 77.288695902214386 4.7276147883676449 3.8639104046160346 10.872604107949881 5.3840197688878169 40.404658083847607 18.345517274494341 6.6576986478321478 15.243080644257132 21.431930741899123 121.01078814232096 16.371426960235112 2630.2587476343269 6.8911810271092682 99.945342053077184 234.88121419791423 3.3048047216143432 11.734994179132627 30.630777626414783
leaf_count=16131 750766 6203 83329 76803 242849 6582 189031 909 2492 1143 8306 159 54929 6274 1892 2219 99 993 205 543 256 231 107 7392 123 126 203 30865 19321 428247 27401 987 4010 9772 2775 1307 2322 4296 5678 1144 4601 739 1934 1535 303 40 748 522 1546 1524 725 506 11604 18217 1851 167829 291 2742 13309 119 532 587
internal_value=0 4.48746e-05 -0.00139094 -0.00217382 0.00130475 0.00734634 -0.00575407 -0.00469705 0.000910453 0.000676032 0.000227135 0.00195472 0.00223813 0.00948073 0.0137363 0.00522858 -0.000478438 -0.0085584 -0.0195783 -0.0142029 -0.0306712 -0.0526529 -0.0727048 0.00838804 -0.00301951 -0.0214148 -0.0127419 0.00459013 -0.0171796 -0.00423964 -0.00320349 -0.0330163 0.00126126 -0.00868239 -0.0191663 -0.00261992 -0.000971873 0.00494935 0.0075529 -0.00342338 0.00741043 0.00883829 0.0061785 -0.00435097 0.0108138 -0.00239319 -0.0372017 0.0153566 0.00901369 -0.00292545 0.0105267 0.0228818 -0.0349233 0.00166983 0.0111024 0.00125787 0.00591618 0.00224303 0.00338073 0.0112546 -0.0195128 0.0149198
internal_weight=0 20909.8 9772.49 8038.75 11137.3 681.256 1786.89 1648.34 10456 10178.7 9266.08 3792.65 1733.74 277.338 205.658 912.619 325.503 165.251 91.9485 86.0923 51.4541 22.2447 15.0705 587.116 107.912 39.0193 29.2094 1121.01 126.975 1624.9 1489.3 30.1787 3444.03 135.127 64.6167 29.3905 5473.44 364.159 330.069 92.4305 715.744 348.613 295.149 90.2351 204.914 59.8688 14.7365 145.045 45.1323 45.6303 27.2848 20.6271 23.4488 3308.9 137.382 3171.52 541.264 387.388 380.497 145.616 15.0398 130.576
internal_count=2230224 2194772 1658485 1484761 536287 12785 733995 657192 523502 512844 498217 241928 173724 10658 4384 14627 4856 2637 1644 1439 896 437 338 9771 2379 1236 459 90395 35452 644679 455648 1110 231647 22160 12388 9613 256289 13440 9144 3466 59530 10281 9542 1694 7848 2637 788 5211 1849 3277 1753 1028 12513 209487 20068 189419 21590 17580 17289 3980 651 3329
cat_boundaries=0 2 4 6 8 9 11 13 15 16 18
cat_threshold=3455600387 441034935 1613771397 268501410 1285582160 197780030 2156951098 139270739 30 3493114516 943011072 165960 25183232 142607360 524336 5 806649984 270666112
is_linear=0
shrinkage=0.05


Tree=92
num_leaves=63
num_cat=14
split_feature=59 38 50 21 38 38 38 21 26 38 21 38 22 27 58 57 38 58 34 59 23 46 44 45 6 47 26 2 38 27 6 55 22 38 44 27 23 38 9 45 47 23 23 42 26 2 23 23 25 6 46 6 16 44 7 38 45 38 46 9 18 38
split_gain=14.9063 14.3936 14.0955 15.4452 14.3045 9.51413 9.51267 10.9412 8.48291 12.6737 9.51422 13.2416 8.57903 8.19425 8.09477 7.75923 25.7343 10.4277 9.09096 8.98557 7.1965 7.09991 10.321 7.0446 6.99582 6.03478 5.87972 5.8537 11.8233 5.77824 5.77746 5.64329 5.5425 8.33186 7.09879 12.8789 9.31807 6.90602 6.76794 6.35966 6.13727 5.52278 5.50293 5.82591 5.4704 5.34514 5.28412 5.067 5.04407 4.95438 4.90378 4.85739 4.72931 7.55316 5.82356 6.27919 6.18872 5.68192 5.09171 4.78411 5.41327 4.72652
threshold=0.57738095521926891 0 1.0000000180025095e-35 8.5000000000000018 1 2 3 26.500000000000004 0.078753639012575163 4 61.500000000000007 5 435.50000000000006 3.5000000000000004 3.5000000000000004 1.0000000180025095e-35 6 3.5000000000000004 5.5000000000000009 0.42582418024539953 0.044978827238082893 35.471738815307624 14.500000000000002 13.500000000000002 0.53170400857925426 162.50000000000003 0.23543552309274676 4.2271001338958749 7 8.5000000000000018 0.41260799765586859 169.00000000000003 21.016666412353519 8 23.500000000000004 3.5000000000000004 1.3359841704368594 9 40.500000000000007 67.500000000000014 70.500000000000014 0.98653182387352001 0.82420912384986889 10 0.14710801094770434 3.1062000989913945 1.6769848465919497 0.30008026957511907 31.500000000000004 0.55644401907920849 30.547417640686039 0.22424349933862689 1.5000000000000002 28.500000000000004 38.500000000000007 11 72.500000000000014 12 14.40142869949341 15.500000000000002 86.500000000000014 13
decision_type=2 9 2 10 9 9 9 8 2 9 10 9 10 10 2 2 9 2 2 2 8 10 2 10 10 2 2 8 9 10 10 8 10 9 2 10 10 9 8 10 2 10 10 1 2 10 10 10 10 10 10 8 2 2 8 9 10 9 10 8 10 9
left_child=2 21 3 4 13 -4 7 -3 9 -5 11 -11 15 -1 23 24 17 19 -18 -17 -6 26 46 -7 27 49 -2 28 42 -21 51 -29 33 34 40 -36 -37 48 -35 -40 -33 -28 43 -10 -15 -26 -23 -14 -34 -24 -43 -22 54 57 55 56 -39 58 -54 60 -59 -12
right_child=1 6 5 8 20 14 -8 -9 12 10 61 -13 47 44 -16 16 18 -19 -20 29 30 22 25 -25 45 -27 41 31 -30 -31 -32 32 37 38 35 36 -38 52 39 -41 -42 50 -44 -45 -46 -47 -48 -49 -50 -51 -52 -53 53 -55 -56 -57 -58 59 -60 -61 -62 -63
leaf_value=2.0414116094044712e-05 -0.034841707898363335 -0.063254561590058433 -0.010584118247025024 -0.014279801541928129 -0.036243043695724161 0.0091478605401531903 0.0035664112270927528 0.023045872179129297 -0.018269579724721777 -0.024522678717624147 0.0046013348873691958 0.0048503642421474829 0.043134336791048611 -0.033063230439732555 0.035972596877465852 0.0014147393306219204 -0.01409607298065643 -0.029492394976138293 -0.050203602625776458 0.026111093031115765 -0.035646916436862297 0.00040863143854525692 -0.030397105234966401 -0.00023317296527031618 0.026999072007476935 0.0058681731863923867 0.029830352971964187 0.029318880863567365 -0.015411039955242879 0.081894965066752298 0.013771813891859564 0.0038725229148578485 -0.0017364562627237808 0.0061714579657991368 0.026688607467809468 -0.0031764564669408512 0.018160223332035593 -0.0019215046065476659 -0.00046028775395645964 -0.023040850476551321 -0.021274882607053819 -0.059100046043966029 0.021955902977082317 0.014405988883326701 -0.006825999559756088 0.0053806503976072204 0.056552511969897801 -0.038381882044034352 0.045868483928305726 0.036022120504893944 0.01684489568145792 -0.0081335373626809978 -0.02963556184257591 0.00039017300260075805 0.0001239174243265401 -0.013110492274381559 0.037081479189911747 -0.043295973206463695 0.010307841950528543 0.0029593897952519778 -0.0012310714772269112 -0.0034931329552650363
leaf_weight=1643.6875828740012 43.590159936185046 2.8668856239964944 78.695402136374469 238.96374202124389 22.056390022438791 591.98731495518041 2540.0040317234634 101.54701555884094 20.508883245096513 82.435445856028309 389.38312306995977 65.099192970212243 15.57142105275125 20.28650771575667 22.133257391848019 34.291361471943674 32.611932122672442 12.46861839063058 39.264248656654672 23.823122517642336 15.384257069173144 7.5262008177342095 33.198756057774517 301.98914530255024 37.862549649056746 26.386914948699086 7.450893699686274 15.417126632295547 33.977541424779702 5.4368544924582229 28.901995904045179 203.85175523071666 5698.428358121475 425.46129833256418 104.75650264538126 128.3948338963819 83.809253402199829 50.55790943690954 1612.2673019057547 30.798258261464071 26.523382314291666 3.9903911697329022 101.33799297435326 36.336965092677929 322.0356946331849 110.98865299063618 8.4986459978099429 1.3764925377618045 4.5710805629132656 2.2277431926922864 3.0857338455389254 1074.6640668802238 7.1679895432316689 1571.6786679666784 1571.8261163738225 163.47287322161719 11.70465613726992 11.360152796201875 500.38586215060786 295.41684505454032 20.222129037487321 318.14420495190279
leaf_count=181153 16459 647 14932 100148 23256 31510 110856 3336 1815 43416 95929 22183 2623 25768 661 6016 3596 3452 20086 1973 43996 2333 9440 17735 1206 6703 673 226 10674 556 1904 11965 470104 12988 2935 10190 5329 4583 62418 2031 2304 367 4334 2618 42112 2130 449 253 817 52 183 339518 102 92813 252234 7752 631 482 10527 13735 617 68105
internal_value=0 0.00340375 -0.00052551 -0.000859086 -0.00403837 0.00525879 0.00422405 0.0183573 -0.000155659 -0.0043826 -0.00141979 -0.0129409 0.000199174 -0.00143979 0.00667244 0.000151568 -0.011197 0.00951519 -0.0301076 0.0189808 -0.00846942 -0.0119051 -0.00281469 0.00598219 0.000282748 -0.0121401 -0.0258404 0.000156308 0.00879415 0.0388402 -0.00796571 2.32319e-05 -1.51733e-05 0.00203145 0.00744958 0.0124281 0.00529604 -0.00055573 0.000556214 -0.000897304 0.000897834 0.00167351 0.0141375 0.00250524 -0.00847263 0.0110231 0.0317569 0.034744 -0.00168731 -0.0253462 -0.0279972 -0.00855416 0.00098112 0.00243255 -0.00095659 -0.00844767 0.00507816 0.00627379 0.00949977 0.000934743 -0.0172263 0.000977453
internal_weight=0 2780.37 18259.8 17265 3127.02 994.805 2644.42 104.414 14138 1094.03 855.062 147.535 13043.9 1986.01 916.11 13027 147.896 76.02 71.8762 63.5513 1141.01 135.955 77.8383 893.976 12879.1 61.8134 58.1172 12730.2 192.161 29.26 1118.95 12538.1 12522.7 2615.86 547.336 316.961 212.204 9906.79 2068.53 1643.07 230.375 14.527 158.184 56.8458 342.322 148.851 16.0248 16.9479 5703 35.4265 7.07613 1090.05 4203.79 2406.23 1797.56 225.735 62.2626 834.553 507.554 326.999 31.5823 707.527
internal_count=2229939 151498 2078441 2013603 657707 64838 114839 3983 1355896 329781 229633 65599 1026115 249033 49906 1023239 35679 11997 23682 8545 408674 36659 18977 49245 987560 16195 17682 984224 19441 2529 385418 964783 964557 110160 32723 18454 15519 854397 77437 64449 14269 1223 8767 4433 67880 3336 2782 2876 470921 9492 550 383514 383476 118276 265200 12966 5214 25463 10629 14834 1099 164034
cat_boundaries=0 2 4 6 8 10 12 14 16 18 20 21 23 25 27
cat_threshold=45389 747208965 1943552290 556925631 135397632 6423050 152567808 2108096 272646256 329565712 733744515 655758 10520064 168340496 283161688 169455251 335545604 340068736 399019142 199084717 4 2148668209 67241026 3892318209 270532930 2208963983 655753
is_linear=0
shrinkage=0.05


Tree=93
num_leaves=63
num_cat=13
split_feature=59 38 51 21 38 38 26 38 21 22 38 41 41 21 38 44 45 20 22 38 44 47 21 20 39 38 27 20 25 22 38 22 22 27 47 18 26 48 21 25 25 45 16 47 48 46 21 45 2 38 46 47 6 17 38 47 22 17 22 22 7 47
split_gain=12.8608 16.489 12.6776 14.3156 11.4486 10.7252 9.08881 13.8263 8.94286 7.68512 8.45996 11.1162 8.28744 7.61253 7.02816 6.60593 7.98859 7.04492 6.70803 7.86322 8.4709 12.6622 6.80428 6.55731 6.53941 6.46205 6.45391 6.73378 6.51814 6.44254 12.5072 6.21866 6.13314 6.01441 5.95212 5.72413 5.69651 5.63418 5.48773 5.40923 10.6053 7.70114 6.63246 5.40325 5.90717 8.18104 9.64264 5.77281 5.3772 8.74375 7.57575 7.65047 5.70725 5.42846 7.95145 5.73275 5.82467 5.36374 6.04089 7.3519 5.91404 5.56128
threshold=0.45227272808551794 0 0.13499999791383746 8.5000000000000018 1 2 0.07325202971696855 3 53.500000000000007 20.135632514953617 4 5 6 2.5000000000000004 7 88.500000000000014 9.5000000000000018 28.500000000000004 11.475493907928469 8 24.500000000000004 142.50000000000003 55.500000000000007 48.500000000000007 2.5000000000000004 9 3.5000000000000004 59.500000000000007 10.500000000000002 278.75000000000006 10 8.4202036857604998 14.15590286254883 7.5000000000000009 304.50000000000006 30.500000000000004 0.54677084088325512 2.5000000000000004 58.500000000000007 1.5000000000000002 2.5000000000000004 15.500000000000002 21.500000000000004 36.500000000000007 2.5000000000000004 39.013338088989265 55.500000000000007 2.5000000000000004 6.5353500843048105 11 22.173997879028324 83.500000000000014 0.59797248244285595 9.5000000000000018 12 132.50000000000003 45.519229888916023 12.500000000000002 53.041666030883796 66.183330535888686 2.5000000000000004 118.50000000000001
decision_type=2 9 2 10 9 9 2 9 10 10 9 1 1 8 9 2 10 2 10 9 2 2 8 2 2 9 10 2 10 10 9 10 8 10 2 10 2 10 8 10 10 10 2 2 10 10 10 10 8 9 10 2 10 2 9 2 10 2 10 10 10 2
left_child=2 24 3 5 35 13 7 -5 -9 10 11 26 23 -1 -4 16 17 18 -14 37 22 -22 -21 -12 32 -10 27 43 -28 48 -31 -29 -2 -34 -25 -3 -15 38 -20 -17 41 42 -41 -8 -45 46 47 -46 49 -11 -51 -52 53 -50 55 56 -55 58 -58 61 -59 -60
right_child=1 4 14 6 -6 -7 9 8 25 29 12 -13 15 36 -16 39 -18 -19 19 20 21 -23 -24 34 -26 -27 28 31 -30 30 -32 -33 33 -35 -36 -37 -38 -39 -40 40 -42 -43 -44 44 45 -47 -48 -49 52 50 51 -53 -54 54 -56 -57 57 60 59 -61 -62 -63
leaf_value=-0.012992891129954349 0.018068376233941339 0.0063615147876517914 -0.0092135194278825782 0.0042300263403855457 0.0026730593568172803 -0.0085765255491129771 0.0071330701182727137 -0.025435857093015796 -0.015279265919266764 0.012312502224643002 0.0013112062780127817 -0.0024594589729113915 0.014793752175514761 -0.0026243502128228727 0.0062840818706848562 0.0013815475001493773 -0.007146839446832436 0.019111721121169281 -0.055526223120964641 0.0049300723501061287 -0.10405070900766858 -0.0110396829900717 -0.063629871855084216 0.01416892554895321 -0.00038804246809219213 -0.003187256397413938 0.00081837383995673292 0.011329780591840737 0.02259602358657924 0.027673732429455977 -0.0089875004272945425 -0.051974511065472899 -0.030370893313279003 -0.0089230106380280682 -0.027838938900221412 0.024302255560848113 0.0041633109194862917 0.026137764408237747 0.014338737490394705 -0.039446533241647146 -0.0095090883733315468 0.0065771180351611421 -0.10710721453241306 0.031030803147532655 -0.083211263710355754 0.020063167094728943 0.036357271264809421 -0.014438905179749618 -0.0015646849967087782 0.037442168269871789 -0.029329962313107801 -0.00064835518780516203 0.024055553624898637 0.0088608644153878452 0.0032269729681020003 -0.0078418102187500088 0.024520949614676796 -0.060325273708344555 -0.043232556577469869 0.007781608596296891 -0.011097955151032558 0.016124308198212887
leaf_weight=145.87872859105119 10.692953338891128 82.9435718024979 71.526743941622044 269.54794357852916 3586.2048492620506 922.19586260694723 111.32855750247836 75.261951363713706 157.18064581259841 186.08532033498886 782.25875632144016 241.13826639926992 39.779717180383159 1430.7688153966656 853.1600785849696 50.586908613040578 219.78436442834209 71.330557909343042 4.2414019672432923 17.898629400311624 6.5332828729879093 7.6356606833869591 3.4992563538253298 164.01399921017583 98.764114309514298 378.45469516141202 214.82785170644638 7.8100230470299703 39.919713344919728 44.118289137852116 36.504433958292793 6.1845328589552082 67.761211269024898 64.532243315928099 7.9777221579133757 97.229719341368764 393.26135877898196 19.869354410489905 5.3770201591542 20.084547685837613 95.336547774495557 6.0420611752197138 4.3428718717768779 85.281050124031026 2.9228678400977577 111.59619249828393 7.0818400084972373 16.720641846302897 7375.6053519658508 9.0020159542400489 30.003112899743428 93.159534257662017 21.925539944786578 141.70786917733494 1519.4964648065161 340.93117016758333 21.56229611375602 6.1684285725932559 15.461391426797492 34.761558905855054 46.61625392906717 4.6058996596257193
leaf_count=29613 1223 6198 13977 66751 167373 349191 3979 47270 67901 10438 33686 12627 1384 240440 47909 987 8826 1305 281 719 327 609 326 3908 23481 102432 14035 202 3542 5175 10327 283 24312 22386 1072 2423 8485 961 182 812 7433 154 81 1751 168 3329 118 556 792523 553 4545 15214 564 1698 48330 13045 261 110 330 857 869 109
internal_value=0 0.00250334 -0.000644879 -0.000972541 0.0033189 -0.00415747 -0.000273383 -0.0051779 -0.00924712 7.81042e-05 0.00263477 0.00660978 0.000386331 -0.0020316 0.005045 -0.00432188 -0.000802814 0.0071077 -0.0011634 -0.0109972 -0.023027 -0.0579591 -0.00862204 0.0032273 -0.00989325 -0.0071016 0.0102117 0.0147906 0.00430601 -0.000532803 0.0134568 -0.0182464 -0.0170975 -0.0200541 0.0120708 0.0152804 -0.00115945 0.00854286 -0.0187972 -0.0124157 -0.0179308 -0.043142 -0.0552149 0.0162212 0.0206941 0.0141441 -0.0104042 -0.0282071 -0.000648698 0.00573451 -0.00416214 -0.0078153 -0.000862467 -0.000922459 0.00129972 -0.00348012 0.00189011 -0.00576625 0.00271678 -0.00614368 -0.0178653 -0.0294901
internal_weight=0 4008.13 16996.4 16071.7 3766.38 2892.1 13179.6 880.445 610.897 12299.1 2371.4 844.812 1526.59 1969.91 924.687 572.342 395.949 176.165 104.834 65.0546 35.5668 14.1689 21.3979 954.25 241.751 535.635 603.673 348.926 254.748 9927.71 80.6227 13.9946 142.986 132.293 171.992 180.173 1824.03 29.4878 9.61842 176.393 125.806 30.4695 24.4274 334.931 223.603 138.322 26.7253 19.6435 9847.09 318.25 132.165 123.163 9528.84 9506.92 2131.31 611.815 270.884 129.176 76.3911 54.8288 52.7847 20.0673
internal_count=2229956 247396 1982560 1920674 175994 627729 1292945 284354 217603 1008591 103643 40590 63053 278538 61886 24387 14920 6094 4789 3405 1981 936 1045 38666 71402 170333 27963 10386 17577 904948 15502 485 47921 46698 4980 8621 248925 1424 463 9467 8480 1047 893 9901 5922 4171 842 724 889446 30750 20312 19759 858696 858132 65609 17279 4234 2536 1557 1296 979 439
cat_boundaries=0 2 4 6 8 10 11 12 14 16 18 20 22 24
cat_threshold=8401997 629440793 687865858 4208838 1935462450 557515327 2256672013 675809473 339747076 340068736 240 156 135397633 6422538 2134017 571507264 805331056 327541792 1081098257 945922873 11555848 138226194 2429034528 405286934
is_linear=0
shrinkage=0.05


Tree=94
num_leaves=63
num_cat=4
split_feature=23 34 22 22 34 24 22 7 34 5 0 37 57 2 23 25 59 8 48 26 22 39 34 47 59 45 37 22 48 23 25 23 41 22 47 59 23 57 45 3 22 59 6 59 5 48 6 23 41 22 23 52 23 22 45 23 45 22 45 26 23 23
split_gain=14.8591 12.1772 18.9941 16.1866 10.8228 10.5949 10.8684 9.6433 8.53036 11.0739 8.45958 8.34387 9.9254 7.96975 7.80963 10.9372 7.557 7.32757 6.88307 8.38655 8.28304 7.07878 8.29999 6.67121 6.53997 6.04433 5.85389 8.44899 7.15587 6.34346 7.66459 12.1409 9.2636 7.31705 7.75152 6.23411 6.22336 6.10842 6.05457 6.86293 6.26711 6.28464 5.84821 6.31353 9.18961 9.18103 5.71819 5.71752 5.66189 8.35865 24.1764 11.7061 7.54007 7.41877 6.04385 7.91497 9.52742 7.09361 6.52561 7.16324 6.60677 6.71995
threshold=0.63653856515884411 16.500000000000004 129.55000305175784 35.027778625488288 42.500000000000007 1.0000000180025095e-35 19.868817329406742 110.50000000000001 8.5000000000000018 3.1716001033782963 1025.6507568359377 0 1.0000000180025095e-35 3.3489500284194951 0.59229117631912243 1.5000000000000002 0.65151515603065502 0.96527516841888439 3.5000000000000004 0.34791304171085363 116.09999847412111 3.5000000000000004 11.500000000000002 208.50000000000003 0.26491229236125952 6.5000000000000009 1 18.573593139648441 1.5000000000000002 1.0813478231430056 1.5000000000000002 5.9549138545989999 2 9.6015872955322283 52.500000000000007 0.82575756311416637 7.4823350906372079 1.0000000180025095e-35 3.5000000000000004 0.031755998730659492 15.914855003356935 0.39565217494964605 0.16095349937677386 0.42582418024539953 4.0267999172210702 1.5000000000000002 0.16818899661302569 0.89249745011329662 3 21.6726188659668 1.4569759964942934 1.0000000180025095e-35 7.4823350906372079 22.803845405578617 54.500000000000007 1.5496528744697573 81.500000000000014 41.033332824707038 13.500000000000002 0.35732790827751165 2.6815079450607304 1.6542956233024599
decision_type=10 2 8 10 2 2 10 8 2 8 8 1 2 8 10 10 2 10 10 2 10 2 2 2 2 10 1 10 10 8 10 10 1 10 2 2 10 2 10 10 10 2 8 2 8 8 8 10 1 10 10 2 10 10 10 10 8 10 10 2 10 10
left_child=1 3 4 8 -3 7 26 47 17 -10 -4 12 16 -11 -5 -16 25 -1 19 21 -20 -13 24 -6 -23 -8 27 28 -7 -28 31 32 35 36 -35 -31 -33 -34 40 -40 41 -32 -12 -44 45 -45 -27 -2 52 50 -50 -52 54 -51 58 -56 57 -57 59 -21 61 -61
right_child=5 2 10 14 23 6 11 -9 9 13 42 18 -14 -15 15 -17 -18 -19 20 48 -22 22 -24 -25 -26 46 29 -29 -30 30 38 33 37 34 -36 -37 -38 -39 39 -41 -42 -43 43 44 -46 -47 -48 -49 49 53 51 -53 -54 -55 55 56 -58 -59 -60 60 -62 -63
leaf_value=-0.0031246532879600389 0.0036612000966764779 -0.0083468241747071594 -0.02427998892907399 0.0028116007053157043 -0.028424942405279888 -0.012616154606117451 -0.0020689521657069831 -0.00081936858199690369 0.026742840456548629 0.017401125126837644 -0.022687539480948052 -0.0031616935121350658 -0.048559129036453409 -0.0087927481081752981 -0.040986224339738947 -0.0032786727882481918 0.018051482789876869 0.0027406469181602945 -0.0037387822965407689 0.031692075155164548 -0.02617393912935705 -0.018857621774105326 0.0094554089272005509 -0.0043758186737347599 0.0025568581092418954 0.050767478225470813 -0.0080675684377728065 0.029759221471907727 0.0090878499962884132 0.01491124796624177 -0.0021142792376531543 -0.047080640314145217 0.0055622810722411042 -0.090013508104856671 -0.0061273954376104035 0.040444832015842369 0.0034408884433543723 -0.032145781317987947 -0.0020090364840555774 0.027975384948818141 0.015819558921140446 0.014670244458455757 -0.00045179234857548219 0.03447990211533291 0.019671701291713906 -0.047895831213826269 0.0048736130416283767 0.0091077592150364296 0.013749088448220493 0.020664158356652185 -0.057428411407976325 0.013456728449737996 0.048801167479741142 0.00059872770789007811 0.014622536672809085 -0.014312976079247284 0.0033325704979542551 -0.061969197781883215 0.014209150342376615 -0.010528309650360008 -0.027420291039960038 0.015977462916833246
leaf_weight=1950.6279466891428 1848.0721808107264 448.75417062708266 34.829757140245874 2564.4649658138514 132.12789226055611 42.914834313982283 462.41269567321433 955.40479892883559 22.656206418920192 29.123680488872196 24.922736054933921 2416.0220242721844 8.2674945147955423 882.99410751672804 21.387877025816124 137.97317288535123 81.008901401772164 731.43759290337766 1570.6084619249868 14.976701293140648 41.285849200425218 55.086934760125587 255.17536544382165 37.329126924242701 97.315102094740723 5.8705587834410835 145.16945966714411 42.282838587037986 284.40855465710047 163.62886510050157 228.56471168191638 6.4977742832852519 422.68356880731881 5.1507092880201508 5.2705799472751096 27.706888514658203 31.998639057972468 10.034969915766849 999.18704035624251 18.457095475125243 111.27363699367561 72.69079244195018 584.83797475991014 4.0722126634354909 82.282359103164708 9.8477063502941746 668.26817878431757 652.24502644891618 34.376863206853159 47.388454886735417 29.384609113330953 6.7917203240795052 9.5857885180739668 961.17157554709411 35.692899222369306 21.280415887129493 37.829033824498765 12.158414968056602 230.50721096206689 49.801003622473218 22.965467552887276 44.197983042802662
leaf_count=88767 86719 155143 90600 220997 62335 4691 43039 153667 1905 1961 68768 250543 3804 186069 569 11061 1882 28274 136766 366 12863 3919 31629 25495 5228 2546 4691 2795 23391 2760 9880 190 7227 208 103 285 524 991 55749 412 4345 2246 269498 1123 16121 3419 76907 29593 642 893 1012 124 165 24494 907 584 922 497 5196 1264 630 855
internal_value=0 -0.00168841 -0.0059816 -0.000767449 -0.0124447 0.00107171 0.000234957 0.00345292 -0.00295943 -0.00706999 -0.000578478 -0.000765874 0.00297708 -0.00793824 0.00214319 -0.00856344 0.00339102 -0.00152468 -0.00153417 -0.000508679 -0.00432929 -0.00213337 0.00395508 -0.023184 -0.00525605 0.00233113 0.00299418 0.00874336 0.00621251 0.00199784 0.00270561 0.00710157 0.00898768 -0.0166579 -0.0518391 0.0178706 -0.00606271 0.00451169 0.000633554 -0.00143828 0.00573555 0.00197084 0.000623562 0.00150865 0.0133087 -0.0231014 0.00534787 0.00508509 0.00243507 0.000387388 -0.0161235 -0.0441165 0.00688628 0.00156106 0.00607481 -0.00433835 -0.0139054 -0.0329371 0.00915127 0.000274521 -0.00398289 0.0019716
internal_weight=0 7699.67 1359 6340.67 618.211 13293.1 9837.35 3455.72 3616.84 934.774 740.793 7219.43 1225.83 912.118 2723.83 159.361 1217.56 2682.07 5993.6 4381.71 1611.89 2823.6 407.577 169.457 152.402 1136.55 2617.92 369.606 327.323 2248.31 2103.15 672.972 624.054 48.9177 10.4213 191.336 38.4964 432.719 1430.17 1017.64 412.529 301.256 705.963 681.04 96.2023 13.9199 674.139 2500.32 1558.11 1079.11 70.5532 36.1763 478.995 1008.56 469.409 106.961 71.2679 33.4388 362.448 131.941 116.964 93.999
internal_count=2230249 1232105 692502 539603 242973 998144 728165 269979 306976 189935 449529 607677 128178 188030 232627 11630 124374 117041 479499 329870 149629 291319 40776 87830 9147 122492 120488 30877 28082 89611 84920 12288 11263 1025 311 3045 714 8218 72632 56161 16471 12126 358929 290161 20663 4542 79453 116312 38551 27165 1778 1136 11386 25387 11221 2910 2003 1081 8311 3115 2749 2119
cat_boundaries=0 1 2 3 4
cat_threshold=209 71 24 36
is_linear=0
shrinkage=0.05


Tree=95
num_leaves=63
num_cat=11
split_feature=16 27 21 20 38 26 21 23 38 6 39 38 29 38 2 41 23 38 18 46 47 26 38 21 27 23 20 38 47 59 38 30 39 38 47 23 39 20 44 23 46 22 45 45 46 38 45 21 46 6 46 21 44 22 21 27 34 26 8 46 46 8
split_gain=13.8994 10.1658 8.11396 8.44361 8.22019 7.70274 8.14908 7.62753 7.29435 7.28099 7.19963 31.6225 7.10937 6.86024 6.62089 6.91518 7.91307 6.41694 6.48647 6.75117 6.45406 6.41028 6.37729 6.35181 9.16997 6.60768 6.52546 6.52438 6.46083 6.95789 6.26069 6.09323 7.69873 10.5838 10.2355 9.99098 9.30206 12.2212 15.9151 6.95329 7.23679 10.0914 6.84046 12.1381 8.35772 5.88133 6.42841 5.84088 5.78528 5.73559 5.64275 5.59652 5.56926 5.68103 5.43795 5.46396 6.24375 5.36118 6.4857 5.29847 5.76109 5.21968
threshold=1.5000000000000002 14.500000000000002 1.5000000000000002 13.500000000000002 0 0.63188141584396373 6.5000000000000009 0.30008026957511907 1 0.54139900207519542 8.5000000000000018 2 2583.0000000000005 3 2.961499929428101 4 0.18230605870485309 5 13.500000000000002 25.403680801391605 66.500000000000014 0.40754985809326177 6 32.500000000000007 4.5000000000000009 0.6604212522506715 9.5000000000000018 7 157.50000000000003 0.92857143282890331 8 0.91609999537467968 1.5000000000000002 9 246.50000000000003 1.0340281128883364 1.0000000180025095e-35 26.500000000000004 54.500000000000007 0.46514867246150976 41.409009933471687 14.902380943298342 7.5000000000000009 11.500000000000002 36.472702026367195 10 3.5000000000000004 291.50000000000006 23.191629409790043 0.40065050125122076 40.631460189819343 159.50000000000003 32.500000000000007 15.276388645172121 5.5000000000000009 1.5000000000000002 9.5000000000000018 0.55578610301017772 0.96740585565567028 46.462999343872077 59.903217315673835 0.97052320837974559
decision_type=2 10 8 2 9 2 10 10 9 10 2 9 2 9 10 1 10 9 10 10 2 2 9 10 10 10 2 9 2 2 9 2 2 9 2 10 2 2 2 10 10 10 10 10 8 9 10 10 10 10 10 10 2 10 10 10 2 2 8 10 10 8
left_child=1 2 -1 9 -5 6 14 -3 -9 12 17 -12 -4 51 15 16 -2 18 19 48 30 -6 54 24 31 -26 -27 28 29 -25 -19 50 33 -33 36 -36 -35 38 42 -39 -41 -42 -38 -44 -45 46 -34 -20 -8 -28 -22 -7 -15 -54 55 -18 -57 58 -31 -24 -61 -60
right_child=5 7 3 4 21 13 10 8 -10 -11 11 -13 -14 52 -16 -17 22 20 47 -21 23 -23 59 27 25 26 49 -29 -30 57 -32 32 45 34 35 -37 37 39 -40 40 41 -43 43 44 -46 -47 -48 -49 -50 -51 -52 -53 53 -55 -56 56 -58 -59 61 60 -62 -63
leaf_value=-0.02579356668561901 -0.012013394273785576 -0.02775877629157086 -0.0028006112194794348 0.0099171052973340834 -0.0033926939441218718 0.0072404159463797914 -0.011645615865772264 -0.016696947853982517 -0.0019541617490817231 0.011246780870374109 -0.010618329845932233 0.01634000680809394 0.00041983183355682118 -0.020399446031166051 0.030657648475089123 -0.0071175189546843131 0.018947114136614675 0.0057327215087198255 0.0037242686599772432 -0.0021436295981485313 0.026127779906789186 0.0035643445382859879 -0.027002549799352016 -0.0040644718715999832 -0.0053713960330923037 0.021280088614503024 -0.00054331727402780964 0.0011776557241564029 -0.010919110571039184 -0.036576688891969328 -0.009069953061889317 0.013663056779902198 0.011994606598280697 0.0024155243881758335 0.011505479260477264 -0.038920061050518463 0.0017057673856433295 0.039457378821587043 -0.096411876774871938 0.0067474799415395198 -0.083215796068468267 -0.0033931226389154359 -0.079865285465633373 0.011211216183666278 -0.055733852302202264 0.011112100206285792 -0.032467511800237034 -0.012554585171542898 -0.063440614117991775 0.031050755602815068 0.0012405404759342367 0.036238763283804092 -0.011285642481880086 0.035824678475092762 0.022497574875988316 -0.0055055437731111696 0.038481341515170325 0.036838313456744341 0.046106127638899486 0.015515810010719498 -0.021690609594429734 0.0045825426013564345
leaf_weight=31.528432795998015 80.088412693197824 45.146538718662669 4877.8701368762449 290.60911827185191 549.92247567993763 628.82813830350642 16.704080972311207 109.65913657704823 308.09545484295086 109.72818939000717 156.25079818710219 313.18290258993511 2641.2265362729559 41.687626452418044 13.091721928016339 591.63767047790679 46.091212626197375 703.32416965566517 3164.6068135883306 230.41574149831467 56.245542776305228 828.93204961254378 23.268066195523716 1131.3522524131895 651.2018386974496 40.808137127547525 407.67080322694892 832.73496750961749 298.775690740149 8.0146489675389585 70.532746284240602 120.31205749127548 13.91352112661116 585.18801480866387 13.34324437053874 32.588973667414393 22.924242159584537 9.5163182415999454 6.7162948339828281 40.380813686060719 5.1512521493714329 11.366148285858797 8.8891422630986217 13.423192905494945 5.9460611028480335 323.26032559890882 17.268918353307527 55.124873033146287 7.4115431325299133 13.888729432132093 37.997947638505138 16.170488607604057 13.979802610934714 10.287030200124716 62.397613327542786 91.914836632204242 7.8363564408209632 13.196122236549853 7.1418636396992943 27.8799579913466 15.271107298038258 113.14819780169637
leaf_count=14931 17332 66783 1105903 47932 57879 9153 498 68720 137148 4307 8985 12725 139689 988 869 57256 668 11964 145477 10427 1002 33267 2291 38423 67976 1494 24186 71323 21096 241 5372 2435 285 11490 277 1305 369 83 336 693 206 219 275 208 196 6328 552 3712 411 204 1200 105 396 145 1252 3276 802 108 70 1916 2014 2439
internal_value=0 -0.00122397 -0.00086467 -0.000777377 0.00244252 0.00135322 0.00101247 -0.0084483 -0.00630012 -0.00148223 0.00145343 0.00748506 -0.00166946 0.00638658 -0.00337803 -0.00388073 0.00167531 0.00114116 0.00282592 -0.0048365 9.34399e-05 0.000783573 0.00575671 -0.000584246 0.00121387 -0.00212933 0.00243856 -0.00240727 -0.00428653 -0.00275597 0.00433051 0.00402429 0.0030782 0.00055863 -0.00170184 -0.0243385 -0.000228133 -0.0125927 -0.0291748 0.00208147 -0.00474324 -0.0316166 -0.0186732 -0.0346987 -0.0110671 0.00928439 -0.00982078 0.00344175 -0.0294561 0.000568602 0.0162119 0.0079001 -0.00825821 0.00931251 0.00979303 0.00490819 -0.00170233 0.00766111 0.00439855 -0.00723508 0.00215546 0.00740769
internal_weight=0 9792.72 9329.82 9298.29 1669.46 11230.3 10519.4 462.901 417.755 7628.82 9559.92 469.434 7519.1 710.953 959.477 946.385 354.748 9090.49 3474.26 254.531 5616.22 1378.85 274.659 4842.37 2438 1113.57 462.368 2404.36 1571.63 1272.85 773.857 1324.43 1230.19 875.746 755.434 45.9322 709.501 124.313 57.8989 66.4145 56.8982 16.5174 51.1826 28.2584 19.3693 354.443 31.1824 3219.73 24.1156 421.56 94.2435 644.999 65.9545 24.2668 208.24 145.842 99.7512 141.501 128.305 66.4191 43.1511 120.29
internal_count=2229612 1676559 1403908 1388977 139078 553053 542266 272651 205868 1249899 454590 21710 1245592 10787 87676 86807 29551 432880 160525 11336 272355 91146 12219 255019 121319 93860 25884 133700 62377 41281 17336 27459 25257 18092 15657 1582 14075 2585 1384 1201 1118 425 1048 679 404 7165 837 149189 909 24390 2202 9258 1529 541 5998 4746 4078 2858 2750 6221 3930 2509
cat_boundaries=0 2 4 6 8 9 11 13 15 17 19 21
cat_threshold=2417271300 941895808 155702 295061762 2714256580 134774390 1075847168 301989920 26 3780265604 608321222 1346417152 805306528 10498114 461488424 278929458 304185632 276824064 268468224 8192 268468224
is_linear=0
shrinkage=0.05


Tree=96
num_leaves=63
num_cat=15
split_feature=21 6 26 21 38 23 38 20 26 3 38 47 47 45 23 47 27 38 45 42 20 26 45 5 47 38 20 21 41 38 48 47 41 21 27 20 47 6 41 21 47 45 45 41 20 45 38 42 23 21 45 38 23 21 27 42 48 27 59 8 26 26
split_gain=10.8293 9.1227 9.4202 9.81084 14.2858 9.0064 8.35717 16.89 8.86278 7.37652 6.89036 7.77098 10.6271 9.36732 6.76848 8.18984 8.16532 9.94492 14.6892 7.99068 7.84574 6.66437 6.64137 6.87183 6.42056 7.30231 9.14262 8.12238 6.29318 6.20657 7.52121 12.4373 7.60561 13.4249 7.93301 6.50462 6.94127 6.27706 6.18796 6.41667 8.46505 7.16895 6.09354 6.01446 8.21593 7.54462 8.39618 6.94368 7.61638 6.39617 6.3882 6.56424 7.19997 6.55616 9.29445 8.15321 6.19505 13.2444 9.12095 8.28854 6.68817 6.06489
threshold=1.5000000000000002 0.53170400857925426 0.53871130943298351 15.500000000000002 0 0.84377515316009533 1 23.500000000000004 0.52183446288108837 0.21876600384712222 2 37.500000000000007 29.500000000000004 86.500000000000014 0.98653182387352001 18.500000000000004 1.5000000000000002 3 24.500000000000004 4 22.500000000000004 0.52960655093193065 24.500000000000004 5.104300022125245 170.50000000000003 5 28.500000000000004 38.500000000000007 6 7 2.5000000000000004 81.500000000000014 8 55.500000000000007 2.5000000000000004 15.500000000000002 97.500000000000014 0.23751550167798999 9 102.50000000000001 99.500000000000014 7.5000000000000009 23.500000000000004 10 53.500000000000007 1.5000000000000002 11 12 1.1725432276725771 5.5000000000000009 7.5000000000000009 13 2.2934057712554936 7.5000000000000009 2.5000000000000004 14 1.5000000000000002 1.5000000000000002 0.65151515603065502 0.86583539843559276 0.44467985630035406 0.33275663852691656
decision_type=8 10 2 10 9 10 9 2 2 8 9 2 2 10 10 2 10 9 10 1 2 2 10 10 2 9 2 10 1 9 10 2 1 10 10 2 2 8 1 8 2 10 10 1 2 8 9 1 10 8 10 9 10 8 8 1 10 10 2 8 2 2
left_child=-1 2 3 4 43 -6 7 14 -8 -3 -4 12 28 -13 15 -5 19 18 -18 -17 22 29 42 -24 -9 -26 27 -27 -12 30 32 -32 34 -34 -16 37 -37 -31 -10 40 -40 -42 -19 45 50 -2 49 -48 -49 -47 51 -45 53 56 55 -55 57 -53 61 -58 -61 -59
right_child=1 9 10 6 5 -7 8 24 38 -11 11 13 -14 -15 21 16 17 20 -20 -21 -22 -23 23 -25 25 26 -28 -29 -30 35 31 -33 33 -35 -36 36 -38 -39 39 -41 41 -43 -44 44 -46 46 47 48 -50 -51 -52 52 -54 54 -56 -57 59 58 -60 60 -62 -63
leaf_value=-0.014632307829902989 0.012186174925077359 0.0041387690431557147 0.0035444230328002067 -0.033870299603321628 -0.0083076253198195015 0.0062111730140667031 -0.0016641828495702381 0.015814524504450721 0.025555011042001554 0.023440622368050779 0.0089297169241011887 -0.0021756416408101652 -0.054367515505094582 0.038362943496789342 0.029324063631721228 -0.054041988174931256 0.012057896412757847 0.00022968494025981019 -0.004924304778524291 -0.0037900147849772993 -0.033446598735012642 -0.032938456941855425 0.0074417434190889534 -0.051800620100420629 0.012709628485315892 -0.025296729354321947 0.0054990206405048005 0.009995938385085475 -0.018909523965006364 0.02832122391527242 0.017777566951596376 0.001780096557788009 -0.042373931157748013 -0.0039828595442509534 0.0014225463872618201 0.025579702611335971 0.0019759708062266758 -0.0028406582052348003 0.022200141553095798 -0.043968433311909555 0.017007025857411335 -0.028395706860357972 -0.023408106990118527 -0.013010540616181461 -0.011541851877863309 -0.0084728214373718819 0.00057132369471886543 -0.015288578053304851 0.02514702424376173 0.0061547420294689502 -0.0054988116796967912 -0.067674706067578 -0.075692096649487214 0.030847636710284232 0.0016570040211777326 0.0064038154147499126 0.033302173074562451 -0.045397927356719769 0.024257859296551221 -0.0078215333932485295 0.0050332784712159044 -0.0056310546111807327
leaf_weight=126.25977678854315 158.98083561991371 177.20498262828914 2408.4683802593645 14.419653731049037 1172.4890378848568 116.7908267678722 5139.4784794943371 216.30299406922131 39.034101297598681 68.004985069172108 28.295283248851774 249.47195663892489 14.812072695291134 14.109766786627004 28.809712360845879 11.161232637125067 546.21508907862153 1440.7952197858576 165.33979325822293 23.113839945173822 15.294848376666776 15.001215973927172 434.45451547437187 3.9639960905478793 188.35570595150057 52.743735337498947 210.75631878169952 22.753811072077951 38.029200908174971 15.264262853976104 171.97543481238245 409.13228415707272 24.130673250401742 246.01884966751823 176.03902811490843 32.423583969881292 461.29353030754282 2717.7936906408213 38.705573325278237 5.9262447164510368 13.194239747943355 21.843773806816898 26.789972222686629 75.187477262659741 216.17521494500397 85.599365759810098 234.74155211573998 165.80223380512689 11.629755596048197 548.77658834386784 649.74867188411645 9.9697193247266096 2.0388494775688732 52.631513290922157 817.49890854909609 95.707726071996149 15.846938961651174 13.871832933262338 15.475241327112597 242.0447010451262 172.46607726151706 27.94822093489347
leaf_count=35432 11836 4622 50964 744 430815 7384 592617 5169 553 3142 952 7393 736 332 1045 358 46678 188219 12621 509 1213 477 48100 321 10017 4845 9902 1525 1885 818 14806 52785 2803 30770 20272 547 22800 208427 591 205 270 623 3397 29417 9084 8787 32469 34006 403 41083 112466 540 124 713 69836 1720 799 4012 680 36453 6307 1618
internal_value=0 -2.17746e-06 -0.000116615 -0.000536981 -0.00244159 -0.00693488 0.000185221 0.00123692 -0.00134867 0.00956529 0.00260493 -0.00393898 -0.0174817 0.000131218 0.000499767 0.00247053 0.00267963 0.00299872 0.00799822 -0.021222 0.00109664 -0.000730128 0.00139698 0.00678943 0.00868988 0.0054164 0.000142482 -0.0146684 -0.00855889 -0.000609652 0.00270116 0.00653686 -0.00193853 -0.00728697 0.00521656 -0.00169687 0.00357466 -0.00265632 0.012099 0.00187129 0.00634444 -0.0113009 -0.000217456 -0.000814874 -0.00225597 0.00205639 0.000527048 -0.0049575 -0.0125122 0.00410612 -0.00134499 0.000409214 0.00118674 0.00135356 0.00375446 0.0152251 -0.00330454 -0.0172984 -0.00752214 -0.00108226 -0.00247377 -0.019574
internal_weight=0 20828.3 20583.1 17829.9 4901.42 1289.28 12928.5 7670.34 5258.18 245.21 2753.19 344.718 81.1366 263.582 6979.43 2681.55 2667.13 2632.85 711.555 34.2751 1921.3 4297.88 1906 438.419 690.913 474.61 286.254 75.4975 66.3245 4282.88 1056.11 581.108 474.998 270.15 204.849 3226.78 493.717 2733.06 118.704 79.6698 73.7436 35.038 1467.59 3612.14 2406.61 1205.53 1046.55 412.174 177.432 634.376 2190.44 1540.69 1465.5 1463.46 965.838 148.339 497.623 67.265 57.2953 430.358 414.511 41.8201
internal_count=2230037 2194605 2186841 2124579 840552 438199 1284027 689168 594859 7764 62262 11298 3573 7725 657710 302160 301416 300549 59299 867 241250 355550 240037 48421 31458 26289 16272 6370 2837 355073 122481 67591 54890 33573 21317 232592 23347 209245 2242 1689 1484 893 191616 402353 273769 128584 116748 66878 34409 49870 264685 152219 122802 122678 72269 2433 50409 6850 6310 43559 42760 5630
cat_boundaries=0 2 4 6 8 9 11 12 14 15 16 17 19 20 22 23
cat_threshold=1272502048 862103087 4181071500 475769282 1084227844 306782242 1073743364 134225920 4 2955939972 68159490 36 2148536328 72548802 82 130 26 1247286528 35652104 4 169345792 2097664 2
is_linear=0
shrinkage=0.05


Tree=97
num_leaves=63
num_cat=13
split_feature=59 38 38 23 23 38 21 21 34 48 21 38 38 21 26 47 39 46 31 48 21 38 26 25 47 44 23 23 46 38 26 46 39 38 38 21 44 47 27 45 23 27 39 38 47 45 38 44 47 38 44 45 26 23 34 9 38 47 25 23 21 59
split_gain=12.0744 14.6977 11.6596 11.0046 9.32465 17.3487 17.4387 10.2209 12.084 11.0928 9.47322 22.589 8.40088 11.3995 8.91056 8.47138 8.10082 8.95304 8.0705 8.06318 9.74446 9.42542 8.58129 7.82862 7.43322 8.61659 9.01626 7.22916 7.13791 7.47885 9.612 6.93344 6.876 10.4898 7.87841 6.83248 6.61229 6.75714 6.52617 8.82278 6.44324 7.79983 6.38687 7.54615 6.31463 10.1819 9.37453 7.41218 6.52375 6.3 6.25585 6.22634 6.256 6.14187 12.8019 6.12826 6.1126 5.9552 7.98047 7.20056 5.92861 5.84333
threshold=0.57738095521926891 0 1 0.050039123743772514 0.65245473384857189 2 16.500000000000004 60.500000000000007 21.500000000000004 2.5000000000000004 168.50000000000003 3 4 17.500000000000004 0.56698718667030346 243.50000000000003 2.5000000000000004 17.095573425292972 325.50000000000006 1.5000000000000002 7.5000000000000009 5 0.46816954016685491 3.5000000000000004 104.50000000000001 48.500000000000007 0.26152238249778753 0.21248946338891986 52.504968643188484 6 0.49915254116058355 40.333591461181648 1.0000000180025095e-35 7 8 26.500000000000004 171.50000000000003 270.50000000000006 1.5000000000000002 5.5000000000000009 0.37005491554737097 1.5000000000000002 3.5000000000000004 9 79.500000000000014 27.500000000000004 10 27.500000000000004 72.500000000000014 11 23.500000000000004 92.500000000000014 0.31923833489418035 0.47193184494972235 10.500000000000002 15.500000000000002 12 76.500000000000014 1.5000000000000002 0.90292358398437511 81.500000000000014 0.2788888961076737
decision_type=2 9 9 8 10 9 10 8 2 10 10 9 9 10 2 2 2 8 2 8 8 9 2 10 2 2 10 10 10 9 2 10 2 9 9 8 2 2 10 10 10 10 2 9 2 10 9 2 2 9 2 10 2 8 2 8 9 2 10 10 10 2
left_child=3 35 -3 -1 5 6 19 8 -7 -10 12 57 13 14 15 -6 17 -4 -9 20 24 22 -22 28 -5 -26 -27 -8 44 30 61 -16 34 36 -21 -2 -34 -38 39 -17 -28 -42 49 -44 45 46 48 -47 -14 -13 -31 -51 -53 -23 -55 -19 -29 -12 -59 -60 -48 -30
right_child=1 2 16 4 10 7 27 18 9 -11 11 42 23 -15 31 38 -18 55 -20 32 21 53 -24 -25 25 26 40 56 29 50 -32 -33 33 -35 -36 -37 37 -39 -40 -41 41 -43 43 -45 -46 47 60 -49 -50 51 -52 52 -54 54 -56 -57 -58 58 59 -61 -62 -63
leaf_value=-0.020678428679430302 -0.050014879896402464 0.0039620963817807121 -0.065996388374102696 -0.037776869744568425 0.0044135424928636651 -0.0055375566143098416 0.015889414112158478 0.0001416904092304562 -0.030853602602315913 -0.011143698381780804 0.0079597980176458524 -0.015453042056925926 0.017552823455600792 -0.0010072050184902379 0.021889946799701045 -0.041968282300529465 0.0038989573795684429 0.015058879952570856 -0.019060613000094352 -0.0070491497334961382 -0.013939790867194483 0.0084098826268263101 -0.075458556057071052 0.0019807495920724813 0.039702594144328932 -0.04418051708788559 0.013459919129428561 0.0081008197233762239 -0.030121951610927018 -0.020987863471998231 0.029375848081450825 0.0065632412904508249 0.0022810144524673965 -0.0097325386578457421 0.0014141499106084697 0.028139980686035761 -0.061998793642713303 -0.0050910380044551541 -0.003409764774192043 0.017381853331865267 -0.081196987725636494 -0.0082162606655629532 -0.011680578276872473 0.0080303109934954132 0.018447156511803498 0.018222310115498998 -0.00509808491698253 -0.05452103005773995 -0.049002417814006764 -0.0080490591550535905 0.010546260225066075 0.021258622213795306 -0.011138004342963024 -0.01673326637570954 0.021364556228054523 -0.010485709314177905 0.00093314207736380935 -0.055185131689926559 0.041428707514065161 -0.0013089446243236518 -0.034266322239775153 0.026303201590376121
leaf_weight=65.726408528969387 2.0119245521709663 2215.8949887362396 5.9081217501370693 41.63457031525104 577.87854869558942 546.49584144783921 115.2627514759406 566.73540537931331 106.98877920057384 216.78744485367679 398.54206786899158 297.52320156758469 64.718712418223731 5024.820901041925 104.20838523766724 24.951802042487543 173.26975262790074 24.825132944477446 59.564470447372969 313.45968355348668 100.34990654856483 135.12855775228309 5.0954448836855581 2973.3212887504415 6.5538939324906087 19.740477738174377 23.796405069631874 403.60538173433088 14.393294485344088 58.015174932479567 33.222961909719743 252.04151571870898 412.26321109220225 513.41624912360021 1792.3050922706434 78.914794887445169 7.1030777277956103 15.211379006756031 141.31770957747358 7.6318804533220819 3.6547770122997489 18.51251537304779 67.23506044781243 117.13343855753192 176.18664796033408 140.57769208232639 88.628515529388096 2.6444888850091948 2.94927239709068 458.94938499050841 20.73880524240667 37.628831764057395 23.455550372134894 86.984008796571288 28.488219314007438 270.78071055450528 1086.5579077784314 5.682184921228326 9.1699844814775116 317.86861908982428 20.838074366503861 5.6519111545057958
leaf_count=53379 605 82178 1236 3923 17296 106685 17490 215320 51668 106970 31446 52717 2570 289412 1245 706 21194 1695 115215 75691 24244 5997 258 328089 450 5041 961 47699 1051 4294 1160 5157 48410 73974 108820 3745 1282 2213 8045 133 127 751 12347 11867 5912 5754 4157 173 213 65421 883 3318 1009 3970 15628 40998 77478 136 2374 55402 1288 167
internal_value=0 0.00313206 0.00243768 -0.000410453 -0.00033569 -0.00182886 -0.000438652 -0.00654333 -0.0100894 -0.0177316 0.000527084 -0.00287765 0.0011335 5.25194e-06 0.00459347 0.00150179 -0.00460566 -0.00964196 -0.00171203 -0.00240727 -0.00849731 -0.0043977 -0.0160827 0.00304554 -0.0211635 -0.011206 -0.0168032 0.00387828 0.0081196 -0.00220054 0.0111505 0.0110953 -0.0014676 -0.00500125 0.000124826 0.0228243 0.00080288 -0.025088 -0.00814393 -0.0279634 -0.00435477 -0.0232342 -0.00770624 0.000621037 0.0108625 0.00664667 -0.0013766 0.0165104 0.0122035 -0.00967675 -0.0112456 -0.00593813 0.00883974 0.0011566 -0.0072314 -0.00829692 0.0029392 0.00379308 -0.00109316 1.2035e-05 -0.0100048 -0.0137185
internal_weight=0 2771.61 2690.68 18159.3 18093.6 6625.7 5129.12 1496.57 870.272 323.776 11467.9 1733.19 9734.74 6132.85 1108.03 751.78 474.784 301.514 626.3 3523.7 469.939 356.046 105.445 3601.89 113.893 72.2581 65.7042 1605.43 628.566 132.022 53.2682 356.25 3053.76 947.994 2105.76 80.9267 434.578 22.3145 173.901 32.5837 45.9637 22.1673 1001.93 184.368 496.543 320.357 177.135 143.222 67.668 817.557 78.754 520.034 61.0844 250.601 115.472 295.606 1490.16 731.263 332.721 327.039 109.467 20.0452
internal_count=2229037 151651 147301 2077386 2024007 1110265 514407 595858 265323 158638 913742 236037 677705 321994 32582 26180 65123 43929 330535 371740 61350 50097 24502 355711 11253 7330 6880 142667 27622 7555 2378 6402 310390 125879 184511 4350 51905 3495 8884 839 1839 878 146679 24214 20067 14155 8228 5927 2783 122465 5177 69748 4327 25595 19598 42693 125177 89358 57912 57776 5445 1218
cat_boundaries=0 2 4 6 8 10 12 14 16 18 20 22 24 26
cat_threshold=150994944 2238656 1960329904 303305266 1625470469 504730674 3222820911 140661742 1694141030 195057258 14721540 201363456 17039361 272900480 10494977 269516850 10494977 135626768 969049408 93587456 16793856 5343616 203728384 588515344 549619204 135271424
is_linear=0
shrinkage=0.05


Tree=98
num_leaves=63
num_cat=17
split_feature=55 23 57 38 58 58 38 39 38 38 5 3 38 58 27 39 27 39 38 38 20 38 42 49 23 27 6 39 23 41 46 46 20 39 38 58 38 22 39 45 45 5 38 38 46 26 23 9 41 23 27 28 8 46 38 22 17 20 26 46 39 27
split_gain=13.5839 10.4682 10.0334 63.385 25.6393 17.9369 19.1867 12.8774 16.8745 11.6653 14.6953 10.1952 9.64202 9.35535 9.25292 8.98781 7.67175 7.6522 33.9622 13.9093 7.51247 7.49511 7.44429 9.14407 7.61343 7.61125 7.25914 7.12786 6.97957 6.90238 9.8941 7.63529 6.79191 6.71638 6.62097 6.46925 20.4943 7.54679 6.53278 6.46653 10.0474 6.92139 6.55654 6.4502 6.39799 8.31179 6.3492 8.53556 6.91722 7.31627 6.70964 6.24255 6.13744 6.12256 6.09784 8.66793 6.93326 6.00703 6.35066 7.98534 6.08578 6.04327
threshold=169.00000000000003 0.050039123743772514 1.0000000180025095e-35 0 1.5000000000000002 1.5000000000000002 1 4.5000000000000009 2 3 3.4664999246597294 0.069076500833034529 4 2.5000000000000004 16.500000000000004 8.5000000000000018 8.5000000000000018 1.5000000000000002 5 6 12.500000000000002 7 8 9 0.48517106473445898 3.5000000000000004 0.20458399504423144 5.5000000000000009 0.75972485542297374 10 23.770822525024418 39.933795928955085 196.00000000000003 7.5000000000000009 11 1.0000000180025095e-35 12 4.8007633686065683 4.5000000000000009 88.500000000000014 19.500000000000004 3.911949992179871 13 14 24.411779403686527 0.30782540142536169 0.64447286725044262 34.500000000000007 15 3.1118663549423222 6.5000000000000009 47582.500000000007 0.99963855743408214 19.903301239013675 16 17.876893997192386 23.500000000000004 44.500000000000007 0.28596059978008276 42.695158004760749 2.5000000000000004 9.5000000000000018
decision_type=8 8 2 9 2 2 9 2 9 9 8 8 9 2 10 2 8 2 9 9 2 9 1 1 10 8 10 2 10 1 8 8 2 2 9 2 9 8 2 10 8 10 9 9 8 2 10 10 1 8 10 2 10 8 9 8 2 2 2 10 2 8
left_child=-1 -2 5 -4 16 9 -7 12 -9 14 21 27 13 -8 28 -6 -5 19 35 22 39 -11 23 44 -25 -24 -23 -12 29 -3 -31 43 -21 54 -18 36 38 -38 -19 40 -20 -42 -41 -32 45 -13 47 -22 49 52 -50 -35 -48 -39 55 -10 -57 58 61 60 -60 -55
right_child=1 2 3 4 15 6 7 8 33 10 11 17 -14 -15 -16 -17 34 18 20 32 46 26 25 24 -26 -27 -28 -29 -30 30 31 -33 -34 51 -36 -37 37 53 -40 42 41 -43 -44 -45 -46 -47 48 -49 50 -51 -52 -53 -54 57 -56 56 -58 -59 59 -61 -62 -63
leaf_value=0.030938302784962759 -0.018947180175036077 -0.0092691702343180148 -0.048768958247567856 0.0097113845109266777 -0.0061883236642903639 0.012524934500700718 0.0043299081226867526 -0.0097327036287610594 0.0087458261284732771 0.023929223026012643 0.015684247842126683 0.041364390576469789 -0.0089030742631733065 0.015375016819173913 -0.013164545764997988 -0.033491278600105867 0.042016894064875 0.005377850954489281 -0.0071851057701627519 0.0010838719640737238 -0.017420773551761342 -0.031208131320814233 -0.014139281973874058 -0.017851080014272182 0.00010549032220914968 -0.0039892008871218656 0.0082619944035170929 -0.011725957139367436 -0.00042258618356343146 0.016813193765141652 0.0047547731764095193 0.0019659847857358918 0.04776227250171091 0.0048846819684652057 -0.010309952394711872 0.0079209822889658287 -0.078202660426891168 0.018125288797269337 0.022733319170652914 0.020488219126905748 -0.020160738123765187 0.010216348061372697 -0.015193773248378797 -0.0201332450673453 0.0064069032925445288 -0.055405417310988907 -0.011924135487242651 0.0059075667199474016 0.0086079603632300914 -0.062503370818110401 -0.011952947451927064 0.024167783463921899 0.024488693529002535 0.0024887422929533672 0.0092858252139400212 -0.011986351380063208 -0.06447350636278408 0.017048832854468874 -0.056716166695564785 -0.0077301108004936836 -0.017452942466725827 -0.017330164086349086
leaf_weight=34.596779887506273 71.455803433690562 567.34113486561 65.395979562115826 155.92178994724236 136.12087711333879 526.90445471228213 709.12236546560598 412.37873357731951 55.001829626125982 82.505682581017027 158.65612397706536 23.109864022024343 94.194456121732401 262.44297930586617 219.02727823313489 37.967168658629816 21.39801341520797 215.78554906244972 600.98698209844679 10280.562053268251 129.68757389454186 11.869636486975649 228.31425243517151 75.168256407592708 262.29998046050605 957.38313126302 123.32979855996746 27.10388317862089 1569.2135050082034 66.811094712194063 36.239852185262862 192.26622157632937 6.7994089126586905 340.36465980505454 8.8755191287600628 554.00030662705831 2.9702107768971464 19.008630340355012 71.868733069073642 24.793489918964042 293.36823612044282 19.438304810879345 11.931990884277182 85.37455009533096 170.17047661459583 1.582458875956944 85.338370805126033 55.425541300395707 230.06401319921133 5.3819414067838798 46.993730730493553 47.039689456345513 12.413630363342234 82.503694666796946 64.42471181514702 129.60719241066545 5.6956321442848994 17.321740780724213 21.985482208780013 39.981875754267094 19.508534376189345 70.704391077556465
leaf_count=492 56473 215030 30110 7833 16249 34074 20192 34931 1629 6448 15667 3362 26859 5795 136195 11432 2701 28987 86132 657649 13911 8261 14214 21917 28644 164678 7409 3368 214204 25650 18438 57362 50 27182 2541 35018 142 2398 7592 1905 39266 1375 1649 36818 24481 93 3964 4074 6350 371 5102 538 775 8021 7766 7032 107 591 899 2081 695 24062
internal_value=0 2.49221e-05 9.08494e-05 -0.00749763 0.00141851 0.000249371 0.00408836 0.00191879 -0.00198878 -0.000322504 0.000224774 3.50822e-05 0.00580135 0.00725163 -0.00331838 -0.0123001 0.0143181 -0.000113029 -0.0025544 0.000422264 -0.00739721 0.0130911 -0.00372842 0.00116057 -0.00382218 -0.00595394 0.00427891 0.0116435 -0.00246995 -0.00585478 -0.00049947 -0.00424211 0.00111828 0.00309498 0.0369753 0.0040562 0.000308772 -0.00929405 0.00945035 -0.0101588 -0.0109874 -0.0182465 0.0102032 -0.0139928 0.0094766 0.0332476 -0.00287467 -0.0104417 0.000827411 -0.00963711 0.00491333 0.00728228 -0.00709888 -0.0085958 -0.0031558 -0.00748821 -0.0146526 -0.010675 -0.0127849 -0.0239873 -0.0391016 -0.00671061
internal_weight=0 20920.9 20849.4 425.679 360.283 20423.8 2647.18 2120.27 1054.51 17776.6 15040.3 14822.6 1065.76 971.565 2736.27 174.088 186.195 14636.9 2631.46 12005.4 1515.82 217.705 1718.03 532.331 337.468 1185.7 135.199 185.76 2517.25 948.033 380.692 313.881 10287.4 642.134 30.2735 1115.64 561.639 273.985 287.654 950.519 913.794 312.807 36.7255 121.614 194.863 24.6923 565.305 185.113 380.192 103.134 277.058 387.404 97.752 271.014 254.729 190.305 135.303 252.006 234.684 81.4759 41.494 153.208
internal_count=2229234 2228742 2172269 70866 40756 2101403 166105 132031 79185 1935298 1231601 1209483 52846 25987 703697 27681 13075 1190448 275360 915088 164874 22118 257389 78497 50561 178892 15670 19035 567502 353298 138268 112618 657699 44254 5242 110486 75468 38889 36579 130327 126773 40641 3554 55256 27936 3455 34547 17985 16562 5110 11452 27720 4739 38747 16534 8768 7139 36349 35758 3675 1594 32083
cat_boundaries=0 2 4 6 8 10 12 14 16 17 18 19 21 23 25 27 28 30
cat_threshold=1360294199 811930050 2637859 7737793 902824004 696257584 103467883 28721417 4107272576 302514724 2164270080 608798368 13312 624146 142611584 73748 1 2 172 10520064 235441160 0 604603392 549453844 302004224 100696834 1048584 36 1207997824 369164288
is_linear=0
shrinkage=0.05


Tree=99
num_leaves=63
num_cat=3
split_feature=21 28 34 20 55 6 20 3 21 46 6 2 7 26 45 18 24 34 21 34 44 44 44 18 17 57 21 21 52 48 34 45 49 41 46 46 25 46 44 32 46 59 44 44 44 46 46 40 20 47 9 48 46 56 31 20 45 46 45 7 47 20
split_gain=13.2015 8.9252 7.30978 7.19723 6.3645 6.33405 6.08896 5.68993 5.55077 5.48088 5.42495 7.83298 7.33908 5.82817 6.54622 6.15552 6.86863 7.07546 7.55562 6.80717 6.39373 6.76601 6.38622 6.03414 8.29328 5.9064 5.59649 5.47252 5.43472 5.39788 5.34321 5.20345 5.66119 5.04689 4.93924 4.90463 5.42392 4.83845 6.47864 5.0262 4.79747 5.38852 4.78814 4.63387 4.61014 8.58672 6.014 6.78674 9.44166 5.44976 4.58753 4.57708 4.56255 4.53073 4.50362 6.64627 4.48319 4.31324 4.29029 4.27014 4.17819 7.98211
threshold=9.5000000000000018 8842.0000000000018 160.00000000000003 41.500000000000007 326.00000000000006 0.34875899553298956 196.00000000000003 0.019255000166594986 1.5000000000000002 47.069480895996101 0.53170400857925426 3.1062000989913945 14.500000000000002 0.33275663852691656 6.5000000000000009 18.500000000000004 1.0000000180025095e-35 52.500000000000007 60.500000000000007 23.000000000000004 28.500000000000004 144.50000000000003 88.500000000000014 45.500000000000007 17.500000000000004 1.0000000180025095e-35 21.500000000000004 494.50000000000006 1.0000000180025095e-35 2.5000000000000004 5.5000000000000009 8.5000000000000018 0 1 15.245833396911623 17.571107864379886 1.5000000000000002 36.14802551269532 22.500000000000004 1.2849999666213991 29.949069023132328 0.92857143282890331 174.50000000000003 187.50000000000003 85.500000000000014 34.025722503662116 54.73506164550782 2 29.500000000000004 169.50000000000003 33.500000000000007 4.5000000000000009 15.97356700897217 2.5000000000000004 259.50000000000006 27.500000000000004 135.50000000000003 34.656499862670906 2.5000000000000004 45.500000000000007 91.500000000000014 5.5000000000000009
decision_type=10 2 2 2 8 10 2 10 8 10 10 10 8 2 10 10 2 2 10 2 2 2 2 10 2 2 10 10 2 10 2 10 1 1 10 10 10 8 2 2 10 2 2 2 2 10 10 1 2 2 10 10 8 2 2 2 10 10 10 10 2 2
left_child=1 7 3 4 -2 6 8 54 9 -3 13 -12 -13 15 34 25 17 22 -19 20 27 -22 -17 57 -25 26 31 28 -18 -5 42 32 37 -32 -15 36 -36 38 -6 -39 41 43 -23 -31 -16 49 47 51 -49 -46 -26 -47 -9 -35 -1 -56 60 -21 -41 -14 61 -30
right_child=2 5 -4 29 10 -7 -8 52 -10 -11 11 12 59 14 44 16 19 18 -20 23 21 30 -24 24 50 -27 -28 -29 56 40 33 -33 -34 53 35 -37 -38 39 -40 58 -42 -43 -44 -45 45 46 -48 48 -50 -51 -52 -53 -54 -55 55 -57 -58 -59 -60 -61 -62 -63
leaf_value=-0.0076969801994747379 0.023436350463361396 -0.029416513279212127 -0.030803416189119689 0.013023658703203371 0.031409950301177013 0.01495207450734269 0.03915410028002262 -0.039822541543955356 -0.0016302747443985325 -0.0051932107262060876 0.024528062888355819 0.024988272251993078 -0.0074834071807893246 0.025281196896092428 0.00081172821269556966 0.004081492017988137 0.0027882343246698159 -0.024555210824284732 0.0013037819727513464 -0.052814317756305795 -0.0049170912154469296 -0.060601837912593021 -0.0029533985429918718 0.0019174023869996375 0.012851343271226527 -0.018460129025910918 -0.0010206813447844677 -0.029435405520532511 -0.015772939691169163 -0.060657631030090732 0.016921957814819939 -0.012825395403416782 -0.0070616739639902176 0.00099746247118252308 -0.05599898951429181 0.0043903768140507093 -0.00077926431670302123 0.041668984266884555 -0.013752449927403952 0.021659280822031644 0.0038506795231827012 0.020022735512266306 0.013931648022862987 0.0077672448113994819 -0.0025774646271696112 -0.02184060565985298 0.0023218021383230977 0.031581324377004096 -0.064420134249980956 0.033844861091572052 0.045772267322193756 0.025521794763309593 0.0076191843363500461 -0.055464152951677961 -0.024908613437804421 0.0092413519256470591 0.034597554320572807 -0.0089261338837735987 -0.005893463491839418 0.015147305573674908 0.0074978045966980593 -0.082768359649453838
leaf_weight=435.17362166223302 28.916379812959349 34.089350400463445 17.549555174024135 184.22065490161185 8.786753344058523 55.833692920627072 8.0230933250859362 4.4470566532363582 3468.7683092297348 71.514918291934009 54.170669718077988 28.407349612098187 98.784516096435254 26.952709631645121 5147.2156530716311 1974.4552109338238 787.41214019262407 48.334329546919435 65.867735964624444 5.5838153659133232 1717.6983985211555 4.4685198962688437 384.81730898423666 1052.366703750904 43.881901092332555 56.064859587295359 2138.4086279078138 13.359019816358339 37.109047417121474 7.6705997980898228 67.901578715456708 209.94313845518445 250.8142350245962 68.709695960002136 6.0429281983524588 1314.3749322203075 12.142965340521185 13.046033040256587 41.500333925809173 27.205311835168686 426.6482536839103 4.3390948743326581 3.0392729355953634 3.1713962415233254 38.475837097037584 30.625839037529659 23.013831926888088 2.3775793190579888 16.628604376805015 12.949397284071891 13.558368101483209 5.2112967972643665 73.637264660483197 2.7451250422745934 85.75129495856163 16.504893320823612 3.6823688652366391 42.202084005562938 27.63653583478299 25.371945067658089 13.05452960867842 4.1996003090171135
leaf_count=182527 458 13132 41849 4084 646 3023 84 1373 344555 10092 2162 190 2997 351 161567 191421 33801 22861 18013 485 120874 254 62556 108734 1799 21250 488360 1270 2094 293 5705 46672 42581 6141 164 34800 252 1033 6995 3812 16130 70 85 135 963 1251 1579 97 922 216 337 175 26324 367 173786 4223 80 2843 6297 484 830 239
internal_value=0 -0.00255408 0.000566798 0.000601762 0.000395793 -0.00161089 -0.00187313 -0.00811749 -0.00197615 -0.0132152 0.000352611 0.00837995 0.00252387 0.000246812 0.00137425 -0.000572907 0.000284958 0.00234357 -0.0097588 -0.00102733 -0.00239233 -0.00403586 0.00293328 0.00218329 0.00293741 -0.00253785 -0.00220266 0.00117646 0.00169436 0.00585655 0.00623446 -0.00655928 -0.00296902 0.00852816 0.00446672 0.00402708 -0.0210904 0.00580871 -0.00540257 0.0149144 0.00284557 -0.0238942 -0.0323384 -0.0416769 0.00057677 -0.00871223 -0.0190904 -0.0279563 -0.0514325 0.00706469 0.0212724 -0.0144475 0.0044479 -0.00167592 -0.00994801 -0.0193604 -0.0129405 -0.015032 0.00791769 -0.00277464 -0.0167273 -0.0243793
internal_weight=0 4253.74 16643.1 16625.6 15999.5 3638.23 3582.4 615.514 3574.37 105.604 15970.6 206.734 152.564 15763.9 6636.01 9127.85 6354.45 2473.47 114.202 3880.97 2723.38 1864.56 2359.27 1157.59 1109.81 2773.41 2717.34 858.817 845.458 626.05 146.864 578.932 368.989 139.356 1359.51 1332.56 18.1859 118.175 50.2871 67.8879 441.829 15.1811 7.50779 10.842 5276.5 129.282 77.8572 54.8433 19.0062 51.4252 57.4403 35.8371 78.0843 71.4548 537.43 102.256 58.0455 47.7859 54.8418 124.156 54.3632 41.3086
internal_count=2228743 759119 1469624 1427775 1407063 370886 367863 388233 367779 23224 1406605 5833 3671 1400772 202337 1198435 580789 294851 40874 285938 171740 133426 253977 114198 110870 617646 596396 38314 37044 20712 12552 108036 61364 12213 35567 35216 416 18783 7641 11142 16628 498 339 428 166770 5203 4024 2445 1019 1179 2136 1426 27697 6508 360536 178009 3243 3328 10109 3481 3163 2333
cat_boundaries=0 1 2 3
cat_threshold=4 168 512
is_linear=0
shrinkage=0.05


Tree=100
num_leaves=63
num_cat=11
split_feature=59 38 23 51 21 38 39 38 41 27 21 21 38 38 21 44 21 6 39 27 39 18 27 6 48 47 7 20 8 44 22 48 22 38 47 38 44 38 22 38 7 1 20 44 47 20 44 21 44 27 21 38 39 21 21 44 23 20 45 22 6 45
split_gain=10.2165 9.85076 8.99056 8.11666 8.63225 8.23948 8.28972 7.8129 6.96326 7.70903 7.04042 6.70832 15.3005 7.27203 6.70748 7.397 6.79959 6.57136 6.48077 6.41935 6.15749 6.07319 6.02161 6.64001 5.8753 6.98515 5.71886 5.63062 5.60575 6.88362 5.34635 5.48135 5.27887 9.92498 9.09143 7.21292 6.31125 5.9066 5.66513 11.6076 6.11322 5.26266 5.16115 5.13427 5.14861 6.06633 8.24538 5.09011 4.94988 6.97051 4.94434 8.83532 5.68232 4.93026 11.9402 5.34949 4.85903 4.8295 4.74339 4.70205 4.69322 7.35654
threshold=0.40588235855102545 0 0.044978827238082893 0.17500000447034839 9.5000000000000018 1 7.5000000000000009 2 3 5.5000000000000009 7.5000000000000009 323.50000000000006 4 5 46.500000000000007 146.50000000000003 89.500000000000014 0.59797248244285595 2.5000000000000004 13.500000000000002 3.5000000000000004 80.500000000000014 16.500000000000004 0.43639899790287023 5.5000000000000009 342.00000000000006 19.500000000000004 4.5000000000000009 0.95496472716331493 5.5000000000000009 40.148351669311531 3.5000000000000004 20.135632514953617 6 52.500000000000007 7 2.5000000000000004 8 206.58333587646487 9 44.500000000000007 148.50000000000003 4.5000000000000009 331.50000000000006 256.50000000000006 35.500000000000007 77.500000000000014 274.50000000000006 10.500000000000002 7.5000000000000009 294.50000000000006 10 3.5000000000000004 25.500000000000004 18.500000000000004 76.500000000000014 0.63653856515884411 9.5000000000000018 153.50000000000003 4.8007633686065683 0.24225699901580813 63.500000000000007
decision_type=2 9 8 2 10 9 2 9 1 10 10 8 9 9 10 2 10 10 2 8 2 10 10 10 10 2 8 2 8 2 8 10 8 9 2 9 2 9 10 9 10 10 2 2 2 2 2 10 2 10 10 9 2 10 10 2 8 2 8 10 10 8
left_child=2 47 -1 4 5 6 8 50 9 10 24 13 27 21 15 18 22 41 26 -17 -18 57 23 48 25 43 -9 58 29 -5 31 -12 33 34 35 36 -15 -35 -34 -40 -41 -7 -31 44 45 -4 -47 60 -16 -50 -3 -52 -53 54 -28 -56 -33 -6 -13 -36 -2 -62
right_child=1 7 3 28 11 17 -8 14 -10 -11 30 12 -14 32 16 19 20 -19 -20 -21 -22 -23 -24 -25 -26 -27 53 -29 -30 42 -32 56 38 37 59 -37 -38 -39 39 40 -42 -43 -44 -45 -46 46 -48 -49 49 -51 51 52 -54 -55 55 -57 -58 -59 -60 -61 61 -63
leaf_value=-0.021679038602298521 0.025003066440183491 0.0021970633608126449 -0.0033931837184551432 0.013711318678508859 -0.015091566349615832 -0.0052764999601196804 -0.01674714359837836 -0.062255302735272355 0.0034415693501713752 -0.029391079300346807 0.023668614760536315 0.0036004976104552114 -0.017051272740943462 0.016663122882840723 0.039070304163838332 0.03238867428164157 -0.016827839400602451 0.02546602468241926 -0.0044080467299268261 -0.034803398827882109 0.0077576725090653517 -0.00050388534227938477 -0.041119533886190343 0.043627870300363913 -0.041142039100235409 0.039019025056728822 -0.026960947391433922 -0.05537905338667054 0.0054184175098833881 -0.029516419026121232 -0.032938440304021092 0.010632799493306458 -0.0003573806125855485 -0.0071188938878925722 0.070508497347724686 0.0092232280953192941 -0.028073176293373431 0.002028516588937409 -0.012987443996915924 0.0092252293948151751 0.032582093424888665 -0.025887160938297321 0.0071564075032612938 -0.068501249501606645 0.017861683971032438 -0.080517596948867301 -0.015193751875294257 -0.016785702276767196 -0.016931829241203008 0.01861849859569709 0.023079700369104256 -0.038440891946347464 0.020055461256973123 -0.04309616218100179 0.042772404618031425 -0.038832143070287088 -0.039954473384853278 0.0017865101037214547 0.040943668468164787 0.015478795945832517 0.012355940869114934 -0.043107259379213128
leaf_weight=48.8553805194897 84.031561609775963 3542.1269362315834 217.66668918199593 21.507276803356945 193.43023751823785 1679.4490227478245 69.62028930397355 9.4269957355354546 844.05000523481704 27.9595560969301 49.51964701176621 150.6706694132863 168.62031240185206 9.445394996320827 9.2559018196625384 13.381925274712559 67.006197907436217 16.156191112429951 53.057120945037241 3.8214331167218907 39.960576517531081 261.96848146366665 4.1877671431266199 14.905504244030451 10.427581389310943 7.9347788167651734 34.733462742116899 2.8651035237999158 812.17170237173741 34.90726743061532 5.3946486607601392 12.518175246426837 9495.8279403823744 185.57978232825826 3.0460693068162064 61.796184557693778 34.019005775538972 1744.6569523769213 46.395051306551977 140.42121219471665 34.491117022524122 30.631233028966562 12.631053611898095 2.2443605966400346 21.482201110280585 4.5247922695707521 46.265994381617929 11.163909222115761 26.203260895548738 26.96514348931305 53.327089245431125 12.076653705356877 5.3336025868193238 17.823815043420836 10.20892570982687 1.6277249387057953 6.3665938167832783 53.945580631885605 8.0350889224209805 215.85842142513866 64.620020085960277 5.599183994519989
leaf_count=43918 5293 159681 42318 723 106853 353806 12129 623 113159 10933 804 30588 33417 465 694 1191 17021 352 15617 2200 6554 65017 2698 354 1055 92 24214 459 49902 3340 333 256 864769 12425 118 3600 4004 68063 15401 21021 7020 71418 278 113 482 226 1721 509 2991 4584 1895 1752 510 4111 1337 551 189 11229 630 19343 2476 303
internal_value=0 0.00230304 -0.000477689 -0.000414539 -0.000674097 -0.00306321 -7.76277e-05 0.00177472 0.000858073 -0.004403 -0.00262793 -0.000104702 -0.00712815 8.16649e-05 -0.00544853 -0.0136934 0.000605513 -0.00532388 -0.017866 0.0163711 -0.00765642 -0.00570507 0.0114082 0.0147414 -0.00592903 -0.00457299 -0.0273504 0.00406774 0.00425338 -0.00933249 0.0111567 0.0150587 0.000332812 0.00251233 0.0104556 -0.00129517 -0.0148545 0.0011137 -0.000172706 0.00771726 0.0132375 -0.00566059 -0.0198257 -0.00588586 -0.00516738 -0.00706964 -0.0224556 0.0138775 0.00726487 0.00110891 0.00245414 0.0154591 -0.0132225 -0.0213667 -0.012319 0.0293996 -0.00757325 -0.0114186 0.00573567 0.0165617 0.0170845 0.0073902
internal_weight=0 4110.84 16793.4 16744.5 15863.3 3052.21 1325.98 3945.43 1256.36 412.305 384.345 12811.1 330.191 12480.9 332.566 144.081 188.484 1726.24 126.878 17.2034 106.967 509.344 81.5176 77.3298 310.546 300.119 73.8209 161.571 881.217 69.0456 73.7991 68.4044 11971.5 2254.4 324.165 105.261 43.4644 1930.24 9717.14 221.307 174.912 1710.08 47.5383 292.184 289.94 268.457 50.7908 165.415 62.4243 53.1684 3612.86 70.7373 17.4103 64.3939 46.5701 11.8367 18.8848 247.376 158.706 218.904 154.251 70.2192
internal_count=2229128 257159 1971969 1928051 1873808 609386 183810 248578 171681 58522 47589 1264422 65094 1199328 84740 49844 34896 425576 46453 3391 23575 183099 11321 8623 46007 44952 30836 31677 54243 4341 1582 1249 1016229 108018 27530 8069 4469 80488 908211 43442 28041 425224 3618 44860 44747 44265 1947 8581 8269 7575 163838 4157 2262 30213 26102 1888 445 118082 31218 19461 8072 2779
cat_boundaries=0 2 4 6 7 9 11 13 15 17 19 21
cat_threshold=2299002882 4207236 190582818 555886142 1962182544 305204322 160 2987014507 402847583 34080866 159404572 67109124 608512256 67108868 536872960 2820034689 35783744 2290395008 1707072 1080033664 303039552
is_linear=0
shrinkage=0.05


Tree=101
num_leaves=63
num_cat=11
split_feature=55 23 26 42 20 6 3 41 47 22 26 38 22 23 5 38 38 38 41 26 59 26 42 3 6 23 25 38 34 46 41 47 59 38 46 59 44 46 22 45 1 47 46 25 26 23 23 23 22 47 44 32 18 26 22 16 30 39 26 26 20 52
split_gain=11.793 9.42086 9.21128 10.7537 10.5066 8.57941 8.976 7.54961 10.5816 7.36541 6.94921 9.77575 9.08089 8.16115 7.8843 7.87329 6.96639 6.60403 6.35762 6.57354 7.72941 6.50939 6.33997 6.31463 6.26868 7.8498 6.72843 6.11902 6.03443 5.55175 5.807 5.68385 5.50956 8.95218 10.7449 12.7637 16.0246 9.78221 9.08161 8.04151 7.25511 6.92577 6.92473 8.98746 6.70623 7.22065 8.89705 22.5938 14.6241 10.0301 9.75994 6.65429 6.25467 6.23759 5.98398 7.11033 5.73661 6.28634 6.27934 5.78837 5.58514 6.47721
threshold=216.00000000000003 0.050039123743772514 0.61556267738342296 0 28.500000000000004 0.51191249489784252 0.21876600384712222 1 154.50000000000003 87.183330535888686 0.11435678601264955 2 337.50000000000006 0.62164562940597545 3.8781999349594121 3 4 5 6 0.30031646788120275 0.73214286565780651 0.49915254116058355 7 0.023675000295042995 0.40065050125122076 2.2934057712554936 20.500000000000004 8 7.0000000000000009 65.437152862548842 9 129.50000000000003 0.73214286565780651 10 23.191629409790043 0.92857143282890331 12.500000000000002 62.304426193237312 79.535713195800795 20.500000000000004 38.500000000000007 158.50000000000003 47.447988510131843 8.5000000000000018 0.46195203065872198 11.327044010162355 2.4248186349868779 3.0271403789520268 46.038461685180671 73.500000000000014 20.500000000000004 2.4050000905990605 558.50000000000011 0.16458301246166232 40.607690811157234 22.500000000000004 0.98344999551773082 1.5000000000000002 0.35732790827751165 0.42237871885299688 47.500000000000007 1.0000000180025095e-35
decision_type=8 8 2 1 2 10 8 1 2 8 2 9 10 8 8 9 9 9 1 2 2 2 1 10 10 10 10 9 2 10 1 2 2 9 10 2 2 10 10 10 10 2 10 10 2 10 10 10 10 2 2 2 10 2 10 2 2 2 2 2 2 2
left_child=-1 28 5 4 7 10 -7 9 -9 27 11 12 13 17 -13 18 23 -3 19 20 -12 -20 -21 -16 32 26 -26 -4 -2 30 31 -6 -17 37 35 -35 -37 42 41 52 -38 53 43 44 45 46 56 50 49 51 -48 -49 -40 -36 55 -44 -34 58 -58 -59 61 -43
right_child=1 2 3 -5 29 6 -8 8 -10 -11 15 14 -14 -15 16 24 -18 -19 21 22 -22 -23 -24 -25 25 -27 -28 -29 -30 -31 -32 -33 33 34 38 36 40 -39 39 -41 -42 60 54 -45 -46 -47 47 48 -50 -51 -52 -53 -54 -55 -56 -57 57 59 -60 -61 -62 -63
leaf_value=0.02770759117760567 -0.0012885872211042537 0.001626958671031393 0.011565580623908459 0.0064526535864797632 0.021295597717492218 0.0019433850218949222 0.02068420391637146 -0.01194979696275749 -0.086239658469326838 -0.053861133151319462 -0.0081495505065829425 -0.018000931291516611 0.031272991975575135 0.00059614749955882985 -0.024954455016287871 -0.00095401851089670737 -0.0034384258049951835 -0.016673996371412852 0.0039473957507831781 -0.012746080952689184 0.018607686481166629 -0.013254432124359273 0.013109859219583762 0.010128051181871859 -0.043850372626424744 0.023596565434568395 0.03483575133116084 -0.015963837560712159 -0.031220296820388391 0.02270154443444956 0.012064224232505298 -0.025061826532515454 0.0089031620845624916 0.033376917516009436 -0.044080658025084839 0.0023925275169253634 -0.065349941344748155 0.021942094244693615 -0.06084008038993502 -0.005253401172458652 -0.010775080174721978 -0.012901434838470541 0.00233203009903344 0.03548129192749086 0.012920420871626398 0.042031905870267276 -0.010327643809531118 -0.077981829645536016 0.035175070679025144 0.0029070673095101126 -0.081804727795061469 -0.0034790058159612511 0.036934155047669497 0.0064951028290466872 -0.023800108154487992 -0.044466351848685255 -0.00099482998249025129 0.0014957566703015747 -0.023497940129676154 0.030676956197020922 0.0051288105738496112 -0.067904240139726138
leaf_weight=36.923797489289427 29.216995521231183 83.533747243518519 83.561250083730556 1032.6484940072551 7.6571811559842891 194.73707424369059 94.265362720339908 198.3229948458029 3.9475238617742425 4.3187175061902954 346.62458175473512 110.78640679424643 21.821376208188667 1870.8642960953148 74.43280830231015 10775.626026454083 1619.4426230871704 119.9226433396434 2173.16938457777 30.262251001622644 28.322619869446498 55.467138933599927 98.372530307940906 14.8801684504524 22.269941202481284 6.4895108583150423 2.3270746690395745 16.264721377956448 39.035094748999654 46.464757735317107 43.198856493050698 28.928856176382396 251.63546279516595 8.1314170996192825 5.2315979158447581 22.013681122654816 24.896533368446399 77.322030860261293 13.476984454096963 25.189209102776658 8.5481151699786988 62.217195826131501 122.69095907077281 23.253041036885406 181.29038323853456 10.016060031950472 7.6357443920569521 7.5415424068924022 20.312663678079844 22.898069439223036 13.371586235647554 4.7666321939323097 1.1773498561233271 307.50692683334637 34.91548819464515 7.6867729506921014 85.962596320692683 93.341831847908907 47.56881645572139 19.808215072727762 42.245878717629239 4.9725526735710437
leaf_count=566 6395 29328 1578 22263 102 5053 3516 5300 194 181 54656 93785 5998 364491 94783 646957 417433 62502 284126 2889 2800 4372 7072 8977 1446 168 99 929 50415 921 775 755 7154 159 687 563 979 2029 1276 1320 654 3716 3753 878 3314 185 200 370 467 572 662 145 25 8906 1492 127 3119 2986 1318 368 1194 430
internal_value=0 -0.000199969 -0.000138565 0.00368192 -0.00293067 -0.000428785 0.00810642 -0.00792611 -0.0131689 0.00323014 -0.000558947 -0.00243562 -9.47261e-05 -0.000440074 -0.00510229 -7.20531e-05 -0.00428582 -0.00992486 0.00235154 -0.00268775 -0.00608425 0.00349783 0.00697566 -0.0171618 -0.000609165 -0.0226814 -0.0353359 0.00653012 -0.0186109 0.00916056 0.00109123 -0.0118882 -0.00055219 0.00222648 -0.00306292 -0.022223 -0.030822 0.00490292 -0.000449676 -0.0229643 -0.0521189 0.00172444 0.00355268 0.00550086 0.00454587 0.00193237 0.0011619 -0.0145996 0.0023532 -0.0170323 -0.0574741 -0.0515583 -0.0511272 0.00551125 -0.0057285 -0.000744556 0.00360677 -0.00181013 -0.00912635 0.00682825 -0.0090492 -0.0179082
internal_weight=0 20834.8 20766.6 1465.31 432.665 19301.2 289.002 306.415 202.271 104.145 19012.2 3915.68 2096.14 2074.32 1819.54 15096.6 1708.76 203.456 2732.22 503.582 374.947 2228.64 128.635 89.313 12364.3 31.0865 24.597 99.826 68.2521 126.25 79.7849 36.586 12333.3 1557.63 525.607 63.5897 55.4583 1032.02 462.018 39.8435 33.4446 422.174 954.696 789.403 766.15 584.859 574.843 76.5262 55.5189 35.2062 21.0073 12.3082 14.6543 312.739 165.293 130.378 498.317 246.681 133.531 113.15 109.436 67.1897
internal_count=2229873 2229307 2172497 32998 10735 2139499 8569 8182 5494 2688 2130930 1077297 462319 456321 614978 1053633 521193 91830 355915 67417 57456 288498 9961 103760 697718 1713 1545 2507 56810 2553 1632 857 696005 49048 19909 2355 2196 29139 17554 2621 1633 14933 27110 21738 20860 17546 17361 2416 1554 1087 862 515 1301 9593 5372 3880 14945 7791 4437 3354 5340 4146
cat_boundaries=0 1 2 4 6 8 10 11 12 14 15 17
cat_threshold=1 26 3954328743 575349456 335868440 743872015 8256 25186304 2174878854 574619712 18 2 1344274432 268435488 208 1078984870 304089280
is_linear=0
shrinkage=0.05


Tree=102
num_leaves=63
num_cat=16
split_feature=55 21 59 38 38 57 38 58 50 38 6 40 38 5 22 38 58 22 38 38 58 2 38 2 58 47 47 47 22 22 45 20 20 22 21 38 8 46 46 26 44 38 38 38 26 26 46 46 21 44 22 44 47 21 7 34 41 24 47 24 44 38
split_gain=12.1736 9.58974 9.03115 14.8314 9.65502 8.1824 33.7804 16.8593 7.56835 8.10979 9.76718 8.89303 9.733 8.3098 8.27994 7.86525 7.39653 7.25883 10.2195 7.22971 7.19229 7.17443 9.0639 7.06963 7.00918 6.90965 10.6978 7.52647 9.47127 9.01699 6.88015 6.77762 6.7637 6.73035 6.97592 11.6784 7.49703 6.50561 8.23531 9.26155 7.39613 6.75127 6.3692 6.34695 6.29294 6.27167 8.13033 6.22633 6.21984 9.25356 6.73565 6.31169 6.13402 7.20066 6.08828 6.00742 7.66777 6.11753 5.92001 6.51319 8.2251 5.85517
threshold=237.50000000000003 2.5000000000000004 0.65151515603065502 0 1 1.0000000180025095e-35 2 2.5000000000000004 1.0000000180025095e-35 3 0.54603099822998058 4 5 1.842200040817261 320.50000000000006 6 1.5000000000000002 121.54999923706056 7 8 4.5000000000000009 2.9942500591278081 9 18.039850234985355 1.5000000000000002 43.500000000000007 38.500000000000007 102.50000000000001 18.184659004211429 33.026315689086921 8.5000000000000018 2.5000000000000004 1.0000000180025095e-35 6.9600863456726083 11.500000000000002 10 0.98930296301841747 30.933794975280765 38.482059478759773 0.41196343302726751 75.500000000000014 11 12 13 0.38476800918579107 0.60038760304451 48.774536132812507 34.845594406127937 7.5000000000000009 2.5000000000000004 38.148351669311531 45.500000000000007 140.50000000000003 26.500000000000004 27.500000000000004 11.500000000000002 14 1.0000000180025095e-35 156.50000000000003 1.0000000180025095e-35 61.500000000000007 15
decision_type=8 8 2 9 9 2 9 2 2 9 10 1 9 8 10 9 2 10 9 9 2 10 9 8 2 2 2 2 10 10 8 2 2 8 10 9 10 10 10 2 2 9 9 9 2 2 10 10 10 2 10 2 2 10 8 2 1 2 2 2 2 9
left_child=-1 45 5 16 -5 8 -7 44 9 11 14 19 -13 32 21 -16 25 -6 -19 30 43 33 -23 -12 -20 26 55 29 -29 -27 47 -21 -14 -11 35 36 -35 58 40 41 -39 -40 -36 -10 -8 -2 -47 -3 -37 -50 -51 -52 53 -33 -31 56 57 -4 59 -30 -61 -18
right_child=1 2 3 4 17 6 7 -9 20 10 23 12 13 -15 15 -17 61 18 24 31 -22 22 -24 -25 -26 27 -28 28 37 54 -32 52 -34 34 42 48 -38 38 39 -41 -42 -43 -44 -45 -46 46 -48 -49 49 50 51 -53 -54 -55 -56 -57 -58 -59 -60 60 -62 -63
leaf_value=0.027993625710247633 -0.014151853372350549 0.0031303211508680612 -0.0084597578219687049 0.020477403886783645 0.0042591229057042769 -0.040064935324086087 0.020956421369637584 -0.025178205583284225 -0.009820153469528841 0.0062091860380416863 0.0072560958130366525 0.0041016003357073477 0.10693188209063226 -0.0066163883050572832 0.027307718083637463 -0.0087584508611287335 0.0052051333762529175 0.014885600155825017 -0.041913745772189905 -0.008592019989365365 0.0423706206935947 -0.0061260261446084985 0.011670381893985757 0.036025188219009983 -0.0068964118168739659 0.00066131105117496003 0.040780565610534308 -0.050812759974922378 0.045349079521619456 -0.073407067959814332 -0.013677506825190984 -0.018016566875820938 -0.0033397031415497505 -0.0015060379583117852 0.0014618728045704245 -0.0040208464503176241 0.0075839215497752899 -0.074365454140631004 0.020253812492190326 -0.059255033787525217 -0.00024283051561131052 -0.0193223189000007 -0.0010540948358500283 0.0046686750630586136 -0.0044866895641360741 -0.02805279288828463 0.010948077238936385 -0.009519919538685433 -0.068368559505289139 -0.01388794074875702 0.0084083957887643775 -0.026779569724717317 -0.0040103865175396677 0.0092191608709109932 -0.030523518686295339 -0.040736280867821023 0.019288228401041239 -0.076630719655653934 -0.039880102326133773 0.036134491045440711 -0.064083245806105901 -0.011626348897208913
leaf_weight=37.558891719716485 195.98070126251741 164.84454005645875 10.411541817709802 79.488512397365412 2046.3904417587455 54.291624276727816 76.977165556676482 37.740407374665665 72.943580582321374 369.50160543723905 88.101510508422507 673.02114670958963 1.948130613048306 394.45930685073154 39.301557170816523 19.887298490220928 163.82383172190021 22.157493458245881 26.832489161826743 266.06823481426909 11.065602414048042 93.992294490735731 245.83894981348021 27.513641546509461 30.349047489293298 15.461487786951691 12.57705765464925 10.554381374528928 14.820250854972988 11.93751165238791 385.94733673207975 26.029065726179397 2.5212566492600672 1308.9442780305635 4254.5739570921814 863.15005415426185 273.33743029002108 7.4639265493751719 23.110484579141488 4.5106231382815158 5.5978507567197084 6.9438956785397741 6119.8737193091565 890.21956093516746 34.859880816700752 16.015597411780618 61.345399559504585 234.91554437552622 6.0750197279849081 311.63380761588269 69.270215744494635 14.571864340995488 283.60300571696462 242.15369411122811 31.908680871587421 10.685021036711985 16.190366165536947 4.0224744398146859 2.839600551982584 3.3342196698795297 2.9349492410765379 62.356295041980047
leaf_count=571 62310 31067 434 2838 75115 25527 12031 10793 12757 10075 1660 87927 1430 155897 4462 6051 7188 1499 2705 118071 301 9718 16838 794 2201 4421 628 2634 1114 772 90988 12528 1479 128880 335098 213887 18668 1275 2334 412 1208 3306 446021 49446 2641 1436 2575 53024 420 22033 8759 8073 84581 41657 5354 3606 472 162 704 310 606 18162
internal_value=0 -0.000126618 -2.8593e-06 0.00273495 0.00436955 -0.00040342 -0.0103387 0.00310016 -0.000288765 -0.000537585 -5.76492e-05 -0.00305526 0.000459069 -0.0056425 -0.000177797 0.0183272 -0.00577416 0.0036649 -0.011068 -0.00542238 0.00399331 -0.000257731 0.0069073 0.0143527 -0.0202806 -0.0130122 0.00219936 -0.0187832 -0.00880467 -0.0322232 -0.00881029 -0.00202849 0.0554887 -0.000437382 -0.00062359 -0.00281553 6.76137e-05 -0.00199361 -0.0126146 0.000495361 -0.0448753 0.0110822 -2.18589e-05 0.00350891 0.0130563 -0.00941313 0.002619 -0.00430869 -0.00637008 -0.0115555 -0.0105126 0.00204912 0.00110953 0.00651863 -0.0435755 -0.0102333 0.00136095 -0.018928 0.0188038 0.028153 -0.0131445 0.000251411
internal_weight=0 20859.2 20585.9 2626.7 2205.22 17959.2 203.869 149.577 17755.3 16781.1 14105.6 2675.51 1071.95 398.929 13990 59.1889 421.484 2125.73 79.339 1603.56 974.229 13930.8 339.831 115.615 57.1815 195.304 53.8865 141.418 82.1102 59.3077 785.707 817.854 4.46939 13590.9 13221.4 2846.98 1582.28 71.5558 47.6268 34.565 13.0618 30.0544 10374.4 963.163 111.837 273.342 77.361 399.76 1264.7 401.551 395.476 83.8421 551.786 268.183 43.8462 41.3094 30.6244 14.434 23.929 21.0894 6.26917 226.18
internal_count=2229934 2229363 2163042 139460 84358 2023582 50992 25465 1972590 1910086 1231437 678649 246733 158806 1228983 10513 55102 81520 6405 431916 62504 1218470 26556 2454 4906 29752 5302 24450 13903 10547 175079 256837 2909 1191914 1181839 400720 147548 11269 8535 6052 2483 5640 781119 62203 14672 66321 4011 84091 253172 39285 38865 16832 138766 54185 6126 4674 1068 596 2734 2030 916 25350
cat_boundaries=0 2 4 6 8 9 11 13 15 17 19 21 23 25 27 28 30
cat_threshold=572568939 769490957 151519232 10434 1364488503 808784259 126389314 193361244 512 50332674 33562884 1349665057 811631264 1064976 268570880 1090 192962564 672284817 606076928 676614400 806421026 35664929 675807232 4161155469 71336064 135397633 6422530 164 572526848 1048576
is_linear=0
shrinkage=0.05


Tree=103
num_leaves=63
num_cat=14
split_feature=59 38 21 21 23 38 21 21 6 22 38 46 22 39 38 21 27 20 38 21 57 39 46 46 38 20 45 20 22 38 38 38 2 38 45 21 46 34 38 39 48 38 48 45 48 38 46 46 18 2 41 22 8 22 26 20 46 26 26 47 45 23
split_gain=12.3712 11.2611 9.24734 8.5952 7.54529 19.1554 15.9744 12.9663 7.95104 7.74918 16.3209 13.5783 10.1654 9.77814 8.38411 9.84669 8.22088 9.65238 7.126 7.76914 7.04659 12.7516 6.98768 6.9263 6.8376 7.13279 6.88806 6.71699 8.70224 8.64422 7.5731 6.66679 7.28705 6.61682 6.43483 6.40417 6.38113 17.5129 6.20948 8.13565 6.57154 6.19752 8.86478 10.138 6.04807 6.04068 6.35848 7.05833 7.51535 6.97048 6.9423 7.85851 6.76039 6.74039 6.02333 6.81022 10.1704 9.45728 9.24122 17.254 9.24561 8.89115
threshold=0.57738095521926891 0 1.5000000000000002 26.500000000000004 0.65245473384857189 1 60.500000000000007 17.500000000000004 0.24423400312662127 69.77500152587892 2 23.889999389648441 76.062500000000014 4.5000000000000009 3 16.500000000000004 1.5000000000000002 47.500000000000007 4 274.50000000000006 1.0000000180025095e-35 2.5000000000000004 30.933794975280765 46.211931228637702 5 5.5000000000000009 25.500000000000004 15.500000000000002 65.732143402099624 6 7 8 3.1211500167846684 9 5.5000000000000009 53.500000000000007 47.447988510131843 4.5000000000000009 10 1.0000000180025095e-35 1.5000000000000002 11 3.5000000000000004 66.500000000000014 4.5000000000000009 12 27.765227317810062 27.487921714782718 480.50000000000006 8.5373997688293475 13 90.071430206298842 0.89091923832893383 103.70833206176759 0.078753639012575163 21.500000000000004 26.320693969726566 0.26680791378021246 0.43494854867458349 130.50000000000003 2.5000000000000004 1.0813478231430056
decision_type=2 9 8 8 10 9 8 10 10 10 9 10 10 2 9 10 10 2 9 8 2 2 10 10 9 2 10 2 10 9 9 9 10 9 10 10 10 2 9 2 10 9 10 8 10 9 10 10 10 8 1 10 8 10 2 2 10 2 2 2 10 10
left_child=2 3 -1 -2 5 7 44 8 31 14 11 -11 13 38 15 16 17 -6 19 -3 27 22 -22 54 -9 34 -27 28 30 -30 -16 -4 -33 -29 -26 -13 37 -25 39 40 -12 42 43 -36 -7 -14 47 48 49 -47 53 -52 -53 -51 -17 -56 -57 -58 59 -59 -60 -62
right_child=1 18 4 -5 9 6 -8 24 -10 10 12 35 45 -15 20 23 -18 -19 -20 -21 21 -23 -24 36 25 26 -28 33 29 -31 -32 32 -34 -35 41 -37 -38 -39 -40 -41 -42 -43 -44 -45 -46 46 -48 -49 -50 50 51 52 -54 -55 55 56 57 58 60 -61 61 -63
leaf_value=-0.015418777611617782 -0.055993649998006156 -0.0043609449051527126 -0.0013320005853707875 0.02234760211548889 0.019626866963297039 -0.015909959198198736 -0.001449922225346133 -0.00025043935871825972 0.016078007950430278 -0.031051349525316626 -0.036773039949062558 0.036859545497160862 0.0046714042258169273 0.013716394859930481 -0.0012352275962995542 -0.01022859565845775 -9.9936270836524079e-05 0.0005185078241618736 0.0029595425238808952 -0.039640334810573441 -0.036052470389246631 -0.030993307354352791 0.039305380275943963 -0.073799982171822667 0.024311875262872717 0.0049988458740799239 -0.01065794211013657 0.010400841068919822 -0.003799743549862743 0.018874571188287913 0.003610678518149682 -0.0072977581204362084 0.021419696048352234 0.0031618875410243611 -0.0041428952368593947 -0.0080856976337778438 -0.0048310080218819784 -0.0066632398386176619 -0.0026836249671910515 -0.042776386746921961 -0.0062054128272479017 0.014651449772253758 0.022358068024667305 -0.07339623125399411 -0.0028319345776571959 -0.043000480110494593 -0.0048731569760719767 0.038857501279083738 0.034296340230896734 -0.027060080150185229 0.025231220301375902 0.026967235269867308 -0.0062635091346098922 0.0036361069669233973 0.001763771284916 0.008727533724313603 0.020385884105692923 -0.086360168637242038 0.020908296112543395 -0.016655842548363706 0.011613677008785524 -0.016542823242345333
leaf_weight=102.61301305386451 2.689737513945146 109.08213625190729 2877.5303181412805 104.44961104169488 151.18268722551875 476.54030435858431 521.09947360370052 811.18112258900965 57.606742491490877 69.631214683235157 22.334535660571419 7.1222720739897332 744.49551383508151 40.196802718317485 2219.437213423189 149.68640750606573 379.20242347000749 116.91919885127572 2539.0300426450849 17.279746895974313 3.182449126179562 38.034069679146342 11.883336766608407 11.770031722960992 78.293949605998932 443.32334702238222 82.47608832133119 398.04893759155675 63.496694724206463 116.99490837803023 1252.2408849137137 798.76934097248386 21.771985227014738 1558.1044204818063 89.678803314585821 375.92842642522919 794.70750440751362 41.591326951609517 111.50240268505149 31.688113736243395 73.679348620993551 140.6561145942178 30.396805701762787 4.6275628321454851 109.0900586917478 7.936015082304948 506.53523225160461 13.402200649055883 16.515356779564172 33.832342693684041 47.07959534265683 18.118405269546201 75.732724146866531 36.326734543341445 1480.1389589097234 97.793459119478939 23.577556958131026 8.672839382896198 29.161427363520488 123.47459061953123 36.691368671599776 110.20366467454005
leaf_count=32750 776 24020 204381 4718 2156 183112 282580 74538 8568 9502 1509 726 108028 3801 136298 33124 13423 2068 106098 16319 509 13903 1241 400 10164 39152 5680 26065 6943 8195 134418 239181 4336 67555 12988 78688 66894 4291 14703 4336 6094 18685 4168 595 42952 749 64121 872 879 3167 3346 672 8677 4017 70386 1952 1966 356 422 4529 626 2579
internal_value=0 0.00306187 -0.000524268 0.0181984 -0.000438465 -0.00179276 -0.00775359 -0.000562747 -0.00219715 0.000335645 -0.00230704 -0.0106572 -0.000117415 -0.0088568 0.000975855 -0.000927086 0.00464291 0.0113266 0.0023697 -0.0087701 0.00216846 -0.0157893 0.0221338 -0.00217152 0.00308541 0.0061269 0.00252738 0.00234514 0.0010782 0.0117514 0.000520077 -0.0024861 -0.00643234 0.00470877 0.0117887 -0.00715621 -0.00597159 -0.0225569 -0.0126914 -0.0196088 -0.0136217 0.00801639 -0.00063921 -0.00827557 -0.0134828 0.00151451 -0.00163865 0.00487035 0.0027804 0.000258908 0.00208034 0.00821467 0.000368519 -0.00994149 -0.000604495 0.000154816 -0.00538021 -0.00955223 -0.011901 -0.0218448 -0.00435603 -0.00947893
internal_weight=0 2772.53 18093.9 107.139 17991.3 6543.04 1106.73 5436.31 3755.68 11448.3 2232.06 452.682 1779.38 279.401 9216.2 3554.77 647.304 268.102 2665.39 126.362 5661.42 53.0999 15.0658 2907.47 1680.63 869.453 525.799 5608.32 3652.17 180.492 3471.68 3698.07 820.541 1956.15 343.653 383.051 848.069 53.3614 239.204 127.702 96.0139 265.359 124.703 94.3064 585.63 1499.97 755.479 248.943 235.541 219.026 211.09 140.931 93.8511 70.1591 2059.4 1909.71 429.575 331.781 308.204 132.147 176.056 146.895
internal_count=2229947 151931 2078016 5494 2045266 1131080 508644 622436 456466 914186 313887 88916 224971 30443 600299 205172 17647 4224 146437 40339 395127 15653 1750 187525 165970 91432 44832 379474 285854 15138 270716 447898 243517 93620 46600 79414 71585 4691 26642 11939 7603 36436 17751 13583 226064 194528 86500 22379 21507 20628 19879 12695 9349 7184 115940 82816 12430 10478 8512 4885 3627 3205
cat_boundaries=0 2 4 6 8 10 12 14 16 18 20 22 24 26 27
cat_threshold=152567808 142018 1692841733 526226480 2219874116 93586448 197445746 60978734 45385 747209741 262401 324632624 2218393736 676954129 1344287236 335841536 1077973761 319849504 2415919620 605323264 1795448866 839417894 1149244420 134221824 1099196475 37937294 80
is_linear=0
shrinkage=0.05


Tree=104
num_leaves=63
num_cat=9
split_feature=55 21 26 59 38 46 38 56 22 45 26 47 46 47 39 23 21 29 23 46 46 27 38 17 38 23 27 4 45 47 38 44 42 23 7 59 23 23 45 47 39 21 23 46 25 8 20 38 39 59 27 27 45 47 1 23 0 23 49 23 38 25
split_gain=10.3358 9.82092 7.80645 7.81693 9.07212 7.63492 7.61514 6.87927 8.46264 6.37877 6.27086 8.47009 7.05452 12.4653 7.83246 12.0519 6.77997 6.24146 8.25059 5.66259 5.48862 5.37318 10.7421 5.66565 11.4822 6.22053 5.3375 7.35956 5.68094 7.66219 7.45335 8.54694 7.74696 8.05506 7.34941 6.99928 6.52603 7.1219 7.32203 7.99824 6.29803 6.0656 5.95448 5.8251 7.57015 6.24809 5.62475 5.54978 7.80317 5.0673 5.05121 4.9593 5.12511 5.98276 4.91349 4.87805 4.77253 4.74639 5.37569 5.48493 4.73191 4.68182
threshold=237.50000000000003 8.5000000000000018 0.031612258404493339 0.40588235855102545 0 12.078076839447023 1 1.5000000000000002 121.54999923706056 219.50000000000003 0.05872211046516896 32.500000000000007 42.274959564208991 78.500000000000014 2.5000000000000004 0.32334330677986151 36.500000000000007 3777.5000000000005 0.079399775713682189 49.950275421142585 22.023845672607425 17.500000000000004 2 8.5000000000000018 3 0.55565711855888378 12.500000000000002 1.5000000000000002 6.5000000000000009 30.500000000000004 4 18.500000000000004 5 1.4569759964942934 24.500000000000004 0.68333333730697643 0.48517106473445898 2.5213018655776982 3.5000000000000004 67.500000000000014 3.5000000000000004 23.500000000000004 2.5213018655776982 50.727573394775398 3.5000000000000004 1.0060467123985293 17.500000000000004 6 2.5000000000000004 0.73214286565780651 4.5000000000000009 2.5000000000000004 2.5000000000000004 143.50000000000003 14.500000000000002 4.3687744140625009 1025.6507568359377 0.71593117713928234 7 0.81484541296958934 8 7.5000000000000009
decision_type=8 10 2 2 9 10 9 2 10 10 2 2 10 2 2 10 10 2 8 10 10 8 9 2 9 10 10 8 10 2 9 2 1 10 8 2 10 10 10 2 2 8 8 10 10 10 2 9 2 2 8 10 10 2 10 10 8 10 1 10 9 10
left_child=-1 17 6 21 7 -6 -3 9 10 20 -9 -12 13 -13 15 -15 -14 18 -2 -18 -5 23 57 -4 25 -25 28 -28 29 -7 31 32 -31 -34 40 -36 41 43 -39 -40 42 46 -32 45 -45 49 51 48 61 -38 -35 -33 -53 -54 -51 -41 -20 -23 59 -59 -58 -30
right_child=1 2 3 4 5 26 -8 8 -10 -11 11 12 16 14 -16 -17 19 -19 56 -21 -22 22 -24 24 -26 -27 27 -29 47 30 34 36 33 50 35 -37 37 38 39 55 -42 -43 -44 44 -46 -47 -48 -49 -50 54 -52 52 53 -55 -56 -57 60 58 -60 -61 -62 -63
leaf_value=0.026158499889868705 -0.018445617405852925 0.0014291715935281345 -0.00031903031650727616 -0.0017611437819046987 0.036735054031570839 -0.063767883400113121 -0.020179569265841236 0.037803551522480612 0.02731377138315106 -0.049157198537622508 -0.096422586440605182 0.0053121185768475517 0.014626548900230111 0.035060002497844987 -0.012248974077758757 -0.075213478420699614 0.012068853368395279 0.00011210511728372601 -0.021744452542111877 -0.038428534334911085 0.0066282860126812811 -0.0059936378666278012 -0.012485554777428682 -0.0044614446935560678 0.0008450131661744578 0.011621376601112178 -0.056550842537100666 -0.0080411791749815942 -0.067744579358105059 0.050660975230467614 -0.074490770456703978 0.044586439314880433 0.033086081343952405 -0.05252236740347898 0.013047827198221118 -0.028608434742175327 0.0053231929718624282 0.0040850921657145274 0.030756577249176489 -0.092001481220254921 0.0037648078573362209 -0.069343513793811012 -0.006590233176064976 -0.053910774102672879 0.0067057843172479391 -0.039137806543479425 -0.050209445444162816 -0.0017660289905377939 0.00046267703330642358 0.037252212869895093 0.018622768388091356 0.014121905639100261 -0.058979422330158432 0.030028560696620982 0.014035619960043608 -0.00617529457185979 0.0050349034747731621 0.038548172456122826 -0.0077327566532913762 0.0094287374351376806 -0.0036957805785902548 -0.01726925346967139
leaf_weight=36.880718239946873 93.285418526022568 80.27573009279422 9779.4149725610168 219.00523026626615 12.38857593713419 3.0371571077266699 78.271346452796024 5.4559784592129281 15.904907743381044 4.325035720714367 1.9805156540242013 22.953662628715392 36.398541444483271 2.2634665389196043 14.16517690735054 17.526246779743815 8.259861462167466 1613.3332993251024 33.640473086894872 13.823276065551907 1747.5189640659446 79.001152145298875 227.28467618045124 69.797729505793541 2905.2812923795718 412.89044359694526 8.3747121147771395 50.173586408306619 10.147987763615676 20.995920586225111 8.9226916947227437 4.8663303535431721 12.236047090409558 5.5718583606067087 34.978170761387446 13.013151523413397 49.722877903142944 20.599853197112683 2.020152471290201 5.209448778827209 7.4906009468249968 3.4716557489446123 5.0964398771175192 5.9500259942869915 19.224394160963129 3.9684400820697183 4.8616858786699586 666.91546292743078 16.699104908511799 43.960209710232448 3.3614045365829961 10.789567967018231 5.9053345227439413 1.8919162983074782 50.252607551243273 2.4646619153209031 160.43384294346652 20.952392472961947 30.3131061818749 65.469463964236638 1956.427937242609 9.3624142501503211
leaf_count=590 76308 34801 1011568 6996 241 185 43375 247 725 148 170 776 1534 73 775 1229 424 54256 88776 1056 67907 38189 96786 7177 58067 17398 3470 14526 2376 461 486 35 355 265 3891 2600 2191 885 75 396 194 415 201 263 1101 229 223 36647 2392 606 181 405 448 118 1693 142 63561 4052 8145 15181 449339 2451
internal_value=0 1.72022e-05 0.000534517 0.000638872 0.00284802 -0.000791729 -0.0104735 0.00476779 -0.00593983 0.00554832 -0.0104317 -0.0129743 -0.0107259 -0.0230971 -0.0419044 -0.0615211 0.00149846 -0.00226002 -0.00396493 -0.0198362 0.00569356 0.000113089 -0.00542693 0.000291468 0.00205325 0.00910315 -0.00124974 -0.0158131 -0.000425753 0.0047724 0.00555422 0.00905479 0.0298461 0.00784782 -0.00843241 0.00139908 0.00559962 0.00890127 -0.0131509 -0.0467339 -0.0332017 -0.0151518 -0.0518889 0.0128145 -0.00913338 0.0165864 -0.00636861 -0.00301537 -0.0196142 0.0183822 -0.0265721 0.00440096 -0.00785944 -0.0364242 0.0251461 -0.0683268 -0.0033285 0.00326013 0.00979729 0.0151193 -0.00302571 -0.045546
internal_weight=0 20839.6 16982.5 16823.9 3233.51 1123.92 158.547 2109.58 138.732 1970.85 122.827 117.371 115.39 56.9086 33.9549 19.7897 58.4817 3857.12 2243.79 22.0831 1966.52 13590.4 423.021 13167.4 3387.97 482.688 1111.54 58.5483 1052.99 349.863 346.825 277.324 42.1652 21.1693 69.5011 47.9913 235.159 203.373 30.2941 9.69426 21.5097 31.7865 14.0191 173.079 25.1744 147.904 28.3148 703.125 36.2095 143.936 8.93326 23.4531 18.5868 7.79725 94.2128 7.67411 2150.5 195.736 116.735 86.4219 2116.86 19.5104
internal_count=2229776 2229186 1496946 1418770 162207 80147 78176 82060 7009 75051 6284 6037 5867 2853 2077 1302 3014 732240 677984 1480 74903 1256563 162353 1094210 82642 24575 79906 17996 61910 18044 17859 10487 1262 801 7372 6491 9225 7581 1498 613 881 1644 687 6083 1364 4719 1229 43866 7219 4490 446 1006 971 566 2299 538 601676 65567 27378 19233 512900 4827
cat_boundaries=0 2 4 6 8 10 11 13 14 16
cat_threshold=4230792242 275791590 1542232777 575906153 2039909452 642101830 2216040378 5549184 30417540 101056768 4 8708 536871168 6 2164801568 23069198
is_linear=0
shrinkage=0.05


Tree=105
num_leaves=63
num_cat=11
split_feature=59 21 38 55 22 38 38 27 27 16 38 5 38 22 38 2 20 59 5 20 47 25 22 58 46 20 1 40 22 21 9 47 25 56 38 27 46 38 58 41 7 27 21 20 9 7 18 8 45 25 48 22 20 48 20 16 21 21 58 22 22 38
split_gain=12.1806 11.2505 10.2877 9.34804 8.42983 10.3916 9.94779 7.23667 7.40547 6.90742 8.99656 6.91557 6.55959 6.35454 12.0705 6.29105 6.31636 6.25163 6.21697 6.44432 8.93671 9.80545 5.89487 5.73132 5.6617 11.9525 5.48663 5.10832 9.152 11.7902 5.91684 5.08206 5.07046 5.00468 6.90698 7.4149 5.95896 5.60173 7.03089 6.44381 6.26039 7.45269 5.37169 5.66117 5.66634 4.99901 4.89406 4.88175 4.7626 4.75949 8.18825 9.72191 6.59821 6.18619 5.70137 9.80648 5.32589 6.18175 12.5252 8.82558 17.4067 5.29387
threshold=0.65151515603065502 1.5000000000000002 0 326.00000000000006 123.09999847412111 1 2 16.500000000000004 12.500000000000002 1.5000000000000002 3 4.5058500766754159 4 129.55000305175784 5 4.2508502006530771 12.500000000000002 0.68333333730697643 2.3978500366210942 10.500000000000002 118.50000000000001 14.500000000000002 50.041666030883796 1.5000000000000002 21.627532958984379 2.5000000000000004 23.500000000000004 6 206.58333587646487 105.50000000000001 26.500000000000004 222.50000000000003 14.500000000000002 1.5000000000000002 7 4.5000000000000009 34.845594406127937 8 2.5000000000000004 9 2.5000000000000004 13.500000000000002 17.500000000000004 14.500000000000002 67.500000000000014 40.500000000000007 35.500000000000007 0.9833345115184785 45.500000000000007 4.5000000000000009 5.5000000000000009 13.252659797668459 78.500000000000014 5.5000000000000009 43.500000000000007 22.500000000000004 283.50000000000006 157.50000000000003 1.5000000000000002 49.651515960693366 68.267856597900405 10
decision_type=2 8 9 8 10 9 9 10 10 2 9 8 9 10 9 8 2 2 8 2 2 10 10 2 10 2 8 1 10 10 10 2 10 2 9 10 10 9 2 1 8 10 10 2 8 10 10 10 10 10 10 10 2 10 2 2 10 10 2 8 10 9
left_child=1 -1 27 -3 6 45 17 8 49 10 -5 12 -12 33 -15 -13 26 -4 -19 -20 -21 -22 -18 24 25 -7 -17 48 29 30 46 -23 -10 37 -35 36 42 38 39 40 -11 -42 -36 44 -44 -6 -29 -16 -2 53 52 -52 54 56 55 -51 57 61 59 -59 -61 -8
right_child=2 3 4 9 5 23 7 -9 32 13 11 15 -14 14 47 16 22 18 19 20 21 31 -24 -25 -26 -27 -28 28 -30 -31 -32 -33 -34 34 35 -37 -38 -39 -40 -41 41 -43 43 -45 -46 -47 -48 -49 -50 50 51 -53 -54 -55 -56 -57 -58 58 -60 60 -62 -63
leaf_value=-0.017080376646489703 0.026101553791905818 0.025385046814287878 0.011348942202083906 -0.0068406675032769973 0.0012290422284123284 0.046457023140271114 0.0030930519530713643 0.03381150030852572 -0.041703816405212563 -0.020603867437742757 0.019372345797010818 0.010199227575591149 0.0011604754615118394 0.012140912147170087 -0.0076832515477953034 0.00012873029363366818 0.0016081759040783416 0.040020134747042121 -0.035053547816800652 0.077618808325380206 -0.033853243243747159 0.074413176620521673 -0.033134758054357137 -0.011194048298462106 -0.055386783528162224 -0.067358551210806625 -0.0032414531043088845 -0.004350462918440991 0.04995035411331282 -0.057663533539439142 -0.049634011817722389 -0.018108033978423897 0.0099225840592252201 0.0038836771459037321 -0.066565943474761066 -0.023603847785223023 0.005430578260817086 -7.1911702718780108e-05 0.024134138228078004 -0.00033935033087162636 0.016072380402432796 -0.0045605744769828078 -0.072139900317740452 0.017840130422214474 0.002550844020727899 0.044704244549823483 0.03981421785873402 0.018654481737894153 -0.033845693492876104 0.0088184232767917828 0.02842433221209479 -0.053907938268709855 -0.06692816297759123 0.018797251910291211 0.032137303821708318 -0.057966868187568604 0.023918708526708563 -0.10064378899914619 0.0023745702436944773 0.027677501619387437 -0.094624318286808978 -0.0048354904609101829
leaf_weight=101.39407553523915 87.418862421392987 33.920415562082781 18.250422758148488 724.54031405299111 25.395289097559726 4.2450460118125219 1442.5820982989389 18.563361600345161 14.187869344386856 15.246559201506896 66.723480927583296 115.97787167211845 153.97403512329856 287.36525091348449 151.67909548307398 1712.8362471341588 1548.9751095246129 3.082185065088197 44.632012477579337 2.0856865809473701 14.575039851435578 3.0202825159067279 11.307464741898 31.470975040845588 20.650552982869158 3.1212467120203655 4092.8611621565478 12.731731530628172 7.3415228975791242 8.0313608305295912 2.8774042343939064 1.8358793579245682 6.4448447069735257 100.4351284806371 4.6850501226144869 83.156242711414052 62.065785257844254 8118.8123758452857 41.621332270944549 475.89313921217763 196.30685520991392 55.752947964625491 4.1961485424544671 8.7217503285501135 4.8373957916628578 7.9682508136938841 11.036272267476305 18.925153785379734 2.6137330273340913 462.94395828732377 4.5592219854006535 10.009574588089889 1.8666388751007605 54.287060832488351 25.074969586232328 4.5772859075514125 25.820818848558702 4.9862729176238618 30.598895808099769 6.5779931638389826 3.7973367095692083 236.93346808085971
leaf_count=32885 4016 566 3258 452272 3108 213 37962 4615 3433 279 8903 19305 36348 27413 23062 71977 158486 2487 13667 215 3190 243 2006 4584 4569 236 802796 989 285 633 257 636 1271 6699 230 8964 1748 357800 2376 44910 11189 11191 166 162 96 1204 304 3214 396 27454 156 868 235 1449 886 105 575 362 884 112 224 19641
internal_value=0 -0.000553344 0.00306478 -0.000459776 0.00230474 -0.0123942 0.00287808 0.0035042 0.00326391 -0.000509729 -0.00155502 -0.00104677 0.00765518 0.000405094 0.00614648 -0.00130584 -0.00148835 -0.0127706 -0.0210184 -0.0244161 -0.00177416 -0.0136779 0.00133533 -0.0226503 -0.0424955 -0.0040558 -0.00224731 0.0161374 0.00285707 -0.00823382 0.00821201 0.0423161 -0.0258645 0.000117772 -0.00660022 -0.0123634 -0.00260179 0.000320776 0.00432387 0.0032416 0.00926182 0.0115086 -0.0241017 -0.00994503 -0.0358756 0.00976838 0.0169362 -0.00441277 0.0240085 0.00353462 0.00780067 -0.0279717 0.008909 0.00232828 0.00933138 0.00804223 0.00180734 0.00146279 -0.0164319 -0.0517484 -0.0214679 0.00196197
internal_weight=0 18192.2 2666.2 18090.8 2534.14 92.8514 2441.29 2353.81 2335.25 18056.9 8427.2 7702.66 220.698 9629.7 457.97 7481.96 7365.98 87.4815 69.2311 66.1489 21.5169 19.4312 1560.28 59.4878 28.0168 7.36629 5805.7 132.051 42.0183 34.6768 26.6454 4.85616 20.6327 9171.73 268.098 167.662 84.5061 8903.63 784.821 743.2 267.306 252.06 22.4403 17.7553 9.03354 33.3635 23.768 170.604 90.0326 2314.62 509.032 14.5688 494.463 1805.58 492.596 467.521 1751.3 1725.48 45.9605 15.3616 10.3753 1679.52
internal_count=2229765 2085043 144722 2052158 137842 13914 123928 100232 95617 2051592 1552093 1099821 45251 499499 53689 1054570 1035265 23696 20438 17951 4284 4069 160492 9602 5018 449 874773 6880 2468 2183 1550 879 4704 445810 18065 11366 2402 427745 69945 67569 22659 22380 654 424 262 4312 1293 26276 4412 90913 29704 1024 28680 61209 28445 27559 59760 59185 1582 698 336 57603
cat_boundaries=0 2 4 6 8 10 12 13 15 17 18 20
cat_threshold=219168770 141762 538975280 290493460 275489 747671557 185208026 26628673 8655104 73748 1702109475 874975078 512 2399671833 541658728 685233 72617984 68 1086325520 304414752
is_linear=0
shrinkage=0.05


Tree=106
num_leaves=63
num_cat=11
split_feature=23 38 21 21 21 38 38 38 48 38 47 21 47 51 46 21 38 48 22 49 38 45 21 26 2 21 46 6 46 22 22 47 46 46 45 22 38 38 47 45 7 45 23 38 45 58 47 23 26 47 23 46 8 21 46 7 7 23 27 23 23 46
split_gain=8.56971 12.8897 16.2362 13.7481 9.84493 12.1616 10.4244 8.81742 8.35997 8.32151 8.15949 12.5431 8.71246 7.92695 7.72068 7.72055 7.75685 7.37863 7.18477 8.16146 9.66656 10.842 7.69568 7.55683 7.00551 6.90664 7.39072 6.6331 6.62705 7.96083 6.61716 6.53993 7.06032 7.49075 6.46476 6.20172 6.18506 6.13025 6.31039 6.02641 5.99617 5.89464 9.3961 7.02983 7.46895 6.83909 6.33052 6.27853 5.86128 5.66909 7.20215 6.72035 6.32843 7.96419 8.00857 5.64826 5.73073 5.61931 7.9607 5.6061 6.69554 5.58849
threshold=0.65245473384857189 0 44.500000000000007 17.500000000000004 35.500000000000007 1 2 3 3.5000000000000004 4 74.500000000000014 21.500000000000004 105.50000000000001 0.17500000447034839 39.61189270019532 319.50000000000006 5 3.5000000000000004 28.87867641448975 6 7 69.500000000000014 307.50000000000006 0.027100469917058948 2.9942500591278081 12.500000000000002 53.613277435302741 0.39657999575138098 34.845594406127937 36.029411315917976 47.038461685180671 32.500000000000007 46.678747177124031 35.287933349609382 11.500000000000002 48.379808425903327 8 9 37.500000000000007 6.5000000000000009 38.500000000000007 18.500000000000004 0.55565711855888378 10 25.500000000000004 2.5000000000000004 165.50000000000003 0.48517106473445898 0.095119047909975066 72.500000000000014 0.47845858335495001 75.92529678344728 0.69645729660987865 27.500000000000004 19.903301239013675 8.5000000000000018 9.5000000000000018 1.0450915694236758 15.500000000000002 1.5496528744697573 0.95318961143493663 57.975713729858406
decision_type=10 9 8 10 8 9 9 9 10 9 2 10 2 2 8 10 9 10 10 1 9 10 10 2 10 10 10 8 10 10 10 2 10 10 8 10 9 9 2 8 8 10 10 9 10 2 2 10 2 2 8 8 10 10 10 8 8 10 10 10 10 10
left_child=1 2 8 9 5 -2 15 10 -1 40 11 25 17 -8 -11 18 -17 -12 22 23 55 27 -6 -20 -16 26 -7 -22 29 -25 -9 -13 33 -33 -34 -32 48 -31 -39 -4 -3 46 47 -44 -45 61 -38 49 -5 50 51 52 -43 54 -54 -21 -57 58 -40 60 -19 -46
right_child=4 3 39 36 6 7 13 30 -10 14 12 31 -14 -15 24 16 -18 59 19 20 21 -23 -24 28 -26 -27 -28 -29 -30 37 35 32 34 -35 -36 -37 41 38 57 -41 -42 42 43 44 45 -47 -48 -49 -50 -51 -52 -53 53 -55 -56 56 -58 -59 -60 -61 -62 -63
leaf_value=-0.028191024274280968 -0.015367663158241038 0.0023034713511634482 -0.012278283225402009 -0.014192169738926997 0.010804246243848618 0.022395535611698037 -0.0013823635013045918 0.0022552144903524927 -0.0085898271110247532 -0.0093894857458010628 0.039021121142184409 0.02488208527026424 0.0080388215290247231 0.0060315571374633774 -0.0032178544801539444 0.010819051469290603 -0.013258434352388649 0.01587649362807983 -0.02675182663819195 -0.03674031766198918 0.019013313708634391 -0.026309362948844769 0.069920629704174952 -0.017162323764231577 0.016417791121429829 -0.033221259661615592 -0.038140477221581925 0.0016511979226763872 0.0028527691528523347 0.018203831774128026 -0.072911632018289693 -0.00040142471922724547 0.045725561801554564 -0.052949590218983371 -0.024099484594708741 -0.0092886092882068765 0.0092927886016601069 -0.042481403439040666 0.02743880748146469 0.0015628811528553171 -0.0021692675779405846 0.018771775490236869 0.011867185866846002 -0.0023244766045845584 -0.044345683465953439 0.013872406349717665 -0.006599301319908513 0.014215816102575364 0.00063753833007782585 -0.0075956061131887825 -0.045691693734978098 -0.057882335767862982 -0.067302193496010673 0.010035844078219331 -0.0068971738900922147 0.034223295583741674 -0.010779553994591115 0.0004509904827321403 -0.024717428068384575 0.037660719464590209 -0.038402375319057692 0.00028374473828980982
leaf_weight=116.36516647828466 78.574427049637052 1157.8633706239525 106.36010094122685 71.477924657218864 217.22072796330758 14.199345414177516 6457.8598260383878 3171.7122960192937 103.70253130665151 617.16240603261849 43.551794034916384 36.268197778175818 675.66453370992895 380.87186276821194 972.38455550652452 37.485487655470934 118.79725522929948 12.491987611734663 16.59821641367671 19.475467879150528 61.36585960847151 30.926684820107766 4.6934860931651192 22.625190633552847 46.66312833840675 37.754726000755909 6.5481106764054848 468.75073265586252 576.05429743669629 217.57556407619995 4.3133520213305045 21.959198099633799 9.8126091952435637 8.8223418082052358 4.0368194118491383 15.075257684336973 673.1039239549682 5.7489080148807252 47.524285489234899 293.32778143745372 2119.440362814169 85.761085673875641 22.254560286120977 44.984067590601626 39.147986128504272 7.2669787798949974 68.380134542021551 119.04524594699615 824.95167253074032 124.09661585789217 5.6610458559589452 2.9243940880987784 5.4172933265799648 90.415463592813467 40.100290111338836 6.484763055574148 141.09297425608383 113.63358009208605 7.8113763290020861 9.0527494850102794 8.8671048035030235 8.4840371685277187
leaf_count=71961 13346 22815 70951 33671 23740 809 503308 108573 54746 213302 2057 1331 45643 12338 207305 6252 23775 885 6326 474 9532 4066 321 2862 4535 2575 539 58201 83080 24320 415 1448 293 783 387 848 61686 581 4883 171941 193294 5560 3129 2332 2924 276 16426 6934 75977 18148 245 203 295 4265 1648 104 22532 14249 2510 499 752 522
internal_value=0 -0.00117999 -0.00803198 -0.000572732 0.000915729 0.00292566 -1.81549e-05 0.00331117 -0.019035 -0.00205194 0.00769751 -0.00330438 0.00984765 -0.000967222 -0.00495014 0.00304144 -0.00760631 0.0260438 0.00391048 0.00282334 -0.00122631 0.00196045 0.0123626 0.00570363 -0.00230351 -0.0207551 0.00241449 0.00369304 0.00633116 0.0111419 0.0020669 0.00941442 -0.00342481 -0.0166545 0.0251207 -0.0263246 0.00267835 0.0128138 0.00473109 -0.00214181 -0.000587049 0.00481197 0.00114037 -0.0111685 -0.0159619 -0.0297504 0.0078203 0.00433279 -0.000553259 0.000982128 0.00561749 0.00710741 0.00822077 0.00147559 -0.0153786 -0.0113888 -0.00858504 0.00685626 0.0197682 0.00680886 -0.00736679 -0.0365541
internal_weight=0 7766.74 619.756 7146.99 13111.3 4158.7 8952.6 4080.13 220.068 4913.51 889.03 139.401 749.628 6838.73 1636.21 2113.86 156.283 73.9636 1957.58 1735.67 728.096 561.043 221.914 1007.57 1019.05 58.5022 20.7475 530.117 990.973 414.919 3191.1 80.8992 44.631 30.7815 13.8494 19.3886 2233.47 392.294 174.718 399.688 3277.3 1337.04 595.559 122.138 99.8831 54.899 741.484 473.421 896.43 354.376 230.28 224.619 221.694 135.933 45.5176 167.053 147.578 168.969 55.3357 30.4118 21.3591 47.632
internal_count=2229728 1245091 369599 875492 984637 181183 803454 167837 126707 641251 58001 8165 49836 515646 425142 287808 30027 4193 257781 233720 94909 71799 24061 138811 211840 3923 1348 67733 132485 49405 109836 4242 2911 2231 680 1263 234241 46543 22223 242892 216109 124593 46481 9183 6054 3722 78112 37298 109648 30364 12216 11971 11768 6208 1943 23110 22636 21642 7393 2136 1637 3446
cat_boundaries=0 2 4 6 8 10 12 13 15 17 19 21
cat_threshold=2316847352 10634181 152846513 3150337 2367441080 209330885 805348096 805670208 1094747648 50336810 526344 134218308 6 67108864 8900 268439811 823731258 219676720 4203140 75760132 4458496
is_linear=0
shrinkage=0.05


Tree=107
num_leaves=63
num_cat=11
split_feature=59 57 38 38 23 38 17 38 44 7 21 21 41 26 48 6 9 34 20 23 18 46 20 26 46 17 20 16 18 26 16 44 38 17 23 38 47 15 16 28 38 18 38 21 38 6 56 38 26 47 46 44 46 57 30 26 30 23 23 47 23 47
split_gain=10.1694 12.344 11.8656 9.94483 8.64028 7.73709 7.14494 8.14332 8.18354 6.88453 6.73418 6.27721 6.18606 6.04673 5.4906 9.014 5.35577 5.25667 5.18555 7.73657 5.06191 7.38885 5.89591 5.03353 4.98584 4.89739 7.79971 5.143 6.75724 4.86942 4.85593 5.73021 5.72639 5.54413 4.95047 4.82912 5.32512 9.27894 4.74589 4.68314 6.38043 4.80589 4.63168 4.57349 11.3165 4.7763 4.8362 4.40856 6.43851 4.60615 4.85987 8.75684 4.38336 4.35399 4.20351 6.11271 5.66774 4.62399 4.18874 4.1464 4.29565 4.11572
threshold=0.40588235855102545 1.0000000180025095e-35 0 1 0.050039123743772514 2 6.5000000000000009 3 14.500000000000002 4.5000000000000009 9.5000000000000018 44.500000000000007 4 0.26333570480346685 4.5000000000000009 0.36276400089263922 71.500000000000014 5.5000000000000009 1.5000000000000002 0.942883461713791 39.500000000000007 43.645454406738288 43.500000000000007 0.38476800918579107 27.765227317810062 27.500000000000004 43.500000000000007 10.500000000000002 55.500000000000007 0.34431658685207372 34.500000000000007 91.500000000000014 5 49.500000000000007 1.5291663408279421 6 72.500000000000014 2.5000000000000004 9.5000000000000018 8232.5000000000018 7 20.500000000000004 8 56.500000000000007 9 0.22271600365638736 8.5000000000000018 10 0.33275663852691656 22.500000000000004 20.981190681457523 37.500000000000007 68.403198242187514 1.0000000180025095e-35 1.0101000070571902 0.45474053919315344 1.0369499921798708 2.6815079450607304 0.82420912384986889 134.50000000000003 4.7629466056823739 25.500000000000004
decision_type=2 2 9 9 8 9 2 9 2 8 8 10 1 2 10 8 10 2 2 10 10 10 2 2 10 2 2 2 10 2 2 2 9 2 10 9 2 2 2 2 9 8 9 8 9 10 2 9 2 2 10 2 10 2 2 2 2 10 10 2 8 2
left_child=1 4 -3 11 -1 14 10 -8 -9 20 18 59 13 -13 53 -16 25 -4 19 -6 -7 22 54 29 -21 27 -27 38 -29 -23 31 33 34 35 -33 36 37 -10 -11 40 41 -12 -41 44 -44 46 -46 49 -49 -20 51 -51 -52 -5 -22 56 -56 -58 -47 60 -2 -50
right_child=3 2 17 5 6 9 7 8 30 16 39 12 -14 -15 15 -17 -18 -19 47 24 21 23 -24 -25 -26 26 -28 28 -30 -31 -32 32 -34 -35 -36 -37 -38 -39 -40 42 -42 -43 43 -45 45 58 -48 48 61 50 52 -53 -54 -55 55 -57 57 -59 -60 -61 -62 -63
leaf_value=-0.020467166006360879 -0.042926155391389713 0.0036988243189411182 -0.010628582110078348 0.01496073818503948 -0.033665335882100487 0.013527685477340741 0.0071456420492788724 0.013045881120112108 0.0059722935921233122 0.0020295349348870262 -0.027197352656096907 0.00016758641044161419 -0.013816921263905296 0.030456537628360619 -0.07248148478244347 0.0027301688456511353 -0.0088979376569573651 -0.042621918361722348 0.029067781790153187 -0.034752588175758957 0.01212813142300879 -0.015171145606810372 0.043908755476627821 -0.030597809411449097 0.014598797999957848 -0.040406500049828993 -0.0012005693542399608 0.0040253154051429407 0.027146226306717598 0.033625351284129766 0.0069956259664882853 -0.0018040988059164081 -0.0061440804443029899 -0.035413827147317188 0.009224557322413068 -0.00064177265277412868 0.0042357358962560538 -0.020021618543508632 -0.016827425031872234 0.0029303987824895591 -0.0047842731146237136 0.00074279384148064412 -0.014630823063017563 -0.001729364438821408 0.00098025417868528864 0.0028234004395638005 0.017186621366958522 -0.018852303419094871 -0.046978523438295956 -0.054935192795800662 0.0014391028857548783 0.022337995743005719 -0.0160736518293161 -0.020481796422981612 -0.043402702674420403 0.014341200494827268 -0.027648112824243148 0.017674569153890787 0.037243777925432708 -0.0062569767591336466 -0.012132580659763369 -0.0034505806870972289
leaf_weight=51.768066528411964 23.565972720894024 48.756363918007992 19.158704593428411 239.8214388693159 35.754019683935894 223.05728707654634 525.55815767147578 128.54420576966368 73.247659211163409 2820.2433417665052 14.610163998080223 79.163429941206232 51.709470736626827 19.812519343802705 3.722195685855695 25.0640172295025 116.47713432775345 43.762646290022531 11.856799007771768 5.8455822169780758 82.429257897660136 12.786048564710656 9.5066392328590137 23.577966390177608 19.307460316922516 16.248782698065042 48.198170062853023 99.541441678564297 45.603792328824056 7.1357861214783034 255.50007235755038 451.55739712408649 650.69462176135494 9.4007307818392274 130.27086319393129 1730.0645491642172 1330.733690262834 63.050438536796719 32.775562783157511 1164.357556287805 1331.5080478772647 1094.2538356230571 102.71895047191538 3486.78065121088 3073.3626106939773 18.387835213750805 45.739028575015254 99.523716109900306 4.5396623730630372 9.5295141539972956 366.68034057794375 4.9383649046176279 38.576627870067568 8.1492732183396566 12.929019453353247 22.500242447480559 8.9606489290017652 11.947815738385541 16.343928836751729 40.110350067764557 23.044130764298643 301.71461116513092
leaf_count=50304 7170 9752 2915 9027 7417 1937 43401 1439 827 150300 4021 19315 12338 1149 304 1402 7077 23287 273 159 981 309 40 286 419 483 1110 2114 733 43 3893 28634 34238 118 4484 46559 35060 1018 932 223008 469148 271063 37532 350078 185643 1201 2727 53538 407 701 46475 594 5491 1844 277 159 104 269 430 12458 24598 26129
internal_value=0 -0.000378458 -0.016872 0.00239717 -0.000266801 0.00300715 -0.000202556 0.0013017 0.000647397 0.00236577 -0.000918015 -0.00733721 -0.0014447 0.00588594 0.0109271 -0.00910195 0.00158044 -0.0287079 -0.00506829 -0.019041 0.00842279 0.00244577 0.00776489 -0.0154521 0.00223924 0.00198173 -0.0115518 0.0022764 0.0114258 0.00307901 0.000306578 -7.9918e-05 -0.00297607 0.00103389 0.000665382 0.0011521 0.00324885 -0.00611053 0.00180709 -0.000557295 -0.00247153 0.000347357 3.36916e-05 -0.000470485 0.000876067 0.00142745 0.00122334 -0.00403046 -0.00767768 -0.000404631 -0.00131392 -0.0288204 -0.000263407 0.0137184 0.00499231 -0.00547775 -0.0186897 -0.00212457 0.0196098 -0.0182793 -0.0282764 -0.0042466
internal_weight=0 16758.4 111.678 4108.08 16646.7 3870.68 16595 5348.62 4823.06 3593.92 11246.3 237.406 150.685 98.9759 276.757 28.7862 3179.09 62.9214 898.267 60.9071 414.831 191.773 148.274 43.4998 25.153 3062.61 64.447 2998.16 145.145 19.9218 4694.52 4439.02 1232.52 3206.5 581.828 3197.1 1467.03 136.298 2853.02 10348.1 2440.37 1108.86 7907.69 6743.33 3256.55 3153.83 3119.1 837.36 405.778 431.582 419.725 14.4679 405.257 247.971 138.767 56.3377 33.8375 20.9085 34.7318 86.7205 46.6101 306.254
internal_count=2229142 1972383 35954 256759 1936429 179731 1886125 199671 156270 167154 1686454 77028 32802 20464 12577 1706 162749 26202 141603 7995 4405 2468 1830 638 578 155672 1593 154079 2847 352 154831 150938 67356 83582 33118 83464 36905 1845 151232 1544851 744232 275084 800619 577611 227533 190001 188370 133608 80074 53534 53261 1295 51966 10871 1790 809 650 373 1631 44226 31768 26536
cat_boundaries=0 2 4 6 8 9 11 13 15 17 19 21
cat_threshold=10521664 126364696 571521101 631193881 2366128386 6303936 134395544 538313233 180 924581920 234943532 3494658307 596352 35942787 471470582 563348004 69504001 134234243 8850 2387747342 407023165
is_linear=0
shrinkage=0.05


Tree=108
num_leaves=63
num_cat=15
split_feature=59 38 21 26 26 38 21 51 38 42 39 20 21 38 46 38 21 44 6 23 5 38 39 38 49 47 45 46 57 38 34 39 25 45 23 41 38 38 21 45 21 25 18 26 34 42 23 26 38 47 47 20 26 44 21 47 23 26 23 23 47 44
split_gain=10.9513 9.3895 9.03643 8.17831 7.57237 6.96154 7.29257 6.85593 6.56809 7.57986 7.08268 6.74418 6.23776 17.6049 10.6381 7.28488 8.87506 5.8767 5.86084 5.91081 6.32699 5.84324 8.02493 9.07058 8.33394 6.72768 7.51207 5.97882 5.80535 11.8274 10.2016 9.17457 11.0606 13.9774 14.585 13.2841 12.9793 11.7364 10.4355 22.5003 15.789 10.049 9.90583 8.76032 8.20674 7.94285 7.92092 7.50993 7.46584 13.9501 15.4996 8.16911 11.8414 11.1871 9.19544 7.95932 7.57756 7.48396 7.25453 10.7892 7.21491 7.19664
threshold=0.57738095521926891 0 5.5000000000000009 0.15008533000946048 0.23543552309274676 1 93.500000000000014 0.45499999821186071 2 3 5.5000000000000009 6.5000000000000009 22.500000000000004 4 21.869305610656742 5 56.500000000000007 166.50000000000003 0.46979299187660223 2.5753804445266728 5.014899969100953 6 1.5000000000000002 7 8 77.500000000000014 41.500000000000007 57.220951080322273 1.0000000180025095e-35 9 7.0000000000000009 1.5000000000000002 4.5000000000000009 35.500000000000007 1.8208523988723757 10 11 12 47.500000000000007 9.5000000000000018 80.500000000000014 2.5000000000000004 16.500000000000004 0.11088342592120172 5.5000000000000009 13 0.166800431907177 0.48373875021934515 14 51.500000000000007 111.50000000000001 14.500000000000002 0.37478522956371313 19.500000000000004 133.50000000000003 65.500000000000014 3.0271403789520268 0.49915254116058355 1.185554623603821 2.9476726055145268 82.500000000000014 20.500000000000004
decision_type=2 9 8 2 2 9 8 2 9 1 2 2 8 9 10 9 8 2 8 8 8 9 2 9 1 2 8 10 2 9 2 2 10 10 10 1 9 9 10 10 10 10 8 2 2 1 10 2 9 2 2 2 2 2 8 2 10 2 10 8 2 2
left_child=2 -2 3 -1 7 28 18 12 9 -5 -11 -10 13 14 -4 16 -14 -18 -7 20 -20 22 23 24 -6 26 -25 -27 31 30 -30 32 38 35 -35 37 43 -34 42 40 41 -40 47 -37 -31 -39 -38 -3 55 -50 51 52 53 -51 -54 -41 -52 58 -57 60 -60 -36
right_child=1 5 4 8 21 6 -8 -9 11 10 -12 -13 15 -15 -16 -17 17 -19 19 -21 -22 -23 -24 25 -26 27 -28 -29 29 44 -32 -33 33 34 61 36 46 45 39 48 -42 -43 -44 -45 -46 -47 -48 -49 49 50 56 -53 54 -55 -56 57 -58 -59 59 -61 -62 -63
leaf_value=-0.03481653312609128 0.019850077371753958 -0.034673022118384647 -0.032560517273154344 0.012614366685538746 0.0089538548921727825 -0.042011507404159848 -0.022135898736638022 0.0087927083522902957 -0.023483551022279961 -0.00117328565543968 -0.031947279917270581 -0.0060090982600738427 0.0017214068120747804 -0.012752961476175688 0.0059660177729776 9.3595511901571507e-05 -0.0052914261960590459 0.024552055608268411 0.037613963103755643 0.045882861688763571 -0.0052582343277777647 0.0001798479382867119 0.0091898453062263102 -0.017789790720346827 -0.0055657815420328185 0.029055758011843777 0.020255416356675715 0.0056077797570712219 0.0040071191261600789 -0.0060697034623504653 0.072033576237533106 0.0067898222525384303 0.010687977028329437 -0.078477502005883229 -0.049887789293968837 -0.049515694068617749 -0.032388066133303972 -0.068540951841469924 -0.0690436986582392 -0.0085602135299225647 -0.092102074819604154 0.0028758689883538785 0.0029111703411247407 0.0033990340434151994 -0.034358288231926534 -0.014919831853307608 0.026719297558778568 -0.0022292984402923397 0.0029011844713469643 0.030485730601538391 0.02795843059734875 -0.0077708663377375302 -0.12452008417128731 -0.06377265966938335 -0.020613101394323177 0.044561871275404383 -0.039290684839473719 0.05079477867130841 -0.0062442214578129797 0.035742752978673839 -0.092211341405166306 0.033062840825662125
leaf_weight=21.94299880968947 68.111273043192341 31.204641942429589 18.198850541091815 98.733581209959084 116.60801736511348 6.4618954355119058 57.651522798321821 157.94663895602389 61.113672075605791 226.86863550261296 19.385362513843575 513.26656161813844 650.74509304974663 404.25899481359511 269.31402625092414 4047.6213428706551 1899.759727546138 15.669201671990775 8.818899586243786 6.7333597551332778 68.648533945945019 8480.2890076017757 450.87920800662323 32.917926822352456 438.70344533835305 58.819240182201611 20.03217372414656 50.906541087140795 94.685143635142595 67.01627439429285 4.8636144238844272 1169.2717008316322 34.983305424379068 8.0898833153769392 2.8095643634442222 9.0902718117868044 5.0558743933797805 10.67715220284299 6.2336023685056743 34.796790045918897 12.259075992275028 14.554957727203144 590.81724735042371 34.302841225409793 41.082872760438477 18.776301969086489 165.08077444203809 40.311794728128007 57.924845792411361 4.4565733373165184 11.386720765265638 7.7780733075924209 8.9365272438153589 6.8876837741117924 3.2865858781151482 6.7582038284745094 5.3435824022162697 14.697623735759406 5.4712792341597343 5.7020313185639688 3.6483519644243643 7.4215259322954807
leaf_count=34590 4166 881 2886 7086 8886 3854 28783 24298 14159 17108 2220 74105 98740 141689 61996 776620 414060 6548 238 594 14303 300615 34778 4473 36903 6023 1713 8043 4887 3009 767 38221 2209 1001 322 1202 1264 1082 194 913 543 318 18629 2748 8743 1523 7164 582 1175 99 191 129 381 365 105 104 135 135 144 103 208 393
internal_value=0 0.00283208 -0.00054801 -0.00531487 -0.000285505 0.00231237 -0.00787037 -0.00148132 -0.00457368 0.000953584 -0.00371526 -0.00777089 -0.00170462 -0.0062188 0.00330831 -0.00123158 -0.00330849 -0.00503461 0.00048485 0.00420099 3.94994e-05 0.0006395 0.00393615 0.000683502 -0.00240215 0.0106624 -0.0032878 0.0183261 0.00293695 -0.00504647 0.00728908 0.00366039 0.000526422 0.00885633 -0.0323463 0.0116782 0.0171995 -0.00800609 -0.00230933 -0.0119895 -0.0492219 -0.0208688 0.000775103 -0.0069794 -0.0156066 -0.0270786 0.0234156 -0.0166683 -0.00480337 -0.0125001 -0.0332847 -0.0535019 -0.0676641 -0.0272735 -0.100253 0.00739768 0.00547478 0.0245078 0.00514752 -0.0145048 -0.0463494 0.00787001
internal_weight=0 2762.09 18054 941.311 17112.7 2693.98 148.314 7463.51 919.368 344.988 246.254 574.38 7305.57 691.772 287.513 6613.8 2566.17 1915.43 90.6627 84.2008 77.4674 9649.16 1168.87 717.987 555.311 162.676 52.9501 109.726 2545.66 207.648 99.5488 2338.02 1168.74 296.287 18.321 277.967 213.53 64.4368 872.456 210.123 33.0476 20.7886 662.334 43.3931 108.099 29.4535 170.137 71.5164 177.075 106.001 48.0757 31.3454 23.5674 11.3443 12.2231 71.0743 16.7303 36.2775 21.5799 14.8217 9.11963 10.2311
internal_count=2229346 151807 2077539 149268 1928271 147641 47772 1526837 114678 26414 19328 88264 1502539 206571 64882 1295968 519348 420608 18989 15135 14541 401434 100819 66041 45789 20252 6186 14066 99869 17406 5654 82463 44242 18908 1716 17192 12378 4814 25334 5242 1055 512 20092 3950 11752 2605 8428 1463 4187 2580 1405 1079 950 464 486 1607 326 694 559 455 352 715
cat_boundaries=0 2 4 6 7 9 11 13 15 16 18 19 21 23 24 26
cat_threshold=218103808 133824 1392264886 308293666 2300244000 134516896 2 2421304834 596696864 507785028 595877424 2827399697 538785414 405521 590976 4 12584448 33554432 40 10502784 6295552 281281152 6291488 4 5242880 306184194
is_linear=0
shrinkage=0.05


Tree=109
num_leaves=63
num_cat=10
split_feature=55 59 21 38 26 21 38 38 40 23 21 38 47 44 47 44 38 25 46 22 46 20 25 26 45 26 38 46 48 59 21 21 38 25 59 38 45 22 22 26 48 26 46 44 22 32 20 21 46 23 21 20 23 20 34 45 38 47 44 22 22 22
split_gain=10.0248 8.34459 8.57601 7.64834 6.89881 7.39027 8.79824 7.13882 9.58455 7.99172 10.5332 7.86334 7.36816 10.7283 8.38069 7.14433 6.33604 6.06457 6.01647 5.98105 7.59181 7.0842 6.08928 6.53948 9.69279 8.4963 7.6622 8.90075 8.54235 7.73706 7.58427 6.84991 6.05675 7.98188 7.16136 5.83523 9.10963 8.3865 5.77927 8.2586 5.71117 5.66842 6.99624 5.63426 5.59674 7.07331 5.55783 5.50173 6.70243 8.4567 6.49208 10.8142 9.07224 6.57013 6.11835 5.97837 6.42151 6.8888 7.06482 6.49683 6.43091 5.76022
threshold=169.00000000000003 0.57738095521926891 1.5000000000000002 0 0.24012986570596698 13.500000000000002 1 2 3 1.5892374515533449 62.500000000000007 4 44.500000000000007 14.500000000000002 118.50000000000001 378.00000000000006 5 6.5000000000000009 58.828969955444343 107.09999847412111 54.73506164550782 5.5000000000000009 14.500000000000002 0.16458301246166232 2.5000000000000004 0.23817513883113864 6 46.211931228637702 4.5000000000000009 0.92857143282890331 29.500000000000004 60.500000000000007 7 5.5000000000000009 0.92857143282890331 8 5.5000000000000009 135.12500000000003 63.354166030883796 0.21821789443492892 3.5000000000000004 0.20032362639904025 35.907064437866218 20.500000000000004 30.866071701049808 2.3750000000000004 154.50000000000003 35.500000000000007 29.473908424377445 0.85384353995323192 79.500000000000014 17.500000000000004 0.64447286725044262 16.500000000000004 32.500000000000007 8.5000000000000018 9 44.500000000000007 40.500000000000007 44.519229888916023 33.026315689086921 47.038461685180671
decision_type=8 2 8 9 2 8 9 9 1 10 10 9 2 2 2 2 9 8 10 10 10 2 10 2 8 2 9 8 10 2 10 8 9 10 2 9 10 10 10 2 10 2 10 2 10 2 2 10 10 10 10 2 10 2 2 10 9 2 2 10 10 10
left_child=-1 2 46 17 5 6 -4 8 15 12 -11 -12 -10 -14 -15 18 -5 41 -6 22 21 35 23 24 30 32 28 29 31 -28 -18 -26 33 38 -35 37 -37 -21 44 -40 -31 42 -3 -32 45 -25 -2 54 50 -50 -49 52 -52 55 -9 56 59 -58 -59 60 -54 -51
right_child=1 3 4 16 7 -7 -8 47 9 10 11 -13 13 14 -16 -17 19 -19 -20 20 -22 -23 -24 25 26 -27 27 -29 -30 40 43 -33 -34 34 -36 36 -38 -39 39 -41 -42 -43 -44 -45 -46 -47 -48 48 49 61 51 -53 53 -55 -56 -57 57 58 -60 -61 -62 -63
leaf_value=0.027635646282644734 -0.019399868229574388 -0.0064384691286095089 0.0022339545471736387 0.014375686216228699 0.01051150743646927 -0.0012176030782601807 -0.014587817685523663 0.0010009755554714385 -0.029388384789194123 0.026130981904348094 0.0087140798897900225 -0.020333745982956564 0.024633619036373067 -0.020277079459112193 -0.00047389966686430099 -0.045488473200410828 -0.072475129839468674 -0.020099590376720766 0.00066536354073311972 -0.030107046995396531 -0.049933731616550125 0.033243354137650546 0.024452781084420998 0.017024702621329279 -0.027326681555372934 0.0026557304055448015 0.0035258725132740519 0.0017997421969609729 -0.070003826692335805 -0.038131408270604683 0.024916579279736083 0.015702142258348002 -0.0043433303719519764 -0.0019841334998999933 0.032664017222005674 -0.059099669060193316 -0.0092579819765635975 0.030484249213932297 -0.052611286838283811 0.012421548848018334 0.014293039045404363 -0.0089945424329222548 0.056460794434991385 -0.034278311114179186 0.02610694162675934 -0.041301183927080994 0.017268253621084161 0.0047902311253978395 -0.011369771138770616 -0.0038850537837199421 -0.060058961703008132 0.025565969114350197 0.025520420489465907 -0.059607725065578765 -0.029207438389985064 -0.0060644330158980886 0.015829413118943824 -0.035861684720928488 0.022604250570589176 0.040136196202551509 -0.042393934354362568 0.0017819220114110822
leaf_weight=31.63067076774314 86.971017793049668 8.2635386930842305 121.8068933554714 107.80616200898658 558.61961290219188 7270.9403418244528 211.48558553452449 5652.5025235828398 30.478675501930411 49.792854696468567 49.928994168294594 27.236688014541869 28.587476368280477 80.61109977405431 154.83761158916604 5.3652313769271123 7.6074503217241753 66.72319992381108 214.85775064035988 7.0176218092819935 9.0103222828256531 10.28559963489897 31.812958510789031 11.513001409854043 9.3248632167560555 1851.4294565776654 21.101783090231038 90.162278746638549 2.3186579020111813 44.476016211743627 5.5192163523752233 94.932203777811083 42.333376982001937 17.952427888099919 84.005121912901814 9.6817252053970133 69.13677051560262 19.478599625643255 8.3998477624263632 9.5227842841413786 5.3451998177515625 33.210875723438221 8.0737846540359879 9.7859894032444554 30.733029527997132 7.9397389426594591 10.927652707556261 650.08871046328568 275.29646897732164 1381.9986314128619 6.3175797506701192 30.317065499199089 7.2078991001471859 4.2346733543090513 15.812489004907546 356.97113263161737 20.116575010004453 20.45032979990356 6.0495290237013242 25.488844578765566 5.0665406804764643 662.84199425038241
leaf_count=491 32364 1283 56430 5864 41641 1425970 107679 222049 2568 2600 2212 2659 2595 7803 15261 740 1841 29790 23483 908 1261 462 5647 371 1607 53904 2559 5055 510 7586 190 7165 4158 1071 3125 1696 4987 1658 433 330 874 4233 514 945 1071 429 292 16378 15713 50858 329 511 109 154 5213 10970 440 727 194 434 191 28906
internal_value=0 -9.98056e-05 -0.000490354 0.00247317 -0.000409319 -0.00155199 -0.0088213 0.000432631 0.00403882 -0.00199831 0.0084458 -0.00315426 -0.00651388 -0.00377246 -0.00731104 0.007356 0.00303564 -0.00955635 0.00778082 0.00248816 -0.00813948 -0.00448157 0.00305674 0.00275738 -0.00425489 0.00374624 -0.00152422 -0.0081435 0.00843608 -0.0217656 -0.0347563 0.0116305 0.0131949 0.0168305 0.0266032 -0.00844402 -0.0142578 0.0102114 0.00446302 -0.0192272 -0.0323363 0.00286774 0.0261096 -0.0127131 0.0131337 -0.00763671 -0.0151737 -4.67209e-05 -0.00162001 -0.0031586 0.00153261 -0.00285986 -0.00481911 -0.00390318 0.000911568 -0.00323517 0.00866498 -0.00478392 -0.0221781 0.020824 -0.00359454 -0.00204811
internal_weight=0 20758.1 18023.2 2734.9 17925.3 7604.23 333.292 10321.1 1200.32 421.473 126.959 77.1657 294.515 264.036 235.449 778.843 2618.63 116.271 773.477 2510.83 124.611 115.6 2386.22 2354.4 290.574 2063.83 267.661 161.085 106.576 70.923 22.9127 104.257 212.399 170.066 101.958 105.315 78.8185 26.4962 68.1084 17.9226 49.8212 49.5482 16.3373 15.3052 50.1858 19.4527 97.8987 9120.76 3452.45 2320.14 1132.31 482.22 451.903 445.586 5668.32 441.351 84.3797 46.6164 26.4999 37.7633 12.2744 2044.84
internal_count=2229491 2229000 2077473 151527 2044817 1590079 164109 454738 101562 35698 7471 4871 28227 25659 23064 65864 115707 35820 65124 109843 10972 9711 98871 93224 28332 64892 25356 16074 9282 11019 2976 8772 10988 6830 4196 9249 6683 2566 2634 763 8460 6030 1797 1135 1871 800 32656 353176 125914 95477 30437 14059 13548 13219 227262 13065 2095 1361 921 734 300 79764
cat_boundaries=0 2 4 6 7 9 11 13 15 17 19
cat_threshold=307269 214274305 2223644224 730912295 2760155653 542191682 512 604250117 5242944 219152386 142018 1116226448 270532608 3491774464 838860832 541082640 1049604 256 302022688
is_linear=0
shrinkage=0.05


Tree=110
num_leaves=63
num_cat=9
split_feature=59 16 38 23 23 23 23 23 26 39 26 44 47 38 26 26 38 59 22 45 26 47 27 39 41 27 46 22 46 23 38 39 22 22 46 45 45 22 45 0 45 38 18 26 27 49 25 46 34 47 26 25 23 42 22 47 23 38 22 45 23 23
split_gain=10.6133 8.20694 6.62241 7.81633 8.82728 8.06184 10.6254 7.86959 14.1571 8.57268 8.07215 14.1822 7.51441 8.84532 6.61717 10.0634 8.80067 8.21764 6.99471 6.45936 8.1517 7.09456 6.43577 6.4218 6.26728 14.2266 9.29436 7.07378 6.26459 6.06904 5.92686 5.90179 7.04719 7.54942 5.86035 6.60024 7.51456 6.53948 5.91521 5.85177 5.71089 17.924 6.90346 6.74092 5.61634 7.94878 6.15136 9.69734 5.58833 5.54788 5.52125 5.46117 5.40536 7.57557 5.8136 5.22328 5.16214 5.05593 5.08324 5.01734 5.27612 4.93954
threshold=0.57738095521926891 1.5000000000000002 0 0.27849131822586065 0.31171460449695593 0.24510674923658374 0.25601485371589666 0.37626267969608312 0.41687604784965521 3.5000000000000004 0.73431372642517101 65.500000000000014 58.500000000000007 1 0.12126782536506654 0.074179895222187056 2 0.68333333730697643 147.12500000000003 21.500000000000004 0.7772817611694337 29.500000000000004 14.500000000000002 3.5000000000000004 3 2.5000000000000004 47.447988510131843 83.071430206298842 43.645454406738288 0.3059400618076325 4 1.5000000000000002 19.868817329406742 109.45000076293947 67.285163879394545 92.500000000000014 214.00000000000003 201.58333587646487 1.5000000000000002 5200.1054687500009 39.500000000000007 5 90.500000000000014 0.44467985630035406 1.5000000000000002 6 2.5000000000000004 29.169257164001468 11.500000000000002 44.500000000000007 0.42886905372142797 4.5000000000000009 0.53338518738746654 7 45.035715103149421 151.50000000000003 0.10871355608105661 8 435.50000000000006 22.500000000000004 1.0340281128883364 1.0813478231430056
decision_type=2 2 9 10 10 10 10 10 2 2 2 2 2 9 2 2 9 2 10 10 2 2 10 2 1 10 10 10 8 10 9 2 8 10 10 10 10 10 8 8 10 9 10 2 8 1 8 10 2 2 2 10 8 1 10 2 10 9 10 10 10 8
left_child=1 22 24 5 -5 31 -7 8 12 10 11 -10 -6 -14 15 16 59 -17 19 -16 -21 -22 57 -18 25 27 39 -2 50 -24 -31 32 56 44 35 37 -37 38 52 -27 -3 43 -43 -42 -34 48 47 -47 -46 -23 51 -8 -26 -54 -55 -15 -4 61 -59 60 -9 -1
right_child=2 40 3 4 7 6 28 14 9 -11 -12 -13 13 55 18 17 23 -19 -20 20 21 49 29 -25 34 26 -28 -29 -30 30 -32 -33 33 -35 -36 36 -38 -39 -40 -41 41 42 -44 -45 45 46 -48 -49 -50 -51 -52 -53 53 54 -56 -57 -58 58 -60 -61 -62 -63
leaf_value=-0.020574632949066231 -0.047527908920590736 0.00021677575590540625 -0.00068983051590238733 0.022649779541973947 0.036203680186083977 -0.072353751810715627 -0.059004361697018441 -0.026274408988563709 -0.10130135446737532 0.013221475093743419 0.011214655169847359 -0.014196898404114693 0.018910771896610418 -0.054150542765539766 0.0016587636472848576 0.0087746577621321473 -0.055780341341479439 -0.043282582107469388 -0.030267790405765549 0.010103328924712704 -0.068567384817354249 0.028994883493866128 -0.025964359277680961 0.021789808141283999 0.038229496225987675 0.0047388956772330829 -0.030611659906834589 0.029150734788696911 -0.053699101278320276 -0.015767459759497476 -0.0015862508965856536 0.0043891288371551143 0.024233754631224212 -0.06513117834997427 0.026625482860120959 -0.057902002944315405 0.02492911222858071 0.03559847811393458 0.0052599102236550489 0.040265577404880355 0.015505248466898006 0.0061209845132174472 -0.0080116187306986265 0.0024190180159044954 0.0080648586747906568 0.0019992161002453691 -0.014493158896598475 -0.088982348560131902 -0.046552844445017671 -0.033261666718129738 0.020869034438477551 0.020582072021579072 -0.020769769492305971 0.031148964995975387 -0.019937956582814855 -0.0053872287214653015 -0.078583606379603377 -0.0010386180062707535 0.027474235158850085 -0.026699776376700603 0.04634078537953279 -0.0044610165757782523
leaf_weight=60.016092623414806 21.268420034451996 8827.9427730978787 3.278033725320709 53.187288125162013 11.904874393359931 8.8185558526965888 4.6333883223997026 2.2142562658855303 10.914053831656938 5.5439118594222228 3.7200563998194403 8.3031053608283383 12.073155229038093 11.383402943640251 970.27451072193799 9.9469585867918777 8.6951896772807213 27.309343245739001 14.065161069971508 452.48234168357158 5.0010200894903418 6.2025859616696817 39.71090609348812 3.0605447409798208 26.036386737883731 41.517317905749223 13.009324309176007 2.793946514138951 5.5308545427033087 93.076370117342776 281.77099230761451 144.38163965965941 14.130752461380323 4.363721443501162 41.869461640380905 6.8956914384325483 3.4878212888143025 20.03138609969028 520.88309431138987 15.260149221392565 310.21934874664294 127.02623923648207 265.38235188854014 144.5275910628261 67.172045984854776 4.6260464080842194 44.455592772845193 6.7848405874683522 4.0360756179361479 6.1160018179798499 13.538704908976795 2.8357203779451083 13.509007175860461 29.356801827976597 6.0941633795155203 10.306369437323154 5.152768729662057 7678.2244423256761 14.664522028222562 2.7814239715080467 18.508072106755208 219.77071198907697
leaf_count=32396 1704 487497 403 1958 260 678 275 2313 496 195 51 204 458 1168 32808 1106 3125 4698 974 12844 167 95 65150 440 1365 2747 1308 50 533 63317 131253 17017 348 1665 2017 719 101 1227 29849 850 8923 3943 11310 1941 2257 256 10342 477 2738 139 196 381 630 796 427 1011 608 1108823 3550 1121 4033 158688
internal_value=0 -0.000398994 0.00293488 0.00138452 0.00280024 -0.00557774 -0.0278115 0.002127 -0.0136725 -0.0406881 -0.053726 -0.0662301 0.00368685 -0.00849027 0.00290282 -0.0117385 0.00734376 -0.0295179 0.00364053 0.00399248 0.00879851 -0.0239812 -0.0015436 -0.0198773 0.00686383 -0.00496346 0.0060373 -0.0378167 -0.0109206 -0.00761015 -0.00560182 -0.00285902 -0.00963894 -0.00687442 0.00857855 0.0074683 -0.0303333 0.00815373 0.00717303 0.0148191 0.000593314 0.00451221 -0.00334774 0.0111167 -0.00462874 -0.00800242 -0.0200438 -0.0549087 0.00383605 -0.00209121 0.00227016 -0.0299261 0.0202165 0.0100639 0.0220609 -0.0223764 -0.0515818 -0.00122725 -0.000979429 0.0208268 0.0377292 -0.00770408
internal_weight=0 18062.3 2749.75 1987.73 1653.99 333.739 35.3572 1600.81 74.1489 28.4811 22.9372 19.2172 45.6678 33.7629 1526.66 72.5158 35.2595 37.2563 1454.14 1440.08 469.802 17.3196 8387.23 11.7557 762.013 93.8492 69.7868 24.0624 26.5387 414.558 374.847 298.382 154 145.569 668.164 626.294 10.3835 615.911 595.879 56.7775 9675.1 847.156 392.409 454.747 141.205 127.075 55.8665 11.4109 71.2081 12.3186 21.0078 7.46911 74.9964 48.96 35.451 21.6898 8.4308 7972.68 7692.89 23.5038 20.7223 279.787
internal_count=2228419 2076791 151628 107838 69664 38174 2063 67706 3843 946 751 700 2897 2637 63863 16836 11032 5804 47027 46053 13245 401 1563177 3565 43790 6659 4905 1754 1385 259720 194570 36111 19094 18083 37131 35114 820 34294 33067 3597 513614 26117 15253 10864 16418 16070 11075 733 4995 234 852 656 3218 1853 1223 2179 1011 1303457 1112373 7467 6346 191084
cat_boundaries=0 2 4 6 7 9 11 12 13 15
cat_threshold=2572699298 2238658 69468164 65536 75497792 316474420 4 67264564 160844802 1768035593 270866882 12 1 168298696 92274764
is_linear=0
shrinkage=0.05


Tree=111
num_leaves=63
num_cat=15
split_feature=59 38 57 38 39 23 27 2 38 6 16 21 46 39 38 38 39 23 30 38 38 21 22 38 6 45 47 0 38 57 34 45 23 47 46 38 39 41 38 22 22 23 20 48 46 39 22 38 46 23 42 20 47 45 34 49 46 5 59 23 45 39
split_gain=9.23851 10.6579 7.29967 37.3232 17.4408 10.2315 14.9765 7.58936 14.1963 8.54845 7.57532 9.41484 7.12579 6.71621 49.553 12.8845 22.3033 10.6753 7.80421 7.80065 7.30934 8.22791 7.31486 7.29201 7.21038 7.17652 6.62943 6.59032 6.47936 8.99412 6.47803 6.24961 6.08213 7.32951 6.03196 5.85224 6.3129 5.56392 9.03628 7.649 6.32724 7.57966 5.5317 5.46078 6.48713 5.96355 6.13842 5.37688 5.33569 5.30765 5.18612 5.12635 8.28933 5.09644 6.63476 5.01684 9.04089 7.41611 7.89942 6.2705 6.05517 5.61434
threshold=0.65151515603065502 0 1.0000000180025095e-35 1 3.5000000000000004 1.0694571137428286 2.5000000000000004 2.9942500591278081 2 0.55894300341606151 34.500000000000007 5.5000000000000009 14.40142869949341 5.5000000000000009 3 4 1.0000000180025095e-35 0.75019380450248729 1.0111500024795534 5 6 10.500000000000002 8.4202036857604998 7 0.20252199470996859 25.500000000000004 118.50000000000001 1410.7135009765627 8 1.0000000180025095e-35 47.500000000000007 18.500000000000004 2.6815079450607304 100.50000000000001 70.647811889648452 9 5.5000000000000009 10 11 124.90000152587892 6.9600863456726083 1.2001683712005617 6.5000000000000009 2.5000000000000004 27.487921714782718 1.5000000000000002 84.071430206298842 12 22.023845672607425 0.32906374335289007 13 9.5000000000000018 231.50000000000003 104.50000000000001 7.0000000000000009 14 22.173997879028324 2.7215499877929692 0.24499999731779101 2.4248186349868779 8.5000000000000018 3.5000000000000004
decision_type=2 9 2 9 2 10 10 10 9 10 2 8 8 2 9 9 2 10 2 9 9 10 10 9 10 8 2 10 9 2 2 10 8 2 10 9 2 1 9 10 8 10 2 8 8 2 10 9 8 10 1 2 2 10 2 1 10 10 2 10 8 2
left_child=2 -2 7 4 5 -4 32 9 51 10 11 35 -10 15 -15 16 18 48 19 25 21 -19 -23 -16 27 26 -13 -17 29 -3 -27 -28 -7 -34 -24 36 50 38 -29 -40 41 -39 -37 -26 -45 46 -46 53 -18 -44 -1 -9 -53 -42 -55 -22 59 61 -59 -57 -61 -58
right_child=1 28 3 -5 -6 6 -8 8 12 -11 -12 13 -14 14 23 24 17 20 -20 -21 55 22 34 -25 43 30 31 37 -30 -31 -32 -33 33 -35 -36 42 -38 40 39 -41 47 -43 49 44 45 -47 -48 -49 -50 -51 -52 52 -54 54 -56 56 57 58 -60 60 -62 -63
leaf_value=0.012614508878256318 0.016953857793100865 -0.018241522320673265 0.037188765581692276 -0.039210423949322969 -0.012297597492549358 -0.061409432070939102 0.033029204883774282 -0.023692377141003352 -0.051355298211246042 0.028410972446004462 0.0073800016237495535 0.010406568208053414 0.0083325516204067022 0.013418567772076319 -0.011206109251926994 -0.0023335022136628039 -0.00017165219238820249 0.029311987667467856 -0.0051573709268087527 -0.0044038350241411015 0.0067183443468516006 -0.065238677372932624 -0.011236830870737397 -0.0013168523161285438 -0.0014857250766230406 -0.0074067072011611522 0.0027002496504086228 0.0038541925395628226 0.0024321648996193683 0.034861730066927103 0.015397312095571287 -0.025637043851652854 -0.041190169710482588 0.052397195087542772 -0.050203051869265797 -0.022254830522890817 -0.027143770352304798 -0.037281809416526229 -0.0030605907702015642 0.010338423795000931 -0.0011551768212963998 0.014934502697278116 -0.011158765572250502 -0.042049803540121528 0.051390062210051837 0.012592912331538093 -0.030713567199059013 0.0024429686432590721 -0.019513262196364956 0.00036080481430332155 -0.0025661678972402862 0.023079428094926184 -0.048983905277376234 0.027604154803004079 -0.008234407964160341 0.037535071870838765 -0.018593138448733136 0.036911954598850244 -0.025937834970467439 -0.062109454660798251 0.014564458299962016 0.0036410381372523172
leaf_weight=77.724592151736033 113.96921351757919 72.06351591548264 43.947216106687847 60.236370413280383 71.6185691298233 8.2345791833940893 15.324804845469769 55.799926855604099 4.0627439839736317 24.412140060783713 290.63212452069274 405.57961893686024 560.00133181147339 605.43136582152283 322.40903082563273 2683.2178622008141 40.495808043524448 10.298822313488925 706.96776730104648 418.56451703145694 123.32026682983269 5.963362607988528 232.36438852405081 447.46723749189596 42.054973780799628 201.34362083315136 341.06950806888381 705.82432059623716 2465.8949500378785 8.0201049448805843 35.849067331993865 19.632158303251344 3.5911039371276283 2.8444563827943057 9.493496556671742 70.448853380378296 19.270134318750934 6.4090357569511971 2506.9704283326751 110.27398196642025 2098.7480747359277 127.04808639845578 291.25906574957116 2.9475739751214851 22.292282754344345 40.459480911649734 1.8681076806133194 3331.2892767126796 298.52105014073641 151.90398274794279 196.32425738987695 15.326127312793689 4.2919223971985039 33.588705369736999 20.010637737854267 17.654908668278953 124.10559131418631 14.692742787761746 6.4950068938305767 2.8032485806324958 7.1478312096151067 36.348430986370659
leaf_count=5905 6525 31261 2488 30184 17588 430 1148 40308 704 656 4702 39025 53028 57957 25908 475577 21589 272 126484 116756 21276 505 35719 47524 7670 19561 41400 83466 105112 1666 6310 3331 162 63 1970 26566 2365 236 114322 9158 148282 3071 79976 769 1659 6314 508 183182 148177 9586 17347 608 988 447 2594 1460 25371 4529 1986 456 787 4758
internal_value=0 0.00267746 -0.000477417 -0.00981772 0.00487308 0.0220966 -0.000502164 -0.00036966 0.00497505 -0.000567625 -0.000610244 -0.000747482 0.00767666 -0.000484215 0.00285668 -0.000795018 -0.00367872 -0.0101473 -0.00086783 0.00126685 -0.00607139 -0.0121588 -0.0144817 -0.0055578 -3.98387e-05 0.00364179 0.00602885 -0.000160774 0.00195773 -0.0111802 -0.00390996 0.0010913 -0.0354024 0.0016583 -0.0129668 -0.00601495 -0.000208672 0.000491516 -0.00112856 -0.00248283 0.00144941 0.0121683 -0.00914231 0.012665 0.0213659 0.0248552 0.0440733 0.00118901 -0.0172102 -0.00721825 0.00176952 -0.0142117 0.00570271 -0.00075984 0.0143185 -0.000931981 -0.00555106 -0.00988423 0.017345 0.0203686 -0.010734 -0.013565
internal_weight=0 2659.95 18134.3 205.797 145.561 73.9422 29.9949 17928.5 639.482 17289 17264.6 16974 564.064 16167 1375.31 14791.7 3058.71 929.705 2129.01 1422.04 590.688 258.12 247.821 769.876 11733 1003.47 766.281 11623.4 2545.98 80.0836 237.193 360.702 14.6701 6.43556 241.858 806.931 293.319 8940.16 3323.07 2617.24 5617.09 133.457 513.612 109.622 67.5674 64.6199 24.1604 5483.64 339.017 443.163 274.049 75.418 19.618 2152.35 53.5993 332.568 209.248 181.642 21.1877 27.606 9.95108 160.454
internal_count=2229732 144564 2085168 52063 21879 4291 1803 2033105 95636 1937469 1936813 1932111 53732 1790366 131389 1658977 621722 268855 352867 226383 99089 38466 38194 73432 1037255 109627 83756 1020335 138039 32927 25871 44731 655 225 37689 141745 25617 544758 206946 123480 337812 3307 116128 16920 9250 8481 2167 334505 169766 89562 23252 41904 1596 151323 3041 60623 39347 36644 6515 2703 1243 30129
cat_boundaries=0 2 4 6 8 10 12 14 16 18 20 21 23 25 26 27
cat_threshold=218628224 2238912 2762116168 260631608 721553600 897598528 36091449 643268995 167815275 62346011 33562627 36966419 3 35000323 811073600 134223988 45121 629702685 2300205122 16830501 192 620758676 939565056 1140872852 268476416 2 2
is_linear=0
shrinkage=0.05


Tree=112
num_leaves=63
num_cat=16
split_feature=55 26 21 22 38 21 26 34 39 38 49 22 38 41 38 46 41 46 44 44 26 34 26 22 20 27 44 44 38 44 3 25 46 41 38 58 23 45 38 21 23 22 23 46 45 23 22 46 38 41 39 39 45 39 46 44 42 38 26 20 42 45
split_gain=7.60815 7.00813 9.55195 8.23442 10.6244 8.28484 11.4564 7.97311 7.75581 7.6283 9.76218 8.51124 7.79947 7.0271 6.98646 9.65608 7.03216 6.90331 9.24833 6.34722 9.99048 13.5508 8.08208 8.05951 6.9379 6.72513 6.34277 6.4609 17.8413 6.05203 6.04857 6.4004 6.73383 8.75768 10.0192 9.05373 10.3952 7.2704 7.18054 6.87658 8.23736 6.23111 6.82249 6.98484 6.18835 13.0584 6.59228 6.32527 5.96076 5.94495 9.65875 10.1451 6.49245 5.83802 5.80789 8.686 6.87859 12.287 10.0579 10.9217 12.0012 8.11279
threshold=169.00000000000003 0.53871130943298351 15.500000000000002 24.510000228881839 0 17.500000000000004 0.47304561734199529 11.500000000000002 2.5000000000000004 1 2 28.184659004211429 3 4 5 13.536827564239504 6 47.447988510131843 2.5000000000000004 114.50000000000001 0.50083056092262279 7.0000000000000009 0.23090185970067981 14.402380943298342 2.5000000000000004 4.5000000000000009 212.50000000000003 149.50000000000003 7 4.5000000000000009 0.11974100023508073 1.5000000000000002 28.292273521423343 8 9 1.5000000000000002 1.5291663408279421 74.500000000000014 10 22.500000000000004 2.6815079450607304 7.6282894611358651 2.4248186349868779 20.781919479370121 7.5000000000000009 1.4386442899703982 11.03901529312134 41.409009933471687 11 12 1.0000000180025095e-35 3.5000000000000004 2.5000000000000004 1.0000000180025095e-35 40.631460189819343 89.500000000000014 13 14 0.55578610301017772 9.5000000000000018 15 2.5000000000000004
decision_type=8 2 10 10 9 10 2 2 2 9 1 8 9 1 9 10 1 10 2 2 2 2 2 10 2 10 2 2 9 2 10 10 10 1 9 2 10 10 9 10 10 10 10 10 10 10 10 10 9 1 2 2 10 2 10 2 1 9 2 2 1 10
left_child=-1 2 9 4 5 6 7 8 -4 13 -11 17 -13 48 15 -3 -16 18 -12 23 21 22 -21 24 -6 -23 27 -5 -29 -14 31 44 33 35 41 36 -33 -38 -34 -36 -41 -35 43 -43 -7 47 -47 -46 -2 -26 -51 52 -52 -8 55 56 -17 61 -59 -60 -61 -58
right_child=1 14 3 26 19 30 53 -9 -10 10 11 12 29 -15 16 54 -18 -19 -20 20 -22 25 -24 -25 49 -27 -28 28 -30 -31 -32 32 38 34 39 -37 37 -39 -40 40 -42 42 -44 -45 45 46 -48 -49 -50 50 51 -53 -54 -55 -56 -57 57 58 59 60 -62 -63
leaf_value=0.024797544177094455 -0.0077318678272347814 -0.024731238028088947 0.034738074784480169 -0.00048247527288593477 0.0017269018046163331 0.028031022123879062 -0.0046024367420252664 0.0021979736276637987 -0.0065586073609227068 -0.00025482353269385891 -0.10189114425050486 0.0034542922099710625 0.0013773209229867231 -0.0016321107831934599 0.0093153003927347669 0.0092190506657628801 -0.0078833212848492124 -0.0057153608195260183 -0.015763185725363331 0.017870975825709717 0.034685587648215312 0.017993894033693877 -0.042640913487475215 -0.00318192101313239 0.025007621282440384 -0.012220731511808277 -0.023849270098918678 0.024995277455621294 -0.0057229467960603284 -0.011013569664445553 0.031901353476654071 -0.07172110919374107 -0.0017248878752494303 0.023770562843482269 -0.036694285184004069 0.018720940218021991 -0.022547941641809326 0.024386370245674908 0.0074002986207602059 0.038361789660731255 0.0069089272292684233 0.031549038058401611 -0.023422515861071923 -0.013966082891879165 -0.047155980721595797 -0.016849203709401985 0.021557363582091441 0.013019718065551928 0.0081984987526087863 0.018584348530049675 0.0022022592340697803 0.015062557004296376 -0.098487129891016129 -0.070032976019965221 0.0015131604593592494 0.020635253692591827 -0.037909807720271374 0.013221681883561612 -0.0042013694688812627 -0.015592648523901263 -0.063767115560044732 0.0094497602895705947
leaf_weight=29.721976942149922 63.572446239835699 29.589392943453277 82.820030919087003 10266.27531522909 200.57336983287314 48.474222123768413 16.632346035912636 38.39536285813665 12.820048647641668 815.3308894116426 2.1852758897584854 249.85882568556826 137.79239233599765 2387.3773183681074 66.132147349941079 451.24885005467513 275.8915754481277 262.03195261815199 321.57360788840742 5.741774651920422 10.066725474025587 26.514092504425207 43.376268366904696 567.46738071559957 62.205251455074176 54.747823069134029 27.719602845481859 78.461730544597231 97.045329615561059 343.18435262941466 18.331978984351736 8.9522466954513202 313.3328913128862 11.840425258502362 5.3509235164092379 14.199158212868495 63.590869215986459 8.6239005107781832 680.35576460423908 30.342570463049924 63.731965112805483 13.242843016632831 59.674216396189877 19.713166903093224 13.6155995267618 12.617931631277314 66.417353661090601 5.7079760077176607 330.57244150400402 19.072466780373365 2.1308931650710274 5.2776790731004439 4.9542926772264764 3.342489661066792 1425.8806948782003 97.190575110347709 8.4258680335478839 36.121494565333705 81.24982757034013 38.159443929995177 19.320381398574682 238.44446685163712
leaf_count=482 21025 747 2151 1091824 15760 699 429 3133 643 135026 196 28067 31913 335174 1781 7868 9971 29822 25253 183 148 1039 1716 30625 1551 8000 10104 12982 25274 238063 191 561 11744 177 352 569 5020 398 48909 871 4647 457 4624 854 442 331 1207 131 29197 449 111 274 277 214 35448 1487 499 679 1884 984 768 3792
internal_value=0 -0.00010284 -0.000463085 0.000242846 0.00275249 0.00524575 0.0162726 0.0215328 0.0291919 -0.00234253 -0.00458324 -0.00723932 -0.00368724 -0.00060541 0.00223905 0.00317747 -0.00437123 -0.0117805 -0.0166565 -0.00129901 -0.0111286 -0.014903 -0.0353518 0.000299107 0.0070012 -0.00226342 -0.000384018 -0.000319448 0.00916554 -0.00731648 0.00410666 0.00373087 0.00260176 -0.00396404 0.00214378 -0.0155213 -0.0235555 -0.0166865 0.00458113 0.012828 0.0173504 -0.00827788 -0.0134687 0.00471393 0.0135885 0.00626026 0.0152919 -0.0296147 0.00548889 0.0181609 -0.00263777 -0.0362922 -0.0716775 -0.0183682 0.00354555 0.00652799 0.00493557 0.000341206 -0.009476 -0.0161164 -0.0325988 0.00738883
internal_weight=0 20764.9 17997.2 13083.8 2614.25 1612.13 154.01 134.035 95.6401 4913.48 2131.96 1316.63 730.836 2781.52 2767.65 2425.63 342.024 585.791 323.759 1002.13 140.447 130.38 49.118 861.681 294.214 81.2619 10469.5 10441.8 175.507 480.977 1458.12 1439.78 1292.95 299.262 203.896 95.3662 81.167 72.2148 993.689 99.4255 94.0745 104.471 92.6302 32.956 146.833 98.3589 79.0353 19.3236 394.145 93.6406 31.4353 12.3629 7.08519 19.9748 2396.04 970.161 872.97 421.721 174.851 138.73 57.4798 246.87
internal_count=2229197 2228715 2162807 1289071 148887 88754 6570 5927 2794 873736 488340 353314 298043 385396 65908 54156 11752 55271 25449 60133 11086 10938 1899 49047 18422 9039 1140184 1130080 38256 269976 82184 81993 79183 18530 11982 6548 5979 5418 60653 5870 5518 6112 5935 1311 2810 2111 1538 573 50222 2662 1111 662 388 643 53409 17961 16474 8606 4315 3636 1752 4291
cat_boundaries=0 2 4 5 6 7 9 10 12 13 15 17 19 20 21 23 24
cat_threshold=3560579340 643664331 458810913 593536686 12 1141112834 8 1084227844 306782370 32 2827392032 941733448 68 1075839236 537430016 3222274056 33816586 269009440 2139658 184 4 4 589856 1
is_linear=0
shrinkage=0.05


Tree=113
num_leaves=63
num_cat=13
split_feature=59 38 21 20 38 21 15 38 45 38 27 23 6 7 51 58 38 21 4 17 57 46 38 22 38 21 34 42 22 22 22 41 38 46 23 34 2 23 46 44 38 34 46 23 45 23 23 45 7 44 7 45 38 42 21 21 7 26 46 46 46 26
split_gain=10.9192 8.64421 8.40411 6.18885 5.79589 7.7607 5.74707 7.7334 6.27485 12.8079 5.6019 5.52502 5.19525 5.26613 5.05726 7.54866 5.52972 4.73316 5.56934 4.72655 4.66909 4.6031 4.57992 5.98122 5.95015 5.03897 7.53105 6.73148 8.76288 6.84692 6.66975 6.99847 5.97915 6.26629 10.2685 7.79979 5.95806 5.90222 5.87376 6.78009 5.87328 5.7508 6.85641 5.17508 5.4395 6.17209 7.04679 6.68324 6.40243 5.54027 5.71582 5.08923 4.89369 4.85903 4.78457 7.02187 6.1432 6.72593 6.29677 10.1453 8.34316 8.37783
threshold=0.65151515603065502 0 1.5000000000000002 149.50000000000003 1 124.50000000000001 1.5000000000000002 2 281.00000000000006 3 17.500000000000004 2.4713386297225957 0.48072201013565069 24.500000000000004 0.13499999791383746 3.5000000000000004 4 47.500000000000007 1.5000000000000002 20.500000000000004 1.0000000180025095e-35 12.078076839447023 5 206.58333587646487 6 77.500000000000014 52.500000000000007 7 85.535713195800795 96.77500152587892 73.354167938232436 8 9 58.828969955444343 1.0340281128883364 8.5000000000000018 7.2784500122070321 4.7629466056823739 38.482059478759773 46.500000000000007 10 4.5000000000000009 31.479811668396 1.3531854748725893 84.500000000000014 1.5291663408279421 1.9048647284507754 60.500000000000007 7.5000000000000009 21.500000000000004 5.5000000000000009 17.500000000000004 11 12 15.500000000000002 19.500000000000004 7.5000000000000009 0.55578610301017772 28.292273521423343 24.411779403686527 39.301673889160163 0.47304561734199529
decision_type=2 9 8 2 9 8 2 9 8 9 10 10 10 8 2 2 9 10 8 2 2 8 9 10 9 8 2 1 10 10 10 1 9 10 8 2 8 10 10 2 9 2 10 8 10 8 8 10 8 2 8 10 9 1 10 10 8 2 10 10 10 2
left_child=2 -2 3 -1 10 11 7 21 14 -10 -3 12 13 19 22 16 -16 18 -14 -6 -15 -4 25 -24 -25 26 27 36 30 41 31 40 -27 43 -35 37 -8 -36 39 -32 54 -30 -43 -34 45 48 47 49 -45 53 -51 -42 -46 -47 -29 -56 57 -57 59 -58 -60 -62
right_child=1 4 6 -5 5 -7 8 -9 9 -11 -12 -13 17 20 15 -17 -18 -19 -20 -21 -22 -23 23 24 -26 32 -28 28 29 -31 38 -33 33 34 35 -37 -38 -39 -40 -41 51 42 -44 44 52 46 -48 -49 -50 50 -52 -53 -54 -55 55 56 58 -59 60 -61 61 -63
leaf_value=-0.019674465567394193 0.01591691719137216 0.0027120173253026231 0.019672917157064602 0.017514165797780517 -0.050031392562691325 -0.025259589025666503 0.025330602115603118 -0.00074804327554672985 0.02760068517434186 -0.01971127015893016 0.029850617905062611 0.035067731583228533 -0.064877851791280944 -0.0078089881958622841 0.014067801627214977 0.032584047975474248 0.0014754875667652532 0.037800685943853884 0.025249902889068299 0.013648186141341161 0.035330597855605245 -0.0059359093747315649 0.00076623780772317699 -0.0064521176978434144 0.019053597799736047 0.0022087415195068761 -0.017989230402991673 -0.003518786759105272 0.042923589937059442 0.0025780951118184346 -0.031582768922046624 -0.00022378258809731667 -0.011090992813352971 0.026421239119172414 -0.045365352416814129 -0.0071586958072303863 0.0025289428523869854 -0.0058633995142497852 -6.4620434636411566e-05 0.013775802258231841 -0.0033515960401262293 0.027494313244300246 -0.0073052708517135391 -0.038505791333002137 0.011780324655066839 0.031843930206819727 -0.0032929434909592711 -0.057875238936545476 0.016129761244709995 -0.071768303634251115 -0.016907344889800849 0.014473910255272102 -0.00703240354761405 -0.0090312343530635619 -0.034585488916188185 -0.017524734439397376 -0.013348760984790648 -0.072160644216700556 -0.031473382014779942 0.023396168694424711 0.0094687238587209954 -0.022712321859454446
leaf_weight=85.947804182329037 112.83413821858994 2398.8415135432242 16.883400788698054 12.051201352558563 11.230791578812385 42.634036358215781 28.292059483458615 3919.7463757424107 39.744926357416261 13.03263587144829 18.178863458289925 9.1562259421334584 2.1326896550308447 50.564563780280878 90.056699110722548 21.385885909141507 697.72591273113721 11.273849295685066 2.9390193327853948 3.3443413163768119 6.1454351473657871 1085.6042665581822 4970.3519604418225 29.574213574989699 72.841026395468361 383.13022766224094 57.817323357323403 223.81508761533769 19.82532915729098 184.02057139554381 49.647518568519445 2880.6364744200109 204.8656791564963 11.732313280832384 36.591429400694324 49.218479446625679 1341.643442038674 13.071578177492482 42.618547965848848 9.2461921718095237 145.76268354627246 30.121378358824586 25.341271627119568 4.9580081226304165 102.65482169322786 9.4381715648632962 728.67283179224432 8.3424794354723399 57.072266199773367 4.3765577860176554 55.164650687085668 54.078258920373628 43.348216553795282 23.034095188442734 33.453541569761001 28.153401060262695 37.189725193195045 6.4203606648370615 41.897989900258835 36.034977528033778 47.037689487697207 33.978778329561464
leaf_count=32599 5720 94963 3874 354 973 23149 1132 736332 1787 3013 3277 837 151 14000 8376 498 20310 158 86 151 1277 438969 362144 5284 7507 67851 29208 8117 261 19242 2898 124110 22044 1922 2426 6652 62959 662 3633 1548 10922 1881 3068 114 2902 305 63468 530 3614 108 5583 2275 3685 916 1261 451 1187 110 2130 928 2671 1075
internal_value=0 0.00298219 -0.000442289 -0.0149706 0.00233393 -0.00723762 -0.000362584 -0.00179935 0.000191402 0.0172355 0.00291633 0.000137929 -0.00386625 -0.00972324 0.000120748 0.00394583 0.00312806 0.0207648 -0.0170928 -0.0354816 -0.00260292 -0.00547664 -0.000133975 0.00101203 0.0129157 -0.000953717 -0.00019627 1.21807e-06 -0.00105107 0.0078143 -0.00167943 -0.00131781 -0.00329556 -0.00483582 -0.0162252 -0.021499 0.00301798 -0.0352892 -0.0142545 -0.0243505 -0.00580515 0.0204112 0.0117464 -0.00384808 -0.00240798 -0.00387454 -0.00501621 -0.0173727 0.0112212 -0.0131177 -0.0220587 0.00144805 0.00650798 0.00344568 -0.00874197 -0.013467 -0.0102688 -0.0294139 -0.00676196 0.00480556 -0.0136363 -0.00414055
internal_weight=0 2669.28 18147.7 97.999 2556.44 139.421 18049.7 5022.23 13027.4 52.7776 2417.02 96.7869 87.6307 71.2851 12974.6 809.168 787.783 16.3456 5.07171 14.5751 56.71 1102.49 12165.5 5072.77 102.415 7092.7 5357.03 5299.22 3929.28 259.309 3669.97 3568.46 1735.67 1352.54 110.614 98.8815 1369.94 49.663 101.512 58.8937 687.822 75.288 55.4626 1241.93 1037.06 891.059 829.029 100.356 62.0303 92.0135 59.5412 199.841 146.003 32.4723 487.982 264.166 230.713 34.5738 196.139 73.2247 122.914 81.0165
internal_count=2229638 144742 2084896 32953 139022 40782 2051943 1179175 872768 4800 98240 17633 16796 16401 867968 29184 28686 395 237 1124 15277 442843 838784 374935 12791 463849 281067 251859 187768 24452 163316 155237 182782 114931 11662 9740 64091 3088 8079 4446 31127 5210 4949 103269 81225 74638 70910 7442 3728 6912 5691 13197 6587 1221 17930 9813 8552 561 7991 2115 5876 3746
cat_boundaries=0 2 4 6 8 10 12 14 15 16 18 20 22 23
cat_threshold=219676800 145600 4041475590 305202742 122824810 163992607 650650912 204185708 10485760 134238228 988302017 263869292 2164565260 536882192 2 64 176701633 2228812 12583040 102760736 272629760 288 2
is_linear=0
shrinkage=0.05


Tree=114
num_leaves=63
num_cat=13
split_feature=59 51 21 38 23 38 26 38 25 39 38 21 21 22 46 38 39 38 41 38 57 38 22 22 26 46 34 5 23 23 38 39 46 22 25 23 23 45 26 23 38 21 23 46 28 0 7 25 34 22 48 57 45 46 26 49 23 25 23 40 46 46
split_gain=8.46388 6.91816 9.0179 9.55342 8.21429 6.87268 6.4493 6.32038 8.34333 6.26149 6.22158 8.06687 6.18449 6.12685 6.03931 5.98627 5.81208 10.5622 7.44805 9.24105 7.01472 6.29032 7.35967 5.76315 5.5413 6.90628 10.7656 7.22308 6.31272 7.96462 5.50636 5.73477 5.97195 12.2978 9.46095 9.66328 16.0454 7.40058 7.01041 6.52571 7.71201 7.64301 6.17729 5.93119 5.85763 5.38005 5.35464 5.35333 5.3181 7.67538 5.15379 5.14525 5.12978 5.04888 5.21757 7.17532 6.5101 7.30247 6.32415 5.88753 5.16744 6.31901
threshold=0.65151515603065502 0.13499999791383746 7.5000000000000009 0 0.14679691195487979 1 0.24012986570596698 2 2.5000000000000004 6.5000000000000009 3 19.500000000000004 32.500000000000007 112.09999847412111 39.148105621337898 4 4.5000000000000009 5 6 7 1.0000000180025095e-35 8 224.25000000000003 81.071430206298842 0.22248551994562152 29.620658874511722 7.0000000000000009 4.8020999431610116 0.5189291536808015 0.40032546222209936 9 1.5000000000000002 36.70128250122071 44.519229888916023 4.5000000000000009 1.0007824897766116 0.98653182387352001 7.5000000000000009 0.49915254116058355 1.7678765654563906 10 120.50000000000001 0.78614532947540294 105.42478179931642 5440.5000000000009 1025.6507568359377 34.500000000000007 4.5000000000000009 9.5000000000000018 31.633971214294437 2.5000000000000004 1.0000000180025095e-35 4.5000000000000009 59.903217315673835 0.53871130943298351 11 0.34602361917495733 1.5000000000000002 0.42503406107425695 12 15.97356700897217 17.095573425292972
decision_type=2 2 10 9 8 9 2 9 10 2 9 10 10 10 10 9 2 9 1 9 2 9 10 10 2 10 2 8 10 10 9 2 10 8 10 10 10 10 2 10 9 8 10 10 2 8 8 10 2 10 8 2 10 10 2 1 10 10 10 1 8 8
left_child=1 2 3 4 14 -2 15 -3 13 -10 11 47 -12 -9 -1 24 18 -18 19 52 -19 23 -23 -20 -4 26 28 -27 29 -26 -7 32 33 37 35 36 -34 -32 46 40 -36 -41 -39 -37 -44 -5 -35 -8 49 -16 -46 -21 -17 54 56 -56 60 58 -58 -57 -6 -62
right_child=5 7 6 45 53 30 10 8 9 -11 12 -13 -14 -15 48 16 17 20 21 51 -22 22 -24 -25 25 27 -28 -29 -30 -31 31 -33 34 38 39 43 -38 42 -40 41 -42 -43 44 -45 50 -47 -48 -49 -50 -51 -52 -53 -54 -55 55 59 57 -59 -60 -61 61 -63
leaf_value=-0.023493222501157388 0.013758506243735142 0.010788322500101805 -0.0024162453911067438 -0.030542778384703817 -0.011982427465082268 0.0027624989339767644 -0.013659796619623727 0.0077381060706324103 -0.0053905648015800988 0.016169909520196021 0.001297380943315649 0.005785356496624817 -0.0016319709362408307 -0.046340087209062991 -0.015953672698499233 0.00082058650067047794 -0.0045112498280728787 0.014138230990928063 0.0061392850118258645 -0.00084614536629920893 -0.023821252920742875 -0.0084294118087846932 0.021160906640906942 -0.0070502681809969069 -0.056009033874748995 -0.079719770801023854 -0.0098685182092223787 -0.0036461413699485192 -0.070391704029519636 0.033501625834856386 0.029615756717157323 0.0018527523448331384 -0.040434502335842545 -0.054927404444899269 0.016338575820184345 -0.091893046366850306 0.065764147892388325 0.030796334469949116 0.027978338720608294 0.044402402266408174 -0.031441289069017726 -0.033693825947676274 0.038126255839446774 0.012026214197679875 -0.064158906737810384 -0.006608207690046157 -0.015936580849678545 0.0011001400987300236 -0.020623923596884277 0.018876013346690149 -0.0010716931293586714 0.043890441094447299 0.016592812106675094 -0.0083565922279980817 0.01160314810181276 -0.020569765776581955 -0.05917718411135614 -0.0027116186888726081 -0.015526626406676748 0.0092406098280415159 0.035290713627166834 0.0016068087173385821
leaf_weight=64.597115733424289 115.58211603068048 214.02968506023899 3195.2518607738011 23.089836475576249 68.798587239261906 2159.7346582836381 91.797483627684414 343.91271211030107 384.78048881210634 35.92684419638681 3829.9862067168615 1006.1906446530229 3400.6097815355824 4.3352721008704966 25.938278783367423 78.637855666462201 156.20351640639637 238.667401144412 222.57774778112434 804.70644601231015 11.936678740828937 563.01611832453091 20.892933441904461 130.57518530702509 4.1122928584227356 2.1758555813576095 51.279515764937969 191.90599831192958 14.103886855184099 3.9140142295509577 30.750104104285128 206.83202429428684 16.908730711192682 10.766323329764417 7.5788598942890548 9.1896803767012862 3.4912556679919353 6.0838134385412586 6.2732998202845911 9.7209010653314145 13.20591125971441 3.5826340311396061 2.1944088632881167 1.3384271585382528 7.0531822230550434 1085.8918766335487 41.28839780335511 181.35976224356637 30.026198429602118 37.416476217535092 5.4711569012433765 5.4789950432023025 149.27774912589848 156.74026682986005 203.58495867394959 37.279407317168079 10.497431571595369 100.58432447395171 34.22062653163448 28.40211440512212 13.16580066528695 827.02784521511239
leaf_count=25977 7500 26956 545578 69551 16780 86473 9239 12949 22428 2087 134261 68739 124692 72 2929 10484 22429 32546 43341 169857 5512 105245 5500 40263 281 342 3633 19789 948 127 1692 23019 3623 808 1049 773 31 315 153 572 4964 1072 74 34 832 264273 11426 19415 31874 1718 379 1084 23431 19797 3895 929 373 6162 783 587 4442 183214
internal_value=0 -0.000655175 -0.000889695 -0.00351365 -0.00105395 0.00236651 -0.000387301 0.00342176 0.00120425 -0.0035154 0.000491004 0.00368891 -8.0242e-05 0.00693414 -0.0118607 -0.00166598 0.000268046 0.00570369 -0.000852451 0.00206034 0.0117747 -0.00405678 -0.00721295 0.00122192 -0.00298821 -0.00989736 -0.0228575 -0.00490328 -0.0512272 -0.0134836 0.00178209 -0.00368684 -0.0104208 -0.00324763 -0.022311 -0.0418755 -0.0200359 0.0143976 -0.018823 -0.00387268 -0.0210015 0.0224859 -0.00842434 -0.0787847 -0.0255636 -0.00706992 -0.0248842 -0.00389183 -0.00365006 0.00458996 -0.0387168 -0.000483909 0.0107104 9.94605e-05 0.00110641 0.00730448 -0.000482002 -0.0102712 -0.0268437 -0.00672528 0.00109237 0.00217596
internal_weight=0 18084.9 17101.9 2747.26 1638.28 2657.05 14354.7 982.985 768.955 420.707 8509.94 1279.35 7230.6 348.248 157.978 5844.71 2381.97 406.808 1975.16 1038.1 250.604 937.062 583.909 353.153 3462.74 267.492 73.4097 194.082 22.1302 8.02631 2541.46 381.729 174.897 109.881 65.0164 30.9281 20.4 51.5527 58.328 34.0883 20.7848 13.3035 20.8026 10.5281 14.7187 1108.98 52.0547 273.157 93.381 63.3548 12.5243 810.185 227.916 1480.3 1323.56 269.266 1054.29 145.302 44.7181 65.6815 908.992 840.194
internal_count=2229301 2084512 2020020 633284 299460 144789 1386736 64492 37536 24515 356346 97393 258953 13021 62498 1030390 459692 60487 399205 204856 38058 194349 110745 83604 570698 25120 4989 20131 1356 408 137289 50816 27797 15679 12118 4461 3654 3292 12387 7657 6013 1644 1600 807 1285 333824 12234 28654 36521 4647 1211 170941 33915 236962 217165 5411 211754 7318 1156 1516 204436 187656
cat_boundaries=0 2 4 6 8 10 12 13 15 17 19 21 22 23
cat_threshold=1729925556 557524670 226492418 2238912 10487300 134529044 763768981 538780678 1474035782 999124174 2818627968 4198960 200 2686451713 4198401 2281852840 67244048 4066133780 301995558 8193 676855808 3 512
is_linear=0
shrinkage=0.05


Tree=115
num_leaves=63
num_cat=14
split_feature=21 23 38 38 22 47 38 9 39 21 23 7 47 51 21 27 44 44 1 38 22 58 38 39 38 38 38 39 38 46 38 48 23 22 45 44 46 22 47 27 47 46 0 6 45 21 47 38 25 48 46 39 38 41 21 27 21 49 34 27 45 23
split_gain=6.52211 7.50207 9.42565 7.66937 7.15428 7.05591 7.04878 6.96164 6.52751 6.135 5.99881 5.95488 5.62015 5.58225 5.27977 5.16025 5.55914 5.22695 4.95831 4.88654 4.87209 4.44677 14.3775 11.0232 13.0221 11.6119 9.3985 9.99734 10.3982 8.25855 11.3332 14.6503 12.8927 9.11751 14.554 8.66337 9.27356 8.37765 13.8996 14.17 11.3227 8.1223 7.74666 7.33021 6.79398 8.97701 6.77423 6.63028 6.62818 7.18136 7.00427 6.59875 6.49742 10.0003 6.88922 10.9598 7.86625 6.84915 6.34097 6.25727 11.4668 7.20009
threshold=9.5000000000000018 0.54105064272880565 0 1 21.016666412353519 29.500000000000004 2 43.500000000000007 5.5000000000000009 221.50000000000003 0.5850324034690858 2.5000000000000004 159.50000000000003 1.0000000180025095e-35 7.5000000000000009 6.5000000000000009 84.500000000000014 138.50000000000003 124.50000000000001 3 14.15590286254883 1.0000000180025095e-35 4 4.5000000000000009 5 6 7 1.5000000000000002 8 25.950738906860355 9 2.5000000000000004 0.32334330677986151 147.12500000000003 24.500000000000004 58.500000000000007 22.999130249023441 33.675439834594734 70.500000000000014 2.5000000000000004 51.500000000000007 15.245833396911623 10536.842285156252 0.1455820053815842 27.500000000000004 19.500000000000004 28.500000000000004 10 3.5000000000000004 4.5000000000000009 34.656499862670906 3.5000000000000004 11 12 120.50000000000001 1.5000000000000002 157.50000000000003 13 5.5000000000000009 2.5000000000000004 5.5000000000000009 2.6815079450607304
decision_type=10 8 9 9 10 2 9 8 2 10 8 8 2 2 10 10 2 2 10 9 10 2 9 2 9 9 9 2 9 8 9 10 10 10 10 2 10 10 2 10 2 10 8 10 10 10 2 9 10 10 10 2 9 1 10 10 10 1 2 10 10 10
left_child=1 2 8 -3 6 -4 -2 13 -1 11 15 12 20 18 -10 16 19 -18 -8 -5 -9 26 -23 25 -25 -24 27 43 44 30 31 35 41 46 47 37 -37 38 39 -27 42 -32 -39 48 45 -29 -31 -35 49 -6 -51 -42 53 -50 55 -55 57 -56 -36 60 -34 -61
right_child=4 3 5 10 21 -7 7 9 14 -11 -12 -13 -14 -15 -16 -17 17 -19 -20 -21 -22 22 23 24 -26 29 -28 28 -30 33 32 -33 59 34 58 36 -38 40 -40 -41 51 -43 -44 -45 -46 -47 -48 -49 52 50 -52 -53 -54 54 56 -57 -58 -59 -60 61 -62 -63
leaf_value=0.0010656360743518517 0.010115060696616976 -0.011347219524768533 -0.034828987442430508 0.017246908300910073 0.0052527685940172951 -0.0066014893731880719 0.0054925377273728265 0.008097268471640183 -0.024543191298744868 -0.013090055718411443 0.00032253107310772206 -0.00010564297308021447 0.012360396826582559 0.022106215683243183 0.014366093480267343 -0.019123766702420608 0.03524310492000144 0.0070101130350325343 -0.027558421276603885 -0.014163474716762898 -0.0096765054554211541 0.0062151654144265989 -0.017628668649273274 0.0046371021129158717 -0.0091921538838611438 -0.10496973716233116 -0.0021371658977326546 -0.042814560598700979 0.00087136885537978141 -0.042697776614550313 0.012045060011452592 -0.051643875602840963 -0.043063330238089996 0.019162948172492027 -0.012621479199224803 -0.077360650611374204 -0.01053647080533858 0.01062967584199926 0.037899481895530607 0.024240169085016333 -0.031532219750601408 -0.063135980013348164 -0.050765278900997114 0.02495150636205342 -0.031301010985405643 -0.0057295484375146531 0.0050193980337331912 -0.015302196062719651 0.0018785493014761942 -0.059412655022032551 -0.004937767806821515 0.013918539789940712 0.0018391825961408669 -0.074372750216936928 0.028665922858776102 -0.011843300909198837 -0.010562856025713415 -0.0095428558310041885 -0.07036141119787695 0.016464813300430842 0.0039564397956913687 -0.018895419515875637
leaf_weight=798.77489256688568 273.15365358293639 124.26531694291589 21.689955990900671 10.101846419798674 1397.2075795964629 1035.1435732906903 657.88986767095957 80.438898834545398 42.670439919071214 78.876252786176337 2074.6358922672634 1893.7289920384428 203.21735126303975 50.045908827625681 10.184798214293549 10.857066030177519 39.730351760692429 28.445513160841074 10.569488979395826 19.307408017717538 72.224235138361109 1096.263822621052 65.675922038947647 231.86112175688686 594.12346284848809 3.0470300936140147 4869.0054703261476 17.179642622655592 297.5986377231111 6.4866214393405235 4.853859671013196 20.843989857996348 14.549006780172929 18.361103088536765 8.3331638696836325 7.7744883637060438 13.650400649843503 57.706821279774886 23.004373278818093 3.834136501129251 51.877649885616847 10.30278422507399 4.6396546430187291 33.171056288068939 43.754967377382854 164.75728324104421 1439.714770546263 16.273364327830677 395.39474352498655 5.288178836926817 101.02181172239943 8.8159631581802369 1655.2914968294253 6.2358549328055224 24.380102043855004 279.46623224634823 51.13482537233358 15.267761711264027 11.953742097091888 132.19921997025449 77.314399751456222 15.301778078654023
leaf_count=51548 26712 146771 3477 315 37074 199523 22740 1245 5119 11091 348393 90989 1564 725 941 1440 665 766 1041 604 806 102769 17752 30333 50708 179 610401 4147 46218 226 107 1114 399 727 362 628 819 1423 322 122 2682 1107 136 3624 5833 22913 61871 8819 31495 257 3219 360 221745 301 1355 25970 5460 1226 2357 4824 1466 1084
internal_value=0 -0.0017086 -0.0040269 0.00020984 0.000493224 -0.00714564 0.00256904 0.0018502 -6.82345e-05 0.000527729 0.000920327 0.0010108 0.00693533 0.00615502 -0.0169181 0.0123336 0.0159919 0.0237349 0.00492956 -0.00214792 -0.000319674 -2.53229e-05 0.00138382 -0.000501108 -0.00536433 0.0014901 -0.000618629 0.00103171 -0.00545507 0.00222139 -0.00370504 -0.0123774 0.00332261 0.00401293 -0.0158068 -0.00812108 -0.0371535 -0.00383869 0.0194951 -0.0390342 -0.00961778 -0.0398042 0.00533156 0.00189182 -0.0132195 -0.00944625 0.00477602 0.0040776 0.00169093 0.00429846 -0.00817592 -0.0248117 7.45794e-05 -0.00368323 -0.00941187 -0.0134627 0.00231897 0.0187841 -0.0483509 0.00634589 -0.00387392 0.012694
internal_weight=0 4215.81 1908.46 2307.34 16615.1 1056.83 3320.14 3046.99 851.63 2328.49 2183.08 2249.61 355.88 718.505 52.8552 108.442 97.5851 68.1759 668.459 29.4093 152.663 13294.9 3938.76 2842.5 825.985 2016.51 9356.16 4487.15 523.291 1950.84 449.716 195.195 254.521 1501.12 54.9214 174.351 21.4249 152.926 29.8855 6.88117 123.04 15.1566 62.3465 3963.86 225.692 181.937 1446.2 34.6345 3930.69 1503.52 106.31 60.6936 2427.17 771.88 376.485 285.702 90.7827 39.6479 20.2869 239.364 91.8634 147.501
internal_count=2230409 759562 260608 498954 1470847 203000 156913 130201 57608 105695 352183 94604 3615 24506 6060 3790 2350 1431 23781 919 2051 1313934 292696 189927 81041 108886 1021238 410837 79111 91134 16772 7785 8987 74362 12265 6671 1447 5224 623 301 4601 1214 1559 331726 32893 27060 62097 9546 328102 40550 3476 3042 287552 65807 34312 26271 8041 2581 2719 7773 1865 5908
cat_boundaries=0 2 4 6 8 10 12 14 16 18 20 22 24 25 26
cat_threshold=2353170434 696255014 2281867338 75552836 67108864 541403392 14680064 268435456 2284102715 68060806 100801024 36765961 33558532 537919745 4052777356 1041245264 1888502144 34603072 268452352 39911520 1698709632 272629824 1082130440 369098752 164 6
is_linear=0
shrinkage=0.05


Tree=116
num_leaves=63
num_cat=13
split_feature=59 21 55 29 38 21 38 38 38 21 47 47 39 20 21 8 38 29 22 39 56 22 46 46 23 8 46 26 59 59 44 26 41 26 26 20 17 38 22 38 20 38 8 41 38 22 34 46 47 38 46 42 27 58 23 21 34 39 5 21 34 34
split_gain=12.0141 7.67258 5.78598 5.68442 6.66776 5.50988 23.2746 7.64151 7.63729 13.6194 9.19565 7.26284 7.18218 6.94529 7.31474 6.71984 6.47529 6.44748 6.34859 6.28179 5.51666 5.41744 10.2069 5.41352 5.33081 5.65249 5.2237 5.40519 7.71316 5.57271 6.54234 4.88766 4.88504 4.99695 4.86905 5.99868 5.99659 5.30389 7.16742 4.85094 5.36446 9.27047 7.67322 6.66743 6.82115 7.04578 6.66796 6.60564 6.15477 6.08399 6.01057 5.71874 7.61219 5.4894 8.44216 5.41668 5.95264 6.0725 5.36911 5.28059 5.19208 7.30778
threshold=0.57738095521926891 9.5000000000000018 216.00000000000003 1396.5000000000002 0 168.50000000000003 1 2 3 90.500000000000014 154.50000000000003 156.50000000000003 1.5000000000000002 6.5000000000000009 50.500000000000007 0.99200141429901134 4 371.00000000000006 91.071430206298842 3.5000000000000004 3.5000000000000004 70.354167938232436 23.413788795471195 36.00856018066407 0.18719605356454852 0.99398213624954235 38.281175613403327 0.50083056092262279 0.39565217494964605 0.2788888961076737 14.500000000000002 0.07678906619548799 5 0.077079426497221007 0.57463562488555919 11.500000000000002 10.500000000000002 6 185.16666412353518 7 3.5000000000000004 8 0.91621729731559765 9 10 30.866071701049808 11.500000000000002 19.017667770385746 62.500000000000007 11 36.472702026367195 12 15.500000000000002 2.5000000000000004 0.65245473384857189 15.500000000000002 5.5000000000000009 2.5000000000000004 3.4412499666213994 117.50000000000001 4.5000000000000009 7.0000000000000009
decision_type=2 10 8 2 9 10 9 9 9 10 2 2 2 2 10 10 9 2 10 2 2 10 10 10 8 10 10 2 2 2 2 2 1 2 2 2 2 9 10 9 2 9 10 1 9 10 2 8 2 9 10 1 10 2 8 8 2 2 10 8 2 2
left_child=1 2 -1 4 -4 8 12 19 9 13 17 -9 15 14 -3 20 -14 -11 -16 -8 34 22 -19 32 26 -26 27 -5 29 30 -29 -22 -15 -34 35 36 37 38 -7 -2 41 42 50 48 45 47 -47 -45 55 -42 -41 52 -48 54 -46 56 -43 -58 -51 -50 -56 -62
right_child=39 5 3 24 -6 6 7 11 -10 10 -12 -13 16 23 18 -17 -18 21 -20 -21 31 -23 -24 -25 25 -27 -28 28 -30 -31 -32 -33 33 -35 -36 -37 -38 -39 -40 40 49 43 -44 44 53 46 51 -49 59 58 -52 -53 -54 -55 60 -57 57 -59 -60 -61 61 -63
leaf_value=0.038716931977616775 0.017006371976140768 -0.02464498237791235 0.00036813210555751267 -0.0088324379680403669 -0.010787459742144697 -0.010798483861615388 -0.015000622023281125 -0.0025323273289738386 0.00076003880118294463 -0.025825432387077931 0.017679989332268786 -0.032740513282995827 0.0090221258668623065 -0.016035902581355545 -0.019218412847828461 -0.016026315313626433 -0.0089486848841812995 -0.041843069770648771 0.00023340382504700598 0.00019295251730456022 -0.021175856273800784 -0.0033553294448117072 0.02022486908647847 -0.0071087740003261905 -0.0015421587040031423 0.0074949098565254436 -0.002113183091394633 -0.0026703037881406319 -0.085665277369782009 0.029829283880146246 -0.04973185529806997 0.083860088602581484 -0.01566888618657521 0.022784916632330728 0.036912699630800905 -0.044346151594166751 0.041407054645300936 0.011502266253818947 0.038180572382257846 0.0062745552630832802 -0.010261282819741278 0.0062309266125185085 -0.02042705560043967 -0.049032673835872329 0.0087333734435003571 -0.068428846533042528 -0.078614153020087146 0.025978348940149422 0.0014451153298624387 0.0040397676910997717 0.02961928546131783 0.028348281164576335 0.035609278034882209 -0.0007576160612616904 -0.011682113602228972 0.0049792011994440949 -0.087243769628762402 -0.0086636612803617473 0.02351010817187818 -0.04279878721751379 -0.06179521968791199 -0.024324792697786979
leaf_weight=7.4853183247032575 51.008017035928788 106.88522515789464 209.27539962371839 133.65887804677186 389.3163723529492 58.856822851390461 353.81164714185434 704.70981695762021 11865.00483722175 22.763651865210704 87.753884174767336 19.488035432226752 71.085769379911653 8.7558608626604837 71.368263766511518 23.143164206821893 119.69718284517512 6.5021112786780568 99.727996591276678 84.137479430679377 1.0090339219677833 163.20115191223886 59.181634868131368 213.25524770193806 2353.8613736533425 185.76452926636193 227.87733228092839 13.861383016948823 4.4974569909973061 3.9917880356661035 15.1028705551289 3.5416970404039603 9.5077963968888053 47.036749857003088 15.735726300626991 4.1915134879527605 13.579041516990399 257.52259310725094 7.5464018177226526 84.260272677416651 64.254716434475995 9.0885839108377713 17.637003615527647 2.345714973096622 14.297250915205039 4.2368110019306178 2.8796496470313286 27.591043999243084 12.324909696863871 2061.2818506447147 40.539301892604271 6.5356131446314958 1.5982820507051654 27.621417221386764 22.886868255445734 207.86095659391867 4.144459580871624 5.1826725811988581 35.078302838188392 13.726316443440735 23.144865685346304 33.247148817437846
leaf_count=115 3024 52399 90742 34905 298179 8158 67551 75852 910026 8600 22187 5129 14193 1878 12487 5114 15654 897 32066 13908 254 28650 6585 45538 222142 9716 48174 649 265 128 1429 212 3078 5350 165 148 170 34021 1240 8644 10943 255 2062 303 1816 317 482 1757 2791 77255 4010 576 109 3345 472 12585 404 248 1524 8765 1261 8581
internal_value=0 -0.000446666 -0.00253156 -0.00262977 -0.00706699 6.31854e-05 -0.00257706 -0.00661796 0.000422964 -0.00400069 0.00384182 -0.00334315 0.00559234 -0.00885349 -0.0144315 0.0096113 -0.0022368 -0.00103464 -0.00794493 -0.0118186 0.0112901 0.00153253 0.0135453 -0.00325526 -0.00172382 -0.00087844 -0.00708912 -0.013665 -0.0302326 -0.0203678 -0.0280504 0.0609513 0.00924677 0.0137667 0.0104895 0.00916851 0.00996215 0.0085206 -0.00413492 0.00308785 0.0027483 -0.00159508 0.00902416 -0.00530891 -0.0128012 0.00394217 -0.021981 0.0187059 -4.01671e-05 0.00388928 0.0140329 9.56634e-05 -0.038787 -0.0188523 -0.0261223 0.00264187 -0.0226376 -0.0486473 0.00435585 -0.0225872 -0.0324387 -0.0405125
internal_weight=0 18043.7 3544.69 3537.21 598.592 14499 1738.06 1162.15 12760.9 895.94 339.402 724.198 575.909 556.537 277.981 385.126 190.783 251.649 171.096 437.949 361.983 228.885 65.6837 278.556 2938.62 2539.63 398.99 171.112 37.4535 32.956 28.9643 4.55073 65.3004 56.5445 357.432 341.696 337.505 323.926 66.4032 2772.77 2721.76 561.149 142.437 418.713 166.385 45.1871 15.2504 29.9368 252.328 2160.61 124.8 11.0135 4.47793 121.198 93.5761 226.277 18.4157 9.32713 2096.36 26.0512 79.2789 56.392
internal_count=2229483 2077954 706444 706329 388921 1371510 241769 162440 1129741 219715 66919 80981 79329 152796 96952 49482 29847 44732 44553 81459 44368 36132 7482 55844 317408 231858 85550 37376 2471 2206 2078 466 10306 8428 43902 43737 43589 43419 9398 151529 148505 58783 14716 44067 19019 3544 1484 2060 25048 89722 12654 1167 591 15475 12130 13492 907 652 78779 11556 10314 9842
cat_boundaries=0 2 4 6 8 10 11 13 15 17 18 20 22 23
cat_threshold=1229725731 321519626 2686076975 140661358 220497472 865347584 18352226 161628750 2147483689 4325902 6 12 4194824 150994944 133184 46929430 7352448 198 3162112 17137670 8941591 72384513 4
is_linear=0
shrinkage=0.05


Tree=117
num_leaves=63
num_cat=3
split_feature=59 51 39 57 39 55 23 22 34 23 34 23 47 46 46 5 44 20 20 42 39 46 22 20 27 22 8 44 47 23 26 44 46 26 20 46 26 20 3 41 23 26 23 23 47 40 22 22 46 34 34 22 29 47 22 47 20 46 5 34 46 47
split_gain=8.77051 7.01063 7.69211 7.00188 24.3716 6.93106 6.86041 8.64785 8.83815 8.24835 6.72351 6.53366 12.8646 11.2433 7.38093 6.84996 6.10011 9.80905 7.49972 5.94584 5.71819 6.19346 5.57223 5.53163 5.44489 5.37267 6.24302 6.12351 11.4819 8.22686 7.02693 5.38564 5.20885 5.01518 4.9924 9.72362 7.37291 5.16293 4.98259 4.9026 5.83912 5.60033 6.51201 7.37268 6.75464 6.3865 7.75262 6.50596 5.98309 10.7955 5.28602 4.95213 4.73459 4.65495 4.64654 4.68617 4.59776 5.78685 4.56533 4.60064 4.52581 7.93513
threshold=0.65151515603065502 0.13499999791383746 6.5000000000000009 1.0000000180025095e-35 6.5000000000000009 326.00000000000006 0.63653856515884411 141.12500000000003 16.500000000000004 0.52636545896530162 9.5000000000000018 0.6063213348388673 66.500000000000014 19.903301239013675 66.773044586181655 3.1716001033782963 67.500000000000014 15.500000000000002 11.500000000000002 0 2.5000000000000004 19.383268356323246 27.447222709655765 2.5000000000000004 7.5000000000000009 30.866071701049808 0.98815152049064647 4.5000000000000009 80.500000000000014 0.32906374335289007 0.23817513883113864 94.500000000000014 12.078076839447023 0.036297759041190154 9.5000000000000018 19.903301239013675 0.61556267738342296 7.5000000000000009 0.10205899924039842 1 0.54867777228355419 0.57463562488555919 0.37626267969608312 0.47193184494972235 45.500000000000007 2 43.035715103149421 36.029411315917976 32.05768013000489 5.5000000000000009 4.5000000000000009 43.035715103149421 494.00000000000006 35.500000000000007 67.211109161376967 65.500000000000014 4.5000000000000009 47.779886245727546 3.8781999349594121 24.500000000000004 23.413788795471195 189.50000000000003
decision_type=2 2 2 2 2 8 10 10 2 8 2 10 2 10 10 8 2 2 2 1 2 10 10 2 10 10 10 2 2 10 2 2 10 2 2 10 2 2 8 1 10 2 10 10 2 1 10 10 10 2 2 10 2 2 10 2 2 10 8 2 10 2
left_child=1 3 -3 5 20 -1 7 8 11 -10 23 15 13 -13 -15 -7 17 18 -14 -18 21 -5 -19 24 -9 26 27 29 34 38 -30 -28 -27 -8 37 -36 -37 56 -17 40 -34 -41 45 -44 -45 46 47 50 -46 -50 -43 -51 -11 -12 55 -47 -29 -58 -54 -60 -33 -62
right_child=-2 2 -4 4 -6 6 33 10 9 52 53 12 16 14 -16 25 19 22 -20 -21 -22 -23 -24 -25 -26 32 31 28 30 -31 -32 60 39 -35 35 36 -38 -39 -40 41 -42 42 43 44 48 54 -48 -49 49 51 -52 -53 58 -55 -56 -57 57 -59 59 -61 61 -63
leaf_value=0.023549274584858421 0.0026999781305680668 0.0024048681016258389 0.018633004664446628 -0.04115014097597261 -0.033692331596847619 0.027094101288870232 -0.0081774351441830841 0.033239760957201464 -0.012413080885607962 -0.014774085522550596 -0.02218034792195343 0.0096904175615486997 0.00051752230837211416 -0.079733013644153097 -0.0040592361223499886 0.031514477003405261 0.0037560145985466374 -0.0019998250084703913 -0.03886882208352084 -0.029262882971459039 -0.0065480636729243098 0.019079794908531702 0.035115692189565915 0.0065520309724786605 -0.020344067800772393 -0.043710677441599621 0.0067024982954363406 -0.012364979601458728 -0.019195982033070415 -0.042377736769639199 -0.0028526445089500571 0.023189536784422496 -0.0026895918087837165 0.00033917545355942129 0.010424204214556976 -0.089135819096335833 -0.020484898329271087 0.012525332781525921 -0.00037366714664319411 0.00073670853521060672 -0.025026915418422471 0.035612536037995711 0.03260184236995961 0.023737836620180506 0.024153659884698045 0.021070940623056179 0.021413255933336678 -0.037697752739588725 -0.082687520935654582 0.031959898688625941 -0.029685383917442527 -0.032156799741763491 -0.017979435678562843 0.0022857088101100481 -0.036897531812922886 -0.01607809903829872 -0.045999549140729144 0.0012249537467988677 -0.0077561083141275446 0.0036336705655110077 -0.033018748461579456 -0.0006561016995318943
leaf_weight=28.894342011219123 2653.4534240559879 916.35175310043269 78.397591710552661 3.696537536698087 68.955384127020807 20.337804547220003 174.6962577870454 42.394960038422141 390.64139881362644 71.450127360959414 19.792331532691605 6.9932072480442029 41.033436210040236 13.898941061343068 4.2533143307082346 11.453430171182843 20.494276453420753 16.474795271235052 16.117522290791385 38.535345355950994 70.019975557372163 53.795535597564594 24.768925342475995 91.014116474165348 4.6528150916856239 5.6160390730947247 270.62989377195663 144.31039645325654 69.610299383019083 10.545803589920977 970.98055334376295 10.185962066942009 302.49397919755211 10707.38100466906 6.9626874368404996 8.2391118385858153 8.12344554485753 16.275055693258764 749.0594407518638 1483.7782880626728 31.435738067899365 7.7706821813480946 48.358186193974689 20.840259231626987 6.0325354561209705 12.416614029032642 52.165564552997239 11.677040535039849 5.3069872478954485 5.1645957953296584 3.8846278403652832 4.8883651735959575 35.665692852149732 298.41115590984191 12.822822718648238 22.147339591931086 23.068321936931174 8.8108950007881486 122.91967619329353 310.60989691295799 26.38314149458165 61.574695201466966
leaf_count=503 144517 59449 4860 482 29433 1895 68172 1440 203429 114088 2539 232 3501 970 202 328 1322 473 935 3259 16436 4831 582 4988 1127 214 14762 56960 32749 752 59856 545 29345 803536 171 494 224 494 53261 145202 2334 113 705 288 72 269 1257 482 188 73 202 197 30161 120589 364 617 1502 334 64202 123486 2357 11322
internal_value=0 -0.000377326 0.00370126 -0.000614361 -0.00997521 -0.000505177 -0.000547681 -0.00190136 -0.0024439 -0.00688622 0.00470952 -0.00155022 -0.010795 -0.0432888 -0.0631394 -0.00116888 -0.00536422 0.00227741 -0.0110675 -0.0179276 0.0030128 0.0145699 0.0205935 0.013881 0.0276274 -0.00130463 -0.00290895 -0.00399724 -0.00614855 -0.000488427 -0.00396331 0.00306886 0.0005833 0.000201715 -0.0166194 -0.038126 -0.0581958 -0.0138294 0.000147326 0.000727218 -0.00471992 0.00181816 0.00938117 0.0194739 0.00403541 0.00184368 0.0108225 -0.0127629 -0.0153614 -0.0314084 0.0132232 0.00069383 -0.00287727 0.000699195 -0.0123896 -0.0025156 -0.0163208 -0.0333072 -0.00103803 0.000393882 -0.00691738 -0.0106254
internal_weight=0 18125.7 994.749 17130.9 196.467 16934.4 16905.5 6023.47 5567.21 931.287 456.265 4635.92 182.57 25.1455 18.1523 4453.35 157.424 98.3947 57.151 59.0296 127.512 57.4921 41.2437 138.062 47.0478 4433.01 2396.21 2027.44 1256.38 771.059 1040.59 368.774 2036.8 10882.1 215.79 23.3252 16.3626 192.465 760.513 2031.18 333.93 1697.25 213.476 90.5909 42.2327 122.885 75.4979 23.3324 21.3925 15.3599 11.6553 10.053 540.645 318.203 47.3868 34.564 176.19 31.8792 469.195 433.53 98.1438 87.9578
internal_count=2229672 2085155 64309 2020846 51182 1969664 1969161 1097453 966770 535366 130683 431404 11476 1404 1172 419928 10072 5491 4436 4581 21749 5313 1055 7555 2567 418033 236111 207125 152784 54341 92605 28986 181922 871708 60179 889 718 59290 53589 181708 31679 150029 4827 1523 818 3304 2054 797 530 458 315 270 331937 123128 1250 886 58796 1836 217849 187688 14224 13679
cat_boundaries=0 1 2 3
cat_threshold=1 10 512
is_linear=0
shrinkage=0.05


Tree=118
num_leaves=63
num_cat=13
split_feature=16 2 20 38 23 20 38 38 38 18 29 7 23 38 38 39 23 47 32 22 21 38 7 30 38 38 32 39 59 28 25 59 8 25 16 27 30 47 23 20 18 28 7 5 38 18 9 46 18 8 18 46 21 38 5 46 25 38 8 38 9 8
split_gain=7.21826 7.49968 6.67643 6.70765 6.53499 19.736 14.2191 9.12269 6.39112 6.4017 5.59701 5.4106 6.50229 6.00896 5.25951 8.60181 7.0702 6.15375 7.52804 6.01069 5.78477 9.69566 5.65386 5.62408 6.99742 5.49248 5.46618 5.40686 5.18979 7.02563 5.17882 5.17255 5.07615 5.06775 5.04141 5.00717 5.45201 5.13462 4.9894 4.94791 4.83221 4.47848 5.78494 4.43374 4.59784 5.12109 4.40993 4.38442 6.43267 4.37329 4.35064 4.31809 4.22771 5.28388 4.34964 4.23546 4.37851 4.2269 4.16523 4.84213 4.62853 5.78821
threshold=1.5000000000000002 1.9856500029563906 13.500000000000002 0 1.5106008648872378 1.5000000000000002 1 2 3 154.50000000000003 1344.5000000000002 8.5000000000000018 2.5213018655776982 4 5 5.5000000000000009 1.3882721662521365 52.500000000000007 5.9199998378753671 79.535713195800795 165.50000000000003 6 19.500000000000004 1.0277500152587893 7 8 1.6050000190734866 1.5000000000000002 0.16333333402872088 8808.5000000000018 2.5000000000000004 0.45227272808551794 0.98292693495750438 1.5000000000000002 34.500000000000007 3.5000000000000004 1.0784999728202822 283.50000000000006 0.26688994467258459 6.5000000000000009 100.50000000000001 47582.500000000007 9.5000000000000018 14.912499427795412 9 51.500000000000007 45.500000000000007 22.507261276245121 128.50000000000003 0.75870183110237133 16.500000000000004 47.96226882934571 30.500000000000004 10 4.7265999317169198 37.941223144531257 1.5000000000000002 11 0.98252704739570629 12 41.500000000000007 0.97111517190933239
decision_type=2 10 2 9 8 2 9 9 9 8 2 10 10 9 9 2 10 2 2 10 10 9 8 2 9 9 2 2 2 2 10 2 8 10 2 10 2 2 10 2 8 2 10 8 9 10 10 10 10 8 10 10 8 9 8 10 10 9 10 9 8 8
left_child=2 14 4 -4 5 6 -1 -7 9 -6 -10 52 13 46 15 16 22 18 19 26 31 41 28 24 30 47 -16 57 -2 -30 -18 34 -33 38 58 -36 -37 -38 -5 51 -31 -22 -43 -3 -45 -46 -13 48 -21 -8 -28 -25 53 55 -54 -12 -57 -24 59 60 -19 -62
right_child=1 43 3 33 8 7 49 -9 10 -11 11 12 -14 -15 17 -17 23 20 -20 25 21 -23 27 39 -26 -27 50 -29 29 40 -32 32 -34 -35 35 36 37 -39 -40 -41 -42 42 -44 44 45 -47 -48 -49 -50 -51 -52 -53 54 -55 -56 56 -58 -59 -60 -61 61 -63
leaf_value=-0.0018025715266406545 -0.0037365431418166918 0.0034559699606631134 0.0067017021412508794 -0.013294517852732691 0.018846872537471176 5.421860197246933e-05 -0.060547642690668438 -0.0051225460787927097 -0.0048466165087356914 0.0025579342760253029 -0.029082265824032658 0.014007388327167445 -0.011234743926666398 -0.0070837898763140969 0.0074836422202089114 0.014063392633328753 0.04436018213235373 -0.021180596546323153 -0.026756139778784452 0.0093961969143216903 -0.017338754146078768 0.0027521504638433197 -0.0039514557406706025 -0.005253884834666241 0.001742129766820936 -0.006539839740448767 -0.024536055625746324 -0.0081574599775689205 -0.0014953691907610184 -0.069860538530443023 0.014646246773253213 0.0084403099104867329 0.0012238136605621126 -0.0027345790323612773 0.011398004850141806 0.00094490677547482771 -0.071662290628088959 0.00160424292728471 0.0051981891122860856 0.0067049315784799323 0.0020976828213264955 0.016301353286503065 -0.020790580650614253 0.020981562197309993 0.023487011926380821 -0.017138244801104058 -0.011093759724835865 0.0080738497635606792 0.034762667111017637 -0.027350579616270323 -0.001246960466040393 -0.037456491912943639 0.012757381382522567 0.012080397994909352 -0.00019554443417740529 -0.036763474231944926 0.017808041273058794 0.0098071177739504928 0.00094657222558046546 -0.0024952853909315999 0.017655636896257734 0.0014175083671179982
leaf_weight=96.029795046419167 352.27335873721313 164.03089430687032 470.50897923699813 38.68743205818464 67.306125672650523 1823.8964485346851 10.979847958266872 1591.4994030793259 816.39945599343173 520.31012744532018 15.600420813338131 91.379227631172398 223.44924717416143 112.1122688135074 221.80544820590876 166.28302501366488 15.508825365221126 19.410272379536764 17.786087132059038 50.715848051419016 168.19477469428966 170.13242997153793 71.359280308482994 46.899469186435454 157.41813581861788 35.406062634334376 21.145477419486269 78.780494891938361 13.585917410724507 8.9356127465543942 163.93385572943953 292.82711603341158 1430.8013916682994 781.69000345154836 164.32580379338469 74.345422252590652 4.3522395498584938 4.2451542372873519 455.78615850881033 73.391264085381408 2.9743816726841041 24.43443575501442 16.918773830868304 84.863896888877207 10.931927884885225 21.216132588720939 20.793959036673186 121.3885812756489 50.302285654703155 106.79651854153781 213.72935980182956 12.545746963500276 65.745955688649701 139.4699344218534 2236.4031981920016 3.7997464165091541 14.865497377584687 213.87574428160588 2060.4971110123897 3616.4307878517129 59.933627193378925 554.910338134222
leaf_count=13278 13402 6426 80569 3176 4090 273093 1566 349145 353609 142490 969 4675 15026 8166 2033 10010 73 1636 1090 720 10477 11681 18353 3039 9778 1770 685 16180 521 510 6251 5937 46768 84841 1423 1989 92 117 12160 2991 86 226 356 2096 780 1473 1801 1592 495 44454 3374 1080 7889 4109 270221 152 879 33671 105395 151328 3765 73519
internal_value=0 0.000748622 -0.00112008 0.00167848 -0.00173455 -0.00329898 -0.0180003 -0.00237367 -0.000422137 0.00437815 -0.00118584 -0.000166342 -0.00521804 0.000799489 0.00053783 0.00340969 0.00196514 0.000112565 0.00451073 0.00532538 -0.000259611 -0.00628624 -0.00107496 0.00675839 0.0101859 0.0114136 0.0018709 0.00336736 -0.00535313 -0.0267053 0.0165299 1.73967e-05 0.00245401 -0.000228015 -0.000623246 0.00636584 -0.00362086 -0.0390876 0.00372741 -0.00194451 -0.0531193 -0.0131108 0.000993408 0.0087973 0.0161922 -0.00232919 0.00854256 0.0139563 0.0222444 -0.0285274 -0.00343878 -0.0125574 0.000748936 0.00824696 0.00017975 -0.00832198 0.00539419 0.00656783 -0.00089804 -0.00179222 0.00221855 0.00302646
internal_weight=0 11052.8 9703.51 1746.67 7956.84 3629.2 213.806 3415.4 4327.64 587.616 3740.02 2923.62 447.735 224.285 10771.8 1377.77 1211.48 9394.04 732.279 714.493 8661.76 379.68 741.785 469.697 336.861 257.813 456.68 364.016 377.769 25.4959 179.443 8282.08 1723.63 1276.16 6558.45 247.269 82.9428 8.59739 494.474 132.836 11.91 209.548 41.3532 281.043 117.012 32.1481 112.173 222.407 101.018 117.776 234.875 59.4452 2475.88 173.736 2302.15 34.2657 18.6652 285.235 6311.18 4250.69 634.254 614.844
internal_count=2229546 553188 1676358 180746 1495612 681536 59298 622238 814076 146580 667496 313887 29668 14642 542413 115945 105935 426468 11759 10669 414709 22740 82723 23212 16102 4577 6092 68204 14519 1117 6324 391969 52705 100177 339264 3621 2198 209 15336 7110 596 11059 582 10775 4349 2253 6476 2807 1215 46020 4059 4119 284219 6109 278110 2000 1031 52024 335643 230248 78920 77284
cat_boundaries=0 2 4 6 8 10 12 14 16 18 20 22 24 26
cat_threshold=2417013396 974438144 3340930824 641799413 2292641288 1041800499 2149073315 4194462 29401092 437291264 671748261 604373957 3505432064 303053872 537395205 833 1345331712 302090272 2156950554 139135571 516 302514176 655520 261 93627146 3151888
is_linear=0
shrinkage=0.05


end of trees

feature_importances:
category_idx=1138
cat_overdue_ratio=622
cat_days_since=613
cat_freq_share=406
cust_avg_ticket=310
prefix_size=300
cust_n_products=271
cat_in_cart=271
cat_expected_days=257
cust_recency_days=254
dept_share_in_cart=254
hist_rank=214
typical_repurchase_days=199
cust_frequency=199
cat_due_rank=189
cat_n_purchase_days=140
cataff_conf_max=128
dept_n_in_cart=120
cat_freq_rank=114
aff_lift_max=113
sess_secs_since_view=113
aff_conf_sum=98
basket_dow=97
hist_n_baskets=96
cataff_lift_max=80
hist_units=72
hist_days_since=67
household_size_est=66
promo_discount=60
pop_score=58
prod_pop_all=55
als_score=38
is_on_promo=36
channel_idx=33
pop_rank=30
als_rank=26
prod_seasonal_index=25
sess_n_events_before=25
is_known_customer=24
unit_price=21
n_sources=20
prod_pop_recent=17
prod_month_rank=17
loyalty_idx=17
basket_month=14
sess_viewed=13
department_idx=11
aff_n_support=9
has_session=9
cat_due=8
src_hist=6
sess_n_views=3
is_perishable=2

parameters:
[boosting: gbdt]
[objective: lambdarank]
[metric: ndcg]
[tree_learner: serial]
[device_type: cpu]
[data_sample_strategy: bagging]
[data: ]
[valid: ]
[num_iterations: 800]
[learning_rate: 0.05]
[num_leaves: 63]
[num_threads: 0]
[seed: 42]
[deterministic: 1]
[force_col_wise: 0]
[force_row_wise: 1]
[histogram_pool_size: -1]
[max_depth: -1]
[min_data_in_leaf: 100]
[min_sum_hessian_in_leaf: 0.001]
[bagging_fraction: 0.85]
[pos_bagging_fraction: 1]
[neg_bagging_fraction: 1]
[bagging_freq: 1]
[bagging_seed: 400]
[feature_fraction: 0.85]
[feature_fraction_bynode: 1]
[feature_fraction_seed: 30056]
[extra_trees: 0]
[extra_seed: 12879]
[early_stopping_round: 0]
[early_stopping_min_delta: 0]
[first_metric_only: 0]
[max_delta_step: 0]
[lambda_l1: 0]
[lambda_l2: 1]
[linear_lambda: 0]
[min_gain_to_split: 0]
[drop_rate: 0.1]
[max_drop: 50]
[skip_drop: 0.5]
[xgboost_dart_mode: 0]
[uniform_drop: 0]
[drop_seed: 17869]
[top_rate: 0.2]
[other_rate: 0.1]
[min_data_per_group: 100]
[max_cat_threshold: 32]
[cat_l2: 10]
[cat_smooth: 10]
[max_cat_to_onehot: 4]
[top_k: 20]
[monotone_constraints: ]
[monotone_constraints_method: basic]
[monotone_penalty: 0]
[feature_contri: ]
[forcedsplits_filename: ]
[refit_decay_rate: 0.9]
[cegb_tradeoff: 1]
[cegb_penalty_split: 0]
[cegb_penalty_feature_lazy: ]
[cegb_penalty_feature_coupled: ]
[path_smooth: 0]
[interaction_constraints: ]
[verbosity: -1]
[saved_feature_importance_type: 0]
[use_quantized_grad: 0]
[num_grad_quant_bins: 4]
[quant_train_renew_leaf: 0]
[stochastic_rounding: 1]
[linear_tree: 0]
[max_bin: 255]
[max_bin_by_feature: ]
[min_data_in_bin: 3]
[bin_construct_sample_cnt: 200000]
[data_random_seed: 175]
[is_enable_sparse: 1]
[enable_bundle: 1]
[use_missing: 1]
[zero_as_missing: 0]
[feature_pre_filter: 1]
[pre_partition: 0]
[two_round: 0]
[header: 0]
[label_column: ]
[weight_column: ]
[group_column: ]
[ignore_column: ]
[categorical_feature: 37,38,40,41,42,49]
[forcedbins_filename: ]
[precise_float_parser: 0]
[parser_config_file: ]
[objective_seed: 16083]
[num_class: 1]
[is_unbalance: 0]
[scale_pos_weight: 1]
[sigmoid: 1]
[boost_from_average: 1]
[reg_sqrt: 0]
[alpha: 0.9]
[fair_c: 1]
[poisson_max_delta_step: 0.7]
[tweedie_variance_power: 1.5]
[lambdarank_truncation_level: 30]
[lambdarank_norm: 1]
[label_gain: 0,1,3]
[lambdarank_position_bias_regularization: 0]
[eval_at: 5]
[multi_error_top_k: 1]
[auc_mu_weights: ]
[num_machines: 1]
[local_listen_port: 12400]
[time_out: 120]
[machine_list_filename: ]
[machines: ]
[gpu_platform_id: -1]
[gpu_device_id: -1]
[gpu_use_dp: 0]
[num_gpu: 1]

end of parameters

pandas_categorical:[]
